{
  "type": "FeatureCollection",
  "features": [
    {
      "type": "Feature",
      "geometry": {
        "type": "Point",
        "coordinates": [
          144.50583613970392,
          43.71806130333155
        ]
      },
      "properties": {
        "id": "STR_MIDORI_STATION_BUILDING",
        "name": "緑駅 駅舎",
        "structure_type": "station_building",
        "width_m": 7.4,
        "depth_m": 6,
        "eave_height_m": 3.5,
        "porch_apex_height_m": 5,
        "canopy_depth_m": 2.75,
        "foundation_rise_m": 0.3,
        "porch_width_m": 3,
        "porch_depth_m": 1,
        "door_height_m": 2.16,
        "door_width_m": 1.6,
        "confidence": "B",
        "evidence_type": "contemporary_photo",
        "historical_status": "confirmed",
        "source_ids": [
          "SRC_PHOTO_20090520",
          "SRC_PHOTO_200907",
          "SRC_GE_20040520",
          "SRC_GE_20110526",
          "SRC_GE_20120630"
        ],
        "detail_confidence": {
          "position_orientation": "sourced from Spatial Index JP.01.546.MIDORI/STATION_BUILDING at runtime (Directive 10 AC08) — NOT this feature's own geometry field, which is a non-authoritative mirror only",
          "roof_shape_gable_triangular_porch": "A (contemporary_photo)",
          "roof_ridge_direction_east_west": "B (inference, spec v1.2 section 4.3 — newly defined this pass, corrects Directive 08's undefined/wrong assumption)",
          "dimensions_width_depth": "B (satellite_imagery + secondary_photo, container-scale method)",
          "eave_height_3.5m": "B (inference — corrected in v1.2 section 13 from the v1.1 figure of 2.8m, which had misread the ground reference line)",
          "ridge_height_4.5m": "B (inference — newly defined in v1.2; v1.1 left this undefined and Directive 08 invented a placeholder value)",
          "porch_apex_4.8m": "B (inference)",
          "porch_base_2.6m": "C (inference)",
          "foundation_rise": "C (inference)",
          "wall_color_material": "B (contemporary_photo)",
          "wall_coverage_all_four_sides": "B (contemporary_photo, spec v1.2 section 4.4 explicit)",
          "porch_gable_wall_color": "A (contemporary_photo)",
          "sign_moji": "A (contemporary_photo)",
          "vertical_boards_count_4": "B (secondary_photo, undated — only 2 confirmed in the 2009 photo)",
          "enamel_nameboard": "A (contemporary_photo)",
          "mural_continuous_band": "A (contemporary_photo, spec v1.2 section 4.8 explicit — continuous, not fragmentary)",
          "window_layout_vs_signboard_distinction": "A (configuration/count) / C-U (individual window dimensions) — spec v1.2 section 4.6 explicit that windows and signboards are different elements"
        },
        "note": "Directive 11 までは MIDORI_STATION_REALITY_SPEC_v1.2 §4.3 に従い「棟は正面と直交」で構築していたが、正面がほぼ正射投影で写った写真および斜め・ホーム側の写真により、実際には棟が正面と平行に走り、正面は水平な軒をもつ一枚の屋根面として見えること、妻面は左右の端に向くこと、正面の三角形は三角ポーチのみであることが確認できたため、写真に合わせて是正した。寸法は正面写真から実測し、写真と仕様が一致する唯一の値である軒高3.5mでスケールを合わせている。屋根色は旧写真では濃緑、2025年の動画では赤茶であり、塗り替えられている。本Worldの目標日2010-05-30に合わせ濃緑を採用。",
        "ridge_height_m": 4.5,
        "porch_base_height_m": 2.5,
        "roof_ridge_axis": "facade_parallel",
        "wall_thickness_m": 0.15,
        "interior_ceiling_height_m": 2.6
      }
    },
    {
      "type": "Feature",
      "geometry": {
        "type": "Polygon",
        "coordinates": [
          [
            [
              144.50612431399045,
              43.71763627914459
            ],
            [
              144.50571396811645,
              43.718089369380465
            ],
            [
              144.50575029208798,
              43.71810678644798
            ],
            [
              144.50616063796198,
              43.71765369621212
            ],
            [
              144.50612431399045,
              43.71763627914459
            ]
          ]
        ]
      },
      "properties": {
        "id": "STR_MIDORI_PLATFORM_1",
        "name": "緑駅 1番線ホーム（駅舎側）",
        "structure_type": "platform",
        "height_m": 0.8,
        "edge_width_m": 0.225,
        "edge_color": "teal",
        "length_m": 60,
        "confidence": "C",
        "evidence_type": "inference",
        "historical_status": "plausible",
        "source_ids": [
          "SRC_PHOTO_20090520",
          "SRC_WIKI_JA_MIDORI"
        ],
        "detail_confidence": {
          "existence_configuration_2platforms_staggered": "B (encyclopedia)",
          "height_0.75_0.85m": "C (inference — spec v1.1 downgraded from a JR-standard-value assumption)",
          "edge_color_teal": "A (contemporary_photo)",
          "surface_gravel": "B (contemporary_photo)",
          "length_20m": "U — drawing-convenience value only, not sourced; spec explicitly leaves platform length Unknown"
        },
        "note": "scripts/rebuild-station-yard.mjs による再構成 — 駅点を基準に線路方向へ展開した矩形。旧ポリゴンは駅舎と線路の双方に重なっていた。",
        "width_m": 3.5,
        "track_edge_index": 0
      }
    },
    {
      "type": "Feature",
      "geometry": {
        "type": "Polygon",
        "coordinates": [
          [
            [
              144.50600807728156,
              43.71758054452852
            ],
            [
              144.50559773140756,
              43.718033634764396
            ],
            [
              144.5056340553791,
              43.718051051831914
            ],
            [
              144.5060444012531,
              43.71759796159605
            ],
            [
              144.50600807728156,
              43.71758054452852
            ]
          ]
        ]
      },
      "properties": {
        "id": "STR_MIDORI_PLATFORM_2",
        "name": "緑駅 2番線ホーム（対向側）",
        "structure_type": "platform",
        "height_m": 0.8,
        "edge_width_m": 0.225,
        "edge_color": "teal",
        "length_m": 60,
        "confidence": "C",
        "evidence_type": "inference",
        "historical_status": "plausible",
        "source_ids": [
          "SRC_PHOTO_20090520",
          "SRC_WIKI_JA_MIDORI"
        ],
        "detail_confidence": {
          "existence_configuration_2platforms_staggered": "B (encyclopedia)",
          "height_0.75_0.85m": "C (inference)",
          "edge_color_teal": "A (contemporary_photo, applies to the surveyed platform; assumed to also apply here)",
          "surface_gravel": "B (contemporary_photo)",
          "length_20m": "U — drawing-convenience value only, not sourced"
        },
        "note": "scripts/rebuild-station-yard.mjs による再構成 — 相対式2面2線の対向ホーム。旧ポリゴンは線路と重なっていた。",
        "width_m": 3.5,
        "track_edge_index": 2
      }
    },
    {
      "type": "Feature",
      "geometry": {
        "type": "Polygon",
        "coordinates": [
          [
            [
              144.50562037718328,
              43.718066154839775
            ],
            [
              144.50559985988957,
              43.71808880935157
            ],
            [
              144.50567977262696,
              43.71812712690012
            ],
            [
              144.50570028992064,
              43.718104472388326
            ],
            [
              144.50562037718328,
              43.718066154839775
            ]
          ]
        ]
      },
      "properties": {
        "id": "STR_MIDORI_LEVEL_CROSSING",
        "name": "緑駅 構内踏切",
        "structure_type": "level_crossing",
        "height_m": 0.05,
        "confidence": "B",
        "evidence_type": "contemporary_photo",
        "historical_status": "confirmed",
        "source_ids": [
          "SRC_PHOTO_20090520",
          "SRC_WIKI_JA_MIDORI"
        ],
        "note": "scripts/rebuild-station-yard.mjs による再構成 — ホーム端から副本線を越えるまでの板張り。写真013/014。"
      }
    },
    {
      "type": "Feature",
      "geometry": {
        "type": "Polygon",
        "coordinates": [
          [
            [
              144.50596632182547,
              43.71795043187867
            ],
            [
              144.50592528723809,
              43.71799574090225
            ],
            [
              144.50595123293203,
              43.71800818166477
            ],
            [
              144.50599226751942,
              43.71796287264119
            ],
            [
              144.50596632182547,
              43.71795043187867
            ]
          ]
        ]
      },
      "properties": {
        "id": "STR_MIDORI_RAIL_CONTAINER",
        "name": "緑駅 鉄道コンテナ",
        "structure_type": "container",
        "height_m": 2.4,
        "confidence": "C",
        "evidence_type": "inference",
        "historical_status": "plausible",
        "source_ids": [
          "SRC_PHOTO_20090520"
        ],
        "note": "scripts/rebuild-station-yard.mjs による再構成 — 写真032が広場の脇に置いているのに合わせた位置。形式・寸法は依然として不明(12ft級と推定)。"
      }
    },
    {
      "type": "Feature",
      "geometry": {
        "type": "Polygon",
        "coordinates": [
          [
            [
              144.50595618280937,
              43.71797806269547
            ],
            [
              144.50577836626397,
              43.718174401797675
            ],
            [
              144.50595479698282,
              43.71825899898278
            ],
            [
              144.50613261352822,
              43.71806265988057
            ],
            [
              144.50595618280937,
              43.71797806269547
            ]
          ]
        ]
      },
      "properties": {
        "id": "STR_MIDORI_PLAZA_PAVEMENT",
        "name": "緑駅前広場 緑色舗装",
        "structure_type": "plaza_pavement",
        "height_m": 0.04,
        "confidence": "C",
        "evidence_type": "inference",
        "historical_status": "plausible",
        "source_ids": [
          "SRC_PHOTO_20090520"
        ],
        "note": "scripts/rebuild-station-yard.mjs による再構成 — 駅舎正面に接する矩形。緑色塗装であることは写真によりA、この形状と範囲はC。"
      }
    },
    {
      "type": "Feature",
      "geometry": {
        "type": "Polygon",
        "coordinates": [
          [
            [
              144.5026927,
              43.720452
            ],
            [
              144.50276,
              43.7204588
            ],
            [
              144.5027668,
              43.7204239
            ],
            [
              144.5026995,
              43.7204171
            ],
            [
              144.5026927,
              43.720452
            ]
          ]
        ]
      },
      "properties": {
        "id": "BLDG_OSM_629137331",
        "name": null,
        "structure_type": "town_building",
        "osm_building": "yes",
        "area_m2": 21,
        "eave_height_m": 2.2,
        "ridge_height_m": 3.1,
        "roof_colour": "#2f5a7a",
        "roof_shape": "gable",
        "confidence": "B",
        "evidence_type": "public_gis",
        "historical_status": "plausible",
        "source_ids": [
          "SRC_OSM_OVERPASS"
        ],
        "detail_confidence": {
          "footprint": "B (public_gis — OSM way 629137331)",
          "eave_ridge_height": "C (inference — banded from footprint area; OSM carries no height here)",
          "roof_colour": "C (inference — palette from photograph 003, assigned by a hash of the OSM id)",
          "roof_shape": "C (inference — a gable along the footprint's long axis)"
        },
        "note": "scripts/import-osm-town.mjs による取り込み。外形はOSM(public_gis)だが、高さ・屋根形状・屋根色はOSMに情報がないため推定であり、detail_confidence に C として記録している。"
      }
    },
    {
      "type": "Feature",
      "geometry": {
        "type": "Polygon",
        "coordinates": [
          [
            [
              144.5026243,
              43.7203141
            ],
            [
              144.5026179,
              43.7203312
            ],
            [
              144.5026727,
              43.7203418
            ],
            [
              144.502679,
              43.7203247
            ],
            [
              144.5026959,
              43.720328
            ],
            [
              144.5027074,
              43.7202971
            ],
            [
              144.5026905,
              43.7202938
            ],
            [
              144.5026964,
              43.7202779
            ],
            [
              144.5026417,
              43.7202673
            ],
            [
              144.5026358,
              43.7202832
            ],
            [
              144.5025657,
              43.7202696
            ],
            [
              144.5025542,
              43.7203005
            ],
            [
              144.5026243,
              43.7203141
            ]
          ]
        ]
      },
      "properties": {
        "id": "BLDG_OSM_629137332",
        "name": "緑神社",
        "structure_type": "town_building",
        "osm_building": "yes",
        "area_m2": 59,
        "eave_height_m": 2.6,
        "ridge_height_m": 4,
        "roof_colour": "#2f6146",
        "roof_shape": "flat",
        "confidence": "B",
        "evidence_type": "public_gis",
        "historical_status": "plausible",
        "source_ids": [
          "SRC_OSM_OVERPASS"
        ],
        "detail_confidence": {
          "footprint": "B (public_gis — OSM way 629137332)",
          "eave_ridge_height": "C (inference — banded from footprint area; OSM carries no height here)",
          "roof_colour": "C (inference — palette from photograph 003, assigned by a hash of the OSM id)",
          "roof_shape": "C (inference — a gable along the footprint's long axis)"
        },
        "note": "scripts/import-osm-town.mjs による取り込み。外形はOSM(public_gis)だが、高さ・屋根形状・屋根色はOSMに情報がないため推定であり、detail_confidence に C として記録している。"
      }
    },
    {
      "type": "Feature",
      "geometry": {
        "type": "Polygon",
        "coordinates": [
          [
            [
              144.5082211,
              43.7183823
            ],
            [
              144.5081996,
              43.718561
            ],
            [
              144.5083027,
              43.7185673
            ],
            [
              144.5083076,
              43.718526
            ],
            [
              144.5083929,
              43.7185312
            ],
            [
              144.5084088,
              43.7183938
            ],
            [
              144.5082211,
              43.7183823
            ]
          ]
        ]
      },
      "properties": {
        "id": "STR_MIDORI_CENTRE",
        "name": "緑センター",
        "structure_type": "community_centre",
        "osm_building": "yes",
        "area_m2": 270,
        "eave_height_m": 3.8,
        "ridge_height_m": 5.8,
        "roof_colour": "#2f6146",
        "roof_shape": "gable",
        "confidence": "B",
        "evidence_type": "public_gis",
        "historical_status": "plausible",
        "source_ids": [
          "SRC_OSM_OVERPASS"
        ],
        "detail_confidence": {
          "footprint": "B (public_gis — OSM way 629137333)",
          "eave_ridge_height": "C (inference — banded from footprint area; OSM carries no height here)",
          "roof_colour": "C (inference — palette from photograph 003, assigned by a hash of the OSM id)",
          "roof_shape": "C (inference — a gable along the footprint's long axis)"
        },
        "note": "scripts/import-osm-town.mjs による取り込み。外形はOSM(public_gis)だが、高さ・屋根形状・屋根色はOSMに情報がないため推定であり、detail_confidence に C として記録している。"
      }
    },
    {
      "type": "Feature",
      "geometry": {
        "type": "Polygon",
        "coordinates": [
          [
            [
              144.5081896,
              43.7183806
            ],
            [
              144.5082211,
              43.7183823
            ],
            [
              144.5084088,
              43.7183938
            ],
            [
              144.508435,
              43.7183956
            ],
            [
              144.5084605,
              43.718178
            ],
            [
              144.508215,
              43.718163
            ],
            [
              144.5081896,
              43.7183806
            ]
          ]
        ]
      },
      "properties": {
        "id": "BLDG_OSM_629137334",
        "name": null,
        "structure_type": "town_building",
        "osm_building": "yes",
        "area_m2": 478,
        "eave_height_m": 4.4,
        "ridge_height_m": 7.2,
        "roof_colour": "#2f5a7a",
        "roof_shape": "gable",
        "confidence": "B",
        "evidence_type": "public_gis",
        "historical_status": "plausible",
        "source_ids": [
          "SRC_OSM_OVERPASS"
        ],
        "detail_confidence": {
          "footprint": "B (public_gis — OSM way 629137334)",
          "eave_ridge_height": "C (inference — banded from footprint area; OSM carries no height here)",
          "roof_colour": "C (inference — palette from photograph 003, assigned by a hash of the OSM id)",
          "roof_shape": "C (inference — a gable along the footprint's long axis)"
        },
        "note": "scripts/import-osm-town.mjs による取り込み。外形はOSM(public_gis)だが、高さ・屋根形状・屋根色はOSMに情報がないため推定であり、detail_confidence に C として記録している。"
      }
    },
    {
      "type": "Feature",
      "geometry": {
        "type": "Polygon",
        "coordinates": [
          [
            [
              144.5078135,
              43.7197573
            ],
            [
              144.5079193,
              43.7197591
            ],
            [
              144.5079216,
              43.7196868
            ],
            [
              144.5078158,
              43.719685
            ],
            [
              144.5078135,
              43.7197573
            ]
          ]
        ]
      },
      "properties": {
        "id": "BLDG_OSM_629137335",
        "name": null,
        "structure_type": "town_building",
        "osm_building": "yes",
        "area_m2": 68,
        "eave_height_m": 2.6,
        "ridge_height_m": 4,
        "roof_colour": "#2f6146",
        "roof_shape": "gable",
        "confidence": "B",
        "evidence_type": "public_gis",
        "historical_status": "plausible",
        "source_ids": [
          "SRC_OSM_OVERPASS"
        ],
        "detail_confidence": {
          "footprint": "B (public_gis — OSM way 629137335)",
          "eave_ridge_height": "C (inference — banded from footprint area; OSM carries no height here)",
          "roof_colour": "C (inference — palette from photograph 003, assigned by a hash of the OSM id)",
          "roof_shape": "C (inference — a gable along the footprint's long axis)"
        },
        "note": "scripts/import-osm-town.mjs による取り込み。外形はOSM(public_gis)だが、高さ・屋根形状・屋根色はOSMに情報がないため推定であり、detail_confidence に C として記録している。"
      }
    },
    {
      "type": "Feature",
      "geometry": {
        "type": "Polygon",
        "coordinates": [
          [
            [
              144.5077249,
              43.7197542
            ],
            [
              144.5077945,
              43.7197553
            ],
            [
              144.5077955,
              43.7197208
            ],
            [
              144.5077259,
              43.7197197
            ],
            [
              144.5077249,
              43.7197542
            ]
          ]
        ]
      },
      "properties": {
        "id": "STR_MIDORI_POLICE_BOX",
        "name": "斜里警察署緑駐在所",
        "structure_type": "police_box",
        "osm_building": "yes",
        "area_m2": 21,
        "eave_height_m": 2.9,
        "ridge_height_m": 4.3,
        "roof_colour": "#6b6f74",
        "roof_shape": "gable",
        "confidence": "B",
        "evidence_type": "public_gis",
        "historical_status": "plausible",
        "source_ids": [
          "SRC_OSM_OVERPASS"
        ],
        "detail_confidence": {
          "footprint": "B (public_gis — OSM way 629137336)",
          "eave_ridge_height": "C (inference — banded from footprint area; OSM carries no height here)",
          "roof_colour": "C (inference — palette from photograph 003, assigned by a hash of the OSM id)",
          "roof_shape": "C (inference — a gable along the footprint's long axis)"
        },
        "note": "scripts/import-osm-town.mjs による取り込み。外形はOSM(public_gis)だが、高さ・屋根形状・屋根色はOSMに情報がないため推定であり、detail_confidence に C として記録している。"
      }
    },
    {
      "type": "Feature",
      "geometry": {
        "type": "Polygon",
        "coordinates": [
          [
            [
              144.5073956,
              43.7190765
            ],
            [
              144.507388,
              43.7191442
            ],
            [
              144.507569,
              43.7191549
            ],
            [
              144.5075767,
              43.7190872
            ],
            [
              144.5073956,
              43.7190765
            ]
          ]
        ]
      },
      "properties": {
        "id": "STR_MIDORI_POST_OFFICE",
        "name": "緑郵便局",
        "structure_type": "post_office",
        "osm_building": "yes",
        "area_m2": 110,
        "eave_height_m": 3.2,
        "ridge_height_m": 4.6,
        "roof_colour": "#6b6f74",
        "roof_shape": "gable",
        "confidence": "B",
        "evidence_type": "public_gis",
        "historical_status": "plausible",
        "source_ids": [
          "SRC_OSM_OVERPASS"
        ],
        "detail_confidence": {
          "footprint": "B (public_gis — OSM way 629137337)",
          "eave_ridge_height": "C (inference — banded from footprint area; OSM carries no height here)",
          "roof_colour": "C (inference — palette from photograph 003, assigned by a hash of the OSM id)",
          "roof_shape": "C (inference — a gable along the footprint's long axis)"
        },
        "note": "scripts/import-osm-town.mjs による取り込み。外形はOSM(public_gis)だが、高さ・屋根形状・屋根色はOSMに情報がないため推定であり、detail_confidence に C として記録している。"
      }
    },
    {
      "type": "Feature",
      "geometry": {
        "type": "Polygon",
        "coordinates": [
          [
            [
              144.5059338,
              43.7199828
            ],
            [
              144.5059566,
              43.7198141
            ],
            [
              144.5056862,
              43.7197951
            ],
            [
              144.505679,
              43.7198481
            ],
            [
              144.5055014,
              43.7198355
            ],
            [
              144.5054857,
              43.7199512
            ],
            [
              144.5059338,
              43.7199828
            ]
          ]
        ]
      },
      "properties": {
        "id": "STR_MIDORI_ONSEN",
        "name": "緑の湯",
        "structure_type": "bathhouse",
        "osm_building": "yes",
        "area_m2": 594,
        "eave_height_m": 3.4,
        "ridge_height_m": 5.6,
        "roof_colour": "#8c3a32",
        "roof_shape": "gable",
        "confidence": "B",
        "evidence_type": "public_gis",
        "historical_status": "plausible",
        "source_ids": [
          "SRC_OSM_OVERPASS"
        ],
        "detail_confidence": {
          "footprint": "B (public_gis — OSM way 629137341)",
          "eave_ridge_height": "C (inference — banded from footprint area; OSM carries no height here)",
          "roof_colour": "C (inference — palette from photograph 003, assigned by a hash of the OSM id)",
          "roof_shape": "C (inference — a gable along the footprint's long axis)"
        },
        "note": "scripts/import-osm-town.mjs による取り込み。外形はOSM(public_gis)だが、高さ・屋根形状・屋根色はOSMに情報がないため推定であり、detail_confidence に C として記録している。"
      }
    },
    {
      "type": "Feature",
      "geometry": {
        "type": "Polygon",
        "coordinates": [
          [
            [
              144.5096165,
              43.7236285
            ],
            [
              144.5095668,
              43.7236364
            ],
            [
              144.5095937,
              43.7237249
            ],
            [
              144.5096769,
              43.7237118
            ],
            [
              144.50965,
              43.7236232
            ],
            [
              144.5096441,
              43.7236241
            ],
            [
              144.5096244,
              43.723559
            ],
            [
              144.5096249,
              43.7235589
            ],
            [
              144.5095924,
              43.7234516
            ],
            [
              144.509041,
              43.723539
            ],
            [
              144.5090345,
              43.7235175
            ],
            [
              144.5089549,
              43.7235302
            ],
            [
              144.5089614,
              43.7235516
            ],
            [
              144.5086116,
              43.723607
            ],
            [
              144.5086442,
              43.7237143
            ],
            [
              144.5092061,
              43.7236253
            ],
            [
              144.5092631,
              43.7238132
            ],
            [
              144.5090577,
              43.7238457
            ],
            [
              144.5091122,
              43.7240254
            ],
            [
              144.5095038,
              43.7239634
            ],
            [
              144.5094494,
              43.7237837
            ],
            [
              144.5093135,
              43.7238052
            ],
            [
              144.5092914,
              43.7237323
            ],
            [
              144.5093662,
              43.7237204
            ],
            [
              144.5093496,
              43.7236658
            ],
            [
              144.5092748,
              43.7236777
            ],
            [
              144.5092565,
              43.7236173
            ],
            [
              144.5095968,
              43.7235634
            ],
            [
              144.5096165,
              43.7236285
            ]
          ]
        ]
      },
      "properties": {
        "id": "STR_MIDORI_SCHOOL",
        "name": "緑町小学校",
        "structure_type": "school",
        "osm_building": "school",
        "area_m2": 1865,
        "eave_height_m": 6.4,
        "ridge_height_m": 8.6,
        "roof_colour": "#2f5a7a",
        "roof_shape": "flat",
        "confidence": "B",
        "evidence_type": "public_gis",
        "historical_status": "plausible",
        "source_ids": [
          "SRC_OSM_OVERPASS"
        ],
        "detail_confidence": {
          "footprint": "B (public_gis — OSM way 629137345)",
          "eave_ridge_height": "C (inference — banded from footprint area; OSM carries no height here)",
          "roof_colour": "C (inference — palette from photograph 003, assigned by a hash of the OSM id)",
          "roof_shape": "C (inference — a gable along the footprint's long axis)"
        },
        "note": "scripts/import-osm-town.mjs による取り込み。外形はOSM(public_gis)だが、高さ・屋根形状・屋根色はOSMに情報がないため推定であり、detail_confidence に C として記録している。"
      }
    },
    {
      "type": "Feature",
      "geometry": {
        "type": "Polygon",
        "coordinates": [
          [
            [
              144.5097278,
              43.7233576
            ],
            [
              144.5097943,
              43.7233471
            ],
            [
              144.5097761,
              43.7232869
            ],
            [
              144.5097095,
              43.7232974
            ],
            [
              144.5097278,
              43.7233576
            ]
          ]
        ]
      },
      "properties": {
        "id": "BLDG_OSM_629137346",
        "name": null,
        "structure_type": "town_building",
        "osm_building": "yes",
        "area_m2": 37,
        "eave_height_m": 2.6,
        "ridge_height_m": 4,
        "roof_colour": "#6b6f74",
        "roof_shape": "gable",
        "confidence": "B",
        "evidence_type": "public_gis",
        "historical_status": "plausible",
        "source_ids": [
          "SRC_OSM_OVERPASS"
        ],
        "detail_confidence": {
          "footprint": "B (public_gis — OSM way 629137346)",
          "eave_ridge_height": "C (inference — banded from footprint area; OSM carries no height here)",
          "roof_colour": "C (inference — palette from photograph 003, assigned by a hash of the OSM id)",
          "roof_shape": "C (inference — a gable along the footprint's long axis)"
        },
        "note": "scripts/import-osm-town.mjs による取り込み。外形はOSM(public_gis)だが、高さ・屋根形状・屋根色はOSMに情報がないため推定であり、detail_confidence に C として記録している。"
      }
    },
    {
      "type": "Feature",
      "geometry": {
        "type": "Polygon",
        "coordinates": [
          [
            [
              144.5088118,
              43.7237812
            ],
            [
              144.5089337,
              43.7237619
            ],
            [
              144.5089205,
              43.7237182
            ],
            [
              144.5087986,
              43.7237375
            ],
            [
              144.5088118,
              43.7237812
            ]
          ]
        ]
      },
      "properties": {
        "id": "BLDG_OSM_629137347",
        "name": null,
        "structure_type": "town_building",
        "osm_building": "yes",
        "area_m2": 50,
        "eave_height_m": 2.6,
        "ridge_height_m": 4,
        "roof_colour": "#2f6146",
        "roof_shape": "gable",
        "confidence": "B",
        "evidence_type": "public_gis",
        "historical_status": "plausible",
        "source_ids": [
          "SRC_OSM_OVERPASS"
        ],
        "detail_confidence": {
          "footprint": "B (public_gis — OSM way 629137347)",
          "eave_ridge_height": "C (inference — banded from footprint area; OSM carries no height here)",
          "roof_colour": "C (inference — palette from photograph 003, assigned by a hash of the OSM id)",
          "roof_shape": "C (inference — a gable along the footprint's long axis)"
        },
        "note": "scripts/import-osm-town.mjs による取り込み。外形はOSM(public_gis)だが、高さ・屋根形状・屋根色はOSMに情報がないため推定であり、detail_confidence に C として記録している。"
      }
    },
    {
      "type": "Feature",
      "geometry": {
        "type": "Polygon",
        "coordinates": [
          [
            [
              144.5088977,
              43.7240709
            ],
            [
              144.509017,
              43.724052
            ],
            [
              144.5089325,
              43.7237734
            ],
            [
              144.5088132,
              43.7237923
            ],
            [
              144.5088977,
              43.7240709
            ]
          ]
        ]
      },
      "properties": {
        "id": "BLDG_OSM_629137348",
        "name": null,
        "structure_type": "town_building",
        "osm_building": "yes",
        "area_m2": 310,
        "eave_height_m": 3.6,
        "ridge_height_m": 6,
        "roof_colour": "#6b6f74",
        "roof_shape": "gable",
        "confidence": "B",
        "evidence_type": "public_gis",
        "historical_status": "plausible",
        "source_ids": [
          "SRC_OSM_OVERPASS"
        ],
        "detail_confidence": {
          "footprint": "B (public_gis — OSM way 629137348)",
          "eave_ridge_height": "C (inference — banded from footprint area; OSM carries no height here)",
          "roof_colour": "C (inference — palette from photograph 003, assigned by a hash of the OSM id)",
          "roof_shape": "C (inference — a gable along the footprint's long axis)"
        },
        "note": "scripts/import-osm-town.mjs による取り込み。外形はOSM(public_gis)だが、高さ・屋根形状・屋根色はOSMに情報がないため推定であり、detail_confidence に C として記録している。"
      }
    },
    {
      "type": "Feature",
      "geometry": {
        "type": "Polygon",
        "coordinates": [
          [
            [
              144.5098713,
              43.7238083
            ],
            [
              144.5099717,
              43.7237924
            ],
            [
              144.5099451,
              43.7237046
            ],
            [
              144.5098447,
              43.7237205
            ],
            [
              144.5098713,
              43.7238083
            ]
          ]
        ]
      },
      "properties": {
        "id": "BLDG_OSM_629137349",
        "name": null,
        "structure_type": "town_building",
        "osm_building": "yes",
        "area_m2": 82,
        "eave_height_m": 3,
        "ridge_height_m": 5,
        "roof_colour": "#2f6146",
        "roof_shape": "gable",
        "confidence": "B",
        "evidence_type": "public_gis",
        "historical_status": "plausible",
        "source_ids": [
          "SRC_OSM_OVERPASS"
        ],
        "detail_confidence": {
          "footprint": "B (public_gis — OSM way 629137349)",
          "eave_ridge_height": "C (inference — banded from footprint area; OSM carries no height here)",
          "roof_colour": "C (inference — palette from photograph 003, assigned by a hash of the OSM id)",
          "roof_shape": "C (inference — a gable along the footprint's long axis)"
        },
        "note": "scripts/import-osm-town.mjs による取り込み。外形はOSM(public_gis)だが、高さ・屋根形状・屋根色はOSMに情報がないため推定であり、detail_confidence に C として記録している。"
      }
    },
    {
      "type": "Feature",
      "geometry": {
        "type": "Polygon",
        "coordinates": [
          [
            [
              144.5053799,
              43.7190193
            ],
            [
              144.5054255,
              43.7190397
            ],
            [
              144.505456,
              43.719004
            ],
            [
              144.5054104,
              43.7189837
            ],
            [
              144.5053799,
              43.7190193
            ]
          ]
        ]
      },
      "properties": {
        "id": "BLDG_OSM_629137354",
        "name": null,
        "structure_type": "town_building",
        "osm_building": "roof",
        "area_m2": 20,
        "eave_height_m": 2.2,
        "ridge_height_m": 3.1,
        "roof_colour": "#6b6f74",
        "roof_shape": "gable",
        "confidence": "B",
        "evidence_type": "public_gis",
        "historical_status": "plausible",
        "source_ids": [
          "SRC_OSM_OVERPASS"
        ],
        "detail_confidence": {
          "footprint": "B (public_gis — OSM way 629137354)",
          "eave_ridge_height": "C (inference — banded from footprint area; OSM carries no height here)",
          "roof_colour": "C (inference — palette from photograph 003, assigned by a hash of the OSM id)",
          "roof_shape": "C (inference — a gable along the footprint's long axis)"
        },
        "note": "scripts/import-osm-town.mjs による取り込み。外形はOSM(public_gis)だが、高さ・屋根形状・屋根色はOSMに情報がないため推定であり、detail_confidence に C として記録している。"
      }
    },
    {
      "type": "Feature",
      "geometry": {
        "type": "Polygon",
        "coordinates": [
          [
            [
              144.5058279,
              43.7183253
            ],
            [
              144.5059164,
              43.718368
            ],
            [
              144.505957,
              43.7183239
            ],
            [
              144.5058685,
              43.7182813
            ],
            [
              144.5058279,
              43.7183253
            ]
          ]
        ]
      },
      "properties": {
        "id": "BLDG_OSM_629137355",
        "name": null,
        "structure_type": "town_building",
        "osm_building": "yes",
        "area_m2": 50,
        "eave_height_m": 2.6,
        "ridge_height_m": 4,
        "roof_colour": "#8a6a3a",
        "roof_shape": "gable",
        "confidence": "B",
        "evidence_type": "public_gis",
        "historical_status": "plausible",
        "source_ids": [
          "SRC_OSM_OVERPASS"
        ],
        "detail_confidence": {
          "footprint": "B (public_gis — OSM way 629137355)",
          "eave_ridge_height": "C (inference — banded from footprint area; OSM carries no height here)",
          "roof_colour": "C (inference — palette from photograph 003, assigned by a hash of the OSM id)",
          "roof_shape": "C (inference — a gable along the footprint's long axis)"
        },
        "note": "scripts/import-osm-town.mjs による取り込み。外形はOSM(public_gis)だが、高さ・屋根形状・屋根色はOSMに情報がないため推定であり、detail_confidence に C として記録している。"
      }
    },
    {
      "type": "Feature",
      "geometry": {
        "type": "Polygon",
        "coordinates": [
          [
            [
              144.5055328,
              43.718399
            ],
            [
              144.5056035,
              43.7184333
            ],
            [
              144.5056358,
              43.7183985
            ],
            [
              144.5056692,
              43.7183625
            ],
            [
              144.5055985,
              43.7183283
            ],
            [
              144.5055645,
              43.7183648
            ],
            [
              144.5055328,
              43.718399
            ]
          ]
        ]
      },
      "properties": {
        "id": "BLDG_OSM_629137359",
        "name": null,
        "structure_type": "town_building",
        "osm_building": "train_station",
        "area_m2": 65,
        "eave_height_m": 2.6,
        "ridge_height_m": 4,
        "roof_colour": "#6b6f74",
        "roof_shape": "gable",
        "confidence": "B",
        "evidence_type": "public_gis",
        "historical_status": "plausible",
        "source_ids": [
          "SRC_OSM_OVERPASS"
        ],
        "detail_confidence": {
          "footprint": "B (public_gis — OSM way 629137359)",
          "eave_ridge_height": "C (inference — banded from footprint area; OSM carries no height here)",
          "roof_colour": "C (inference — palette from photograph 003, assigned by a hash of the OSM id)",
          "roof_shape": "C (inference — a gable along the footprint's long axis)"
        },
        "note": "scripts/import-osm-town.mjs による取り込み。外形はOSM(public_gis)だが、高さ・屋根形状・屋根色はOSMに情報がないため推定であり、detail_confidence に C として記録している。"
      }
    },
    {
      "type": "Feature",
      "geometry": {
        "type": "Polygon",
        "coordinates": [
          [
            [
              144.5063348,
              43.7198122
            ],
            [
              144.5063722,
              43.7198145
            ],
            [
              144.5063802,
              43.7197472
            ],
            [
              144.5063429,
              43.7197448
            ],
            [
              144.5063348,
              43.7198122
            ]
          ]
        ]
      },
      "properties": {
        "id": "BLDG_OSM_648729122",
        "name": null,
        "structure_type": "town_building",
        "osm_building": "yes",
        "area_m2": 23,
        "eave_height_m": 2.2,
        "ridge_height_m": 3.1,
        "roof_colour": "#6b6f74",
        "roof_shape": "gable",
        "confidence": "B",
        "evidence_type": "public_gis",
        "historical_status": "plausible",
        "source_ids": [
          "SRC_OSM_OVERPASS"
        ],
        "detail_confidence": {
          "footprint": "B (public_gis — OSM way 648729122)",
          "eave_ridge_height": "C (inference — banded from footprint area; OSM carries no height here)",
          "roof_colour": "C (inference — palette from photograph 003, assigned by a hash of the OSM id)",
          "roof_shape": "C (inference — a gable along the footprint's long axis)"
        },
        "note": "scripts/import-osm-town.mjs による取り込み。外形はOSM(public_gis)だが、高さ・屋根形状・屋根色はOSMに情報がないため推定であり、detail_confidence に C として記録している。"
      }
    },
    {
      "type": "Feature",
      "geometry": {
        "type": "Polygon",
        "coordinates": [
          [
            [
              144.5065702,
              43.7198403
            ],
            [
              144.5066828,
              43.7198452
            ],
            [
              144.5066848,
              43.7198211
            ],
            [
              144.5065722,
              43.7198162
            ],
            [
              144.5065702,
              43.7198403
            ]
          ]
        ]
      },
      "properties": {
        "id": "BLDG_OSM_648729123",
        "name": null,
        "structure_type": "town_building",
        "osm_building": "yes",
        "area_m2": 24,
        "eave_height_m": 2.2,
        "ridge_height_m": 3.1,
        "roof_colour": "#2f6146",
        "roof_shape": "gable",
        "confidence": "B",
        "evidence_type": "public_gis",
        "historical_status": "plausible",
        "source_ids": [
          "SRC_OSM_OVERPASS"
        ],
        "detail_confidence": {
          "footprint": "B (public_gis — OSM way 648729123)",
          "eave_ridge_height": "C (inference — banded from footprint area; OSM carries no height here)",
          "roof_colour": "C (inference — palette from photograph 003, assigned by a hash of the OSM id)",
          "roof_shape": "C (inference — a gable along the footprint's long axis)"
        },
        "note": "scripts/import-osm-town.mjs による取り込み。外形はOSM(public_gis)だが、高さ・屋根形状・屋根色はOSMに情報がないため推定であり、detail_confidence に C として記録している。"
      }
    },
    {
      "type": "Feature",
      "geometry": {
        "type": "Polygon",
        "coordinates": [
          [
            [
              144.5082526,
              43.7189118
            ],
            [
              144.5083568,
              43.7189148
            ],
            [
              144.5083621,
              43.7188188
            ],
            [
              144.508258,
              43.7188158
            ],
            [
              144.5082526,
              43.7189118
            ]
          ]
        ]
      },
      "properties": {
        "id": "STR_MIDORI_FIRE_STATION",
        "name": "第3分団消防庁舎",
        "structure_type": "fire_station",
        "osm_building": "yes",
        "area_m2": 89,
        "eave_height_m": 4.2,
        "ridge_height_m": 6,
        "roof_colour": "#8c3a32",
        "roof_shape": "gable",
        "confidence": "B",
        "evidence_type": "public_gis",
        "historical_status": "plausible",
        "source_ids": [
          "SRC_OSM_OVERPASS"
        ],
        "detail_confidence": {
          "footprint": "B (public_gis — OSM way 648729124)",
          "eave_ridge_height": "C (inference — banded from footprint area; OSM carries no height here)",
          "roof_colour": "C (inference — palette from photograph 003, assigned by a hash of the OSM id)",
          "roof_shape": "C (inference — a gable along the footprint's long axis)"
        },
        "note": "scripts/import-osm-town.mjs による取り込み。外形はOSM(public_gis)だが、高さ・屋根形状・屋根色はOSMに情報がないため推定であり、detail_confidence に C として記録している。"
      }
    },
    {
      "type": "Feature",
      "geometry": {
        "type": "Polygon",
        "coordinates": [
          [
            [
              144.5056971,
              43.7182274
            ],
            [
              144.5057534,
              43.718256
            ],
            [
              144.5057744,
              43.7182345
            ],
            [
              144.505718,
              43.7182059
            ],
            [
              144.5056971,
              43.7182274
            ]
          ]
        ]
      },
      "properties": {
        "id": "BLDG_OSM_648729125",
        "name": null,
        "structure_type": "town_building",
        "osm_building": "yes",
        "area_m2": 16,
        "eave_height_m": 2.2,
        "ridge_height_m": 3.1,
        "roof_colour": "#8c3a32",
        "roof_shape": "gable",
        "confidence": "B",
        "evidence_type": "public_gis",
        "historical_status": "plausible",
        "source_ids": [
          "SRC_OSM_OVERPASS"
        ],
        "detail_confidence": {
          "footprint": "B (public_gis — OSM way 648729125)",
          "eave_ridge_height": "C (inference — banded from footprint area; OSM carries no height here)",
          "roof_colour": "C (inference — palette from photograph 003, assigned by a hash of the OSM id)",
          "roof_shape": "C (inference — a gable along the footprint's long axis)"
        },
        "note": "scripts/import-osm-town.mjs による取り込み。外形はOSM(public_gis)だが、高さ・屋根形状・屋根色はOSMに情報がないため推定であり、detail_confidence に C として記録している。"
      }
    },
    {
      "type": "Feature",
      "geometry": {
        "type": "Polygon",
        "coordinates": [
          [
            [
              144.5150131,
              43.7176304
            ],
            [
              144.515158,
              43.7176493
            ],
            [
              144.5152009,
              43.7174777
            ],
            [
              144.515056,
              43.7174588
            ],
            [
              144.5150131,
              43.7176304
            ]
          ]
        ]
      },
      "properties": {
        "id": "BLDG_OSM_654478832",
        "name": null,
        "structure_type": "town_building",
        "osm_building": "yes",
        "area_m2": 228,
        "eave_height_m": 3.6,
        "ridge_height_m": 6,
        "roof_colour": "#2f6146",
        "roof_shape": "gable",
        "confidence": "B",
        "evidence_type": "public_gis",
        "historical_status": "plausible",
        "source_ids": [
          "SRC_OSM_OVERPASS"
        ],
        "detail_confidence": {
          "footprint": "B (public_gis — OSM way 654478832)",
          "eave_ridge_height": "C (inference — banded from footprint area; OSM carries no height here)",
          "roof_colour": "C (inference — palette from photograph 003, assigned by a hash of the OSM id)",
          "roof_shape": "C (inference — a gable along the footprint's long axis)"
        },
        "note": "scripts/import-osm-town.mjs による取り込み。外形はOSM(public_gis)だが、高さ・屋根形状・屋根色はOSMに情報がないため推定であり、detail_confidence に C として記録している。"
      }
    },
    {
      "type": "Feature",
      "geometry": {
        "type": "Polygon",
        "coordinates": [
          [
            [
              144.514014,
              43.7175179
            ],
            [
              144.5142809,
              43.7175664
            ],
            [
              144.5143161,
              43.7174652
            ],
            [
              144.5140492,
              43.7174167
            ],
            [
              144.514014,
              43.7175179
            ]
          ]
        ]
      },
      "properties": {
        "id": "BLDG_OSM_654478833",
        "name": null,
        "structure_type": "town_building",
        "osm_building": "warehouse",
        "area_m2": 255,
        "eave_height_m": 3.6,
        "ridge_height_m": 6,
        "roof_colour": "#2f5a7a",
        "roof_shape": "gable",
        "confidence": "B",
        "evidence_type": "public_gis",
        "historical_status": "plausible",
        "source_ids": [
          "SRC_OSM_OVERPASS"
        ],
        "detail_confidence": {
          "footprint": "B (public_gis — OSM way 654478833)",
          "eave_ridge_height": "C (inference — banded from footprint area; OSM carries no height here)",
          "roof_colour": "C (inference — palette from photograph 003, assigned by a hash of the OSM id)",
          "roof_shape": "C (inference — a gable along the footprint's long axis)"
        },
        "note": "scripts/import-osm-town.mjs による取り込み。外形はOSM(public_gis)だが、高さ・屋根形状・屋根色はOSMに情報がないため推定であり、detail_confidence に C として記録している。"
      }
    },
    {
      "type": "Feature",
      "geometry": {
        "type": "Polygon",
        "coordinates": [
          [
            [
              144.5140153,
              43.7171632
            ],
            [
              144.5139687,
              43.717305
            ],
            [
              144.5143644,
              43.7173729
            ],
            [
              144.5144109,
              43.717231
            ],
            [
              144.5140153,
              43.7171632
            ]
          ]
        ]
      },
      "properties": {
        "id": "BLDG_OSM_654478834",
        "name": null,
        "structure_type": "town_building",
        "osm_building": "yes",
        "area_m2": 527,
        "eave_height_m": 4.4,
        "ridge_height_m": 7.2,
        "roof_colour": "#8a6a3a",
        "roof_shape": "gable",
        "confidence": "B",
        "evidence_type": "public_gis",
        "historical_status": "plausible",
        "source_ids": [
          "SRC_OSM_OVERPASS"
        ],
        "detail_confidence": {
          "footprint": "B (public_gis — OSM way 654478834)",
          "eave_ridge_height": "C (inference — banded from footprint area; OSM carries no height here)",
          "roof_colour": "C (inference — palette from photograph 003, assigned by a hash of the OSM id)",
          "roof_shape": "C (inference — a gable along the footprint's long axis)"
        },
        "note": "scripts/import-osm-town.mjs による取り込み。外形はOSM(public_gis)だが、高さ・屋根形状・屋根色はOSMに情報がないため推定であり、detail_confidence に C として記録している。"
      }
    },
    {
      "type": "Feature",
      "geometry": {
        "type": "Polygon",
        "coordinates": [
          [
            [
              144.5142379,
              43.7168927
            ],
            [
              144.5145464,
              43.716947
            ],
            [
              144.5145955,
              43.7168013
            ],
            [
              144.514287,
              43.716747
            ],
            [
              144.5142379,
              43.7168927
            ]
          ]
        ]
      },
      "properties": {
        "id": "BLDG_OSM_654478835",
        "name": null,
        "structure_type": "town_building",
        "osm_building": "warehouse",
        "area_m2": 424,
        "eave_height_m": 4.4,
        "ridge_height_m": 7.2,
        "roof_colour": "#6b6f74",
        "roof_shape": "gable",
        "confidence": "B",
        "evidence_type": "public_gis",
        "historical_status": "plausible",
        "source_ids": [
          "SRC_OSM_OVERPASS"
        ],
        "detail_confidence": {
          "footprint": "B (public_gis — OSM way 654478835)",
          "eave_ridge_height": "C (inference — banded from footprint area; OSM carries no height here)",
          "roof_colour": "C (inference — palette from photograph 003, assigned by a hash of the OSM id)",
          "roof_shape": "C (inference — a gable along the footprint's long axis)"
        },
        "note": "scripts/import-osm-town.mjs による取り込み。外形はOSM(public_gis)だが、高さ・屋根形状・屋根色はOSMに情報がないため推定であり、detail_confidence に C として記録している。"
      }
    },
    {
      "type": "Feature",
      "geometry": {
        "type": "Polygon",
        "coordinates": [
          [
            [
              144.5147663,
              43.7170876
            ],
            [
              144.5149092,
              43.7171019
            ],
            [
              144.5149414,
              43.7169342
            ],
            [
              144.5147985,
              43.7169199
            ],
            [
              144.5147663,
              43.7170876
            ]
          ]
        ]
      },
      "properties": {
        "id": "BLDG_OSM_654478836",
        "name": null,
        "structure_type": "town_building",
        "osm_building": "warehouse",
        "area_m2": 217,
        "eave_height_m": 3.6,
        "ridge_height_m": 6,
        "roof_colour": "#2f5a7a",
        "roof_shape": "gable",
        "confidence": "B",
        "evidence_type": "public_gis",
        "historical_status": "plausible",
        "source_ids": [
          "SRC_OSM_OVERPASS"
        ],
        "detail_confidence": {
          "footprint": "B (public_gis — OSM way 654478836)",
          "eave_ridge_height": "C (inference — banded from footprint area; OSM carries no height here)",
          "roof_colour": "C (inference — palette from photograph 003, assigned by a hash of the OSM id)",
          "roof_shape": "C (inference — a gable along the footprint's long axis)"
        },
        "note": "scripts/import-osm-town.mjs による取り込み。外形はOSM(public_gis)だが、高さ・屋根形状・屋根色はOSMに情報がないため推定であり、detail_confidence に C として記録している。"
      }
    },
    {
      "type": "Feature",
      "geometry": {
        "type": "Polygon",
        "coordinates": [
          [
            [
              144.5151681,
              43.7170199
            ],
            [
              144.5152533,
              43.7170187
            ],
            [
              144.515258,
              43.7169999
            ],
            [
              144.5151727,
              43.7170012
            ],
            [
              144.5151681,
              43.7170199
            ]
          ]
        ]
      },
      "properties": {
        "id": "BLDG_OSM_654478837",
        "name": null,
        "structure_type": "town_building",
        "osm_building": "yes",
        "area_m2": 14,
        "eave_height_m": 2.2,
        "ridge_height_m": 3.1,
        "roof_colour": "#8c3a32",
        "roof_shape": "gable",
        "confidence": "B",
        "evidence_type": "public_gis",
        "historical_status": "plausible",
        "source_ids": [
          "SRC_OSM_OVERPASS"
        ],
        "detail_confidence": {
          "footprint": "B (public_gis — OSM way 654478837)",
          "eave_ridge_height": "C (inference — banded from footprint area; OSM carries no height here)",
          "roof_colour": "C (inference — palette from photograph 003, assigned by a hash of the OSM id)",
          "roof_shape": "C (inference — a gable along the footprint's long axis)"
        },
        "note": "scripts/import-osm-town.mjs による取り込み。外形はOSM(public_gis)だが、高さ・屋根形状・屋根色はOSMに情報がないため推定であり、detail_confidence に C として記録している。"
      }
    },
    {
      "type": "Feature",
      "geometry": {
        "type": "Polygon",
        "coordinates": [
          [
            [
              144.5152491,
              43.7170352
            ],
            [
              144.5153668,
              43.7170506
            ],
            [
              144.5154047,
              43.7168985
            ],
            [
              144.515287,
              43.7168832
            ],
            [
              144.515258,
              43.7169999
            ],
            [
              144.5152533,
              43.7170187
            ],
            [
              144.5152491,
              43.7170352
            ]
          ]
        ]
      },
      "properties": {
        "id": "BLDG_OSM_654478838",
        "name": null,
        "structure_type": "town_building",
        "osm_building": "yes",
        "area_m2": 164,
        "eave_height_m": 3.6,
        "ridge_height_m": 6,
        "roof_colour": "#6b6f74",
        "roof_shape": "gable",
        "confidence": "B",
        "evidence_type": "public_gis",
        "historical_status": "plausible",
        "source_ids": [
          "SRC_OSM_OVERPASS"
        ],
        "detail_confidence": {
          "footprint": "B (public_gis — OSM way 654478838)",
          "eave_ridge_height": "C (inference — banded from footprint area; OSM carries no height here)",
          "roof_colour": "C (inference — palette from photograph 003, assigned by a hash of the OSM id)",
          "roof_shape": "C (inference — a gable along the footprint's long axis)"
        },
        "note": "scripts/import-osm-town.mjs による取り込み。外形はOSM(public_gis)だが、高さ・屋根形状・屋根色はOSMに情報がないため推定であり、detail_confidence に C として記録している。"
      }
    },
    {
      "type": "Feature",
      "geometry": {
        "type": "Polygon",
        "coordinates": [
          [
            [
              144.515147,
              43.7171043
            ],
            [
              144.5151681,
              43.7170199
            ],
            [
              144.5151727,
              43.7170012
            ],
            [
              144.5151743,
              43.7169948
            ],
            [
              144.5151293,
              43.716989
            ],
            [
              144.5151499,
              43.7169063
            ],
            [
              144.5150511,
              43.7168934
            ],
            [
              144.5150305,
              43.7169761
            ],
            [
              144.5149595,
              43.7172611
            ],
            [
              144.5151032,
              43.7172798
            ],
            [
              144.5151284,
              43.7171787
            ],
            [
              144.5152011,
              43.7171881
            ],
            [
              144.5152196,
              43.7171137
            ],
            [
              144.515147,
              43.7171043
            ]
          ]
        ]
      },
      "properties": {
        "id": "BLDG_OSM_654478839",
        "name": null,
        "structure_type": "town_building",
        "osm_building": "yes",
        "area_m2": 501,
        "eave_height_m": 4.4,
        "ridge_height_m": 7.2,
        "roof_colour": "#2f6146",
        "roof_shape": "flat",
        "confidence": "B",
        "evidence_type": "public_gis",
        "historical_status": "plausible",
        "source_ids": [
          "SRC_OSM_OVERPASS"
        ],
        "detail_confidence": {
          "footprint": "B (public_gis — OSM way 654478839)",
          "eave_ridge_height": "C (inference — banded from footprint area; OSM carries no height here)",
          "roof_colour": "C (inference — palette from photograph 003, assigned by a hash of the OSM id)",
          "roof_shape": "C (inference — a gable along the footprint's long axis)"
        },
        "note": "scripts/import-osm-town.mjs による取り込み。外形はOSM(public_gis)だが、高さ・屋根形状・屋根色はOSMに情報がないため推定であり、detail_confidence に C として記録している。"
      }
    },
    {
      "type": "Feature",
      "geometry": {
        "type": "Polygon",
        "coordinates": [
          [
            [
              144.5153908,
              43.7166212
            ],
            [
              144.515388,
              43.7167175
            ],
            [
              144.5155406,
              43.7167199
            ],
            [
              144.5155415,
              43.7166882
            ],
            [
              144.5155929,
              43.716689
            ],
            [
              144.5155948,
              43.7166243
            ],
            [
              144.5153908,
              43.7166212
            ]
          ]
        ]
      },
      "properties": {
        "id": "BLDG_OSM_654478840",
        "name": null,
        "structure_type": "town_building",
        "osm_building": "yes",
        "area_m2": 160,
        "eave_height_m": 3.6,
        "ridge_height_m": 6,
        "roof_colour": "#2f5a7a",
        "roof_shape": "gable",
        "confidence": "B",
        "evidence_type": "public_gis",
        "historical_status": "plausible",
        "source_ids": [
          "SRC_OSM_OVERPASS"
        ],
        "detail_confidence": {
          "footprint": "B (public_gis — OSM way 654478840)",
          "eave_ridge_height": "C (inference — banded from footprint area; OSM carries no height here)",
          "roof_colour": "C (inference — palette from photograph 003, assigned by a hash of the OSM id)",
          "roof_shape": "C (inference — a gable along the footprint's long axis)"
        },
        "note": "scripts/import-osm-town.mjs による取り込み。外形はOSM(public_gis)だが、高さ・屋根形状・屋根色はOSMに情報がないため推定であり、detail_confidence に C として記録している。"
      }
    },
    {
      "type": "Feature",
      "geometry": {
        "type": "Polygon",
        "coordinates": [
          [
            [
              144.5152332,
              43.7166295
            ],
            [
              144.5152306,
              43.7166972
            ],
            [
              144.51536,
              43.7166999
            ],
            [
              144.5153626,
              43.7166322
            ],
            [
              144.5152332,
              43.7166295
            ]
          ]
        ]
      },
      "properties": {
        "id": "BLDG_OSM_654478841",
        "name": null,
        "structure_type": "town_building",
        "osm_building": "yes",
        "area_m2": 78,
        "eave_height_m": 3,
        "ridge_height_m": 5,
        "roof_colour": "#2f6146",
        "roof_shape": "gable",
        "confidence": "B",
        "evidence_type": "public_gis",
        "historical_status": "plausible",
        "source_ids": [
          "SRC_OSM_OVERPASS"
        ],
        "detail_confidence": {
          "footprint": "B (public_gis — OSM way 654478841)",
          "eave_ridge_height": "C (inference — banded from footprint area; OSM carries no height here)",
          "roof_colour": "C (inference — palette from photograph 003, assigned by a hash of the OSM id)",
          "roof_shape": "C (inference — a gable along the footprint's long axis)"
        },
        "note": "scripts/import-osm-town.mjs による取り込み。外形はOSM(public_gis)だが、高さ・屋根形状・屋根色はOSMに情報がないため推定であり、detail_confidence に C として記録している。"
      }
    },
    {
      "type": "Feature",
      "geometry": {
        "type": "Polygon",
        "coordinates": [
          [
            [
              144.5150627,
              43.716726
            ],
            [
              144.5151766,
              43.7167343
            ],
            [
              144.5151981,
              43.7165802
            ],
            [
              144.5150842,
              43.7165719
            ],
            [
              144.5150627,
              43.716726
            ]
          ]
        ]
      },
      "properties": {
        "id": "BLDG_OSM_654478842",
        "name": null,
        "structure_type": "town_building",
        "osm_building": "warehouse",
        "area_m2": 158,
        "eave_height_m": 3,
        "ridge_height_m": 5,
        "roof_colour": "#6b6f74",
        "roof_shape": "gable",
        "confidence": "B",
        "evidence_type": "public_gis",
        "historical_status": "plausible",
        "source_ids": [
          "SRC_OSM_OVERPASS"
        ],
        "detail_confidence": {
          "footprint": "B (public_gis — OSM way 654478842)",
          "eave_ridge_height": "C (inference — banded from footprint area; OSM carries no height here)",
          "roof_colour": "C (inference — palette from photograph 003, assigned by a hash of the OSM id)",
          "roof_shape": "C (inference — a gable along the footprint's long axis)"
        },
        "note": "scripts/import-osm-town.mjs による取り込み。外形はOSM(public_gis)だが、高さ・屋根形状・屋根色はOSMに情報がないため推定であり、detail_confidence に C として記録している。"
      }
    },
    {
      "type": "Feature",
      "geometry": {
        "type": "Polygon",
        "coordinates": [
          [
            [
              144.5140676,
              43.714988
            ],
            [
              144.5140778,
              43.7150717
            ],
            [
              144.5143206,
              43.7150561
            ],
            [
              144.5143104,
              43.7149725
            ],
            [
              144.5140676,
              43.714988
            ]
          ]
        ]
      },
      "properties": {
        "id": "BLDG_OSM_654478843",
        "name": null,
        "structure_type": "town_building",
        "osm_building": "yes",
        "area_m2": 182,
        "eave_height_m": 3.6,
        "ridge_height_m": 6,
        "roof_colour": "#8a6a3a",
        "roof_shape": "gable",
        "confidence": "B",
        "evidence_type": "public_gis",
        "historical_status": "plausible",
        "source_ids": [
          "SRC_OSM_OVERPASS"
        ],
        "detail_confidence": {
          "footprint": "B (public_gis — OSM way 654478843)",
          "eave_ridge_height": "C (inference — banded from footprint area; OSM carries no height here)",
          "roof_colour": "C (inference — palette from photograph 003, assigned by a hash of the OSM id)",
          "roof_shape": "C (inference — a gable along the footprint's long axis)"
        },
        "note": "scripts/import-osm-town.mjs による取り込み。外形はOSM(public_gis)だが、高さ・屋根形状・屋根色はOSMに情報がないため推定であり、detail_confidence に C として記録している。"
      }
    },
    {
      "type": "Feature",
      "geometry": {
        "type": "Polygon",
        "coordinates": [
          [
            [
              144.5143112,
              43.7152595
            ],
            [
              144.5143795,
              43.7152644
            ],
            [
              144.5143908,
              43.7151809
            ],
            [
              144.5141441,
              43.7151635
            ],
            [
              144.5141328,
              43.7152469
            ],
            [
              144.5142568,
              43.7152557
            ],
            [
              144.5142533,
              43.7152818
            ],
            [
              144.5143077,
              43.7152856
            ],
            [
              144.5143112,
              43.7152595
            ]
          ]
        ]
      },
      "properties": {
        "id": "BLDG_OSM_654478844",
        "name": null,
        "structure_type": "town_building",
        "osm_building": "yes",
        "area_m2": 198,
        "eave_height_m": 3.6,
        "ridge_height_m": 6,
        "roof_colour": "#8c3a32",
        "roof_shape": "flat",
        "confidence": "B",
        "evidence_type": "public_gis",
        "historical_status": "plausible",
        "source_ids": [
          "SRC_OSM_OVERPASS"
        ],
        "detail_confidence": {
          "footprint": "B (public_gis — OSM way 654478844)",
          "eave_ridge_height": "C (inference — banded from footprint area; OSM carries no height here)",
          "roof_colour": "C (inference — palette from photograph 003, assigned by a hash of the OSM id)",
          "roof_shape": "C (inference — a gable along the footprint's long axis)"
        },
        "note": "scripts/import-osm-town.mjs による取り込み。外形はOSM(public_gis)だが、高さ・屋根形状・屋根色はOSMに情報がないため推定であり、detail_confidence に C として記録している。"
      }
    },
    {
      "type": "Feature",
      "geometry": {
        "type": "Polygon",
        "coordinates": [
          [
            [
              144.5139322,
              43.7153738
            ],
            [
              144.5142768,
              43.7153932
            ],
            [
              144.5142874,
              43.7152954
            ],
            [
              144.5139427,
              43.715276
            ],
            [
              144.5139322,
              43.7153738
            ]
          ]
        ]
      },
      "properties": {
        "id": "BLDG_OSM_654478845",
        "name": null,
        "structure_type": "town_building",
        "osm_building": "warehouse",
        "area_m2": 302,
        "eave_height_m": 3.6,
        "ridge_height_m": 6,
        "roof_colour": "#2f5a7a",
        "roof_shape": "gable",
        "confidence": "B",
        "evidence_type": "public_gis",
        "historical_status": "plausible",
        "source_ids": [
          "SRC_OSM_OVERPASS"
        ],
        "detail_confidence": {
          "footprint": "B (public_gis — OSM way 654478845)",
          "eave_ridge_height": "C (inference — banded from footprint area; OSM carries no height here)",
          "roof_colour": "C (inference — palette from photograph 003, assigned by a hash of the OSM id)",
          "roof_shape": "C (inference — a gable along the footprint's long axis)"
        },
        "note": "scripts/import-osm-town.mjs による取り込み。外形はOSM(public_gis)だが、高さ・屋根形状・屋根色はOSMに情報がないため推定であり、detail_confidence に C として記録している。"
      }
    },
    {
      "type": "Feature",
      "geometry": {
        "type": "Polygon",
        "coordinates": [
          [
            [
              144.5138437,
              43.7152032
            ],
            [
              144.5139387,
              43.7152097
            ],
            [
              144.5139669,
              43.7149935
            ],
            [
              144.5138718,
              43.7149871
            ],
            [
              144.5138437,
              43.7152032
            ]
          ]
        ]
      },
      "properties": {
        "id": "BLDG_OSM_654478846",
        "name": null,
        "structure_type": "town_building",
        "osm_building": "greenhouse",
        "area_m2": 184,
        "eave_height_m": 2.4,
        "ridge_height_m": 3.2,
        "roof_colour": "#2f6146",
        "roof_shape": "gable",
        "confidence": "B",
        "evidence_type": "public_gis",
        "historical_status": "plausible",
        "source_ids": [
          "SRC_OSM_OVERPASS"
        ],
        "detail_confidence": {
          "footprint": "B (public_gis — OSM way 654478846)",
          "eave_ridge_height": "C (inference — banded from footprint area; OSM carries no height here)",
          "roof_colour": "C (inference — palette from photograph 003, assigned by a hash of the OSM id)",
          "roof_shape": "C (inference — a gable along the footprint's long axis)"
        },
        "note": "scripts/import-osm-town.mjs による取り込み。外形はOSM(public_gis)だが、高さ・屋根形状・屋根色はOSMに情報がないため推定であり、detail_confidence に C として記録している。"
      }
    },
    {
      "type": "Feature",
      "geometry": {
        "type": "Polygon",
        "coordinates": [
          [
            [
              144.5137122,
              43.7152604
            ],
            [
              144.5137994,
              43.7152652
            ],
            [
              144.5138222,
              43.7150481
            ],
            [
              144.513735,
              43.7150433
            ],
            [
              144.5137122,
              43.7152604
            ]
          ]
        ]
      },
      "properties": {
        "id": "BLDG_OSM_654478847",
        "name": null,
        "structure_type": "town_building",
        "osm_building": "greenhouse",
        "area_m2": 169,
        "eave_height_m": 2.4,
        "ridge_height_m": 3.2,
        "roof_colour": "#6b6f74",
        "roof_shape": "gable",
        "confidence": "B",
        "evidence_type": "public_gis",
        "historical_status": "plausible",
        "source_ids": [
          "SRC_OSM_OVERPASS"
        ],
        "detail_confidence": {
          "footprint": "B (public_gis — OSM way 654478847)",
          "eave_ridge_height": "C (inference — banded from footprint area; OSM carries no height here)",
          "roof_colour": "C (inference — palette from photograph 003, assigned by a hash of the OSM id)",
          "roof_shape": "C (inference — a gable along the footprint's long axis)"
        },
        "note": "scripts/import-osm-town.mjs による取り込み。外形はOSM(public_gis)だが、高さ・屋根形状・屋根色はOSMに情報がないため推定であり、detail_confidence に C として記録している。"
      }
    },
    {
      "type": "Feature",
      "geometry": {
        "type": "Polygon",
        "coordinates": [
          [
            [
              144.5028774,
              43.7199886
            ],
            [
              144.5028746,
              43.7200122
            ],
            [
              144.5029216,
              43.7200152
            ],
            [
              144.5029244,
              43.7199915
            ],
            [
              144.5028774,
              43.7199886
            ]
          ]
        ]
      },
      "properties": {
        "id": "BLDG_OSM_654478848",
        "name": null,
        "structure_type": "town_building",
        "osm_building": "yes",
        "area_m2": 10,
        "eave_height_m": 2.2,
        "ridge_height_m": 3.1,
        "roof_colour": "#6b6f74",
        "roof_shape": "gable",
        "confidence": "B",
        "evidence_type": "public_gis",
        "historical_status": "plausible",
        "source_ids": [
          "SRC_OSM_OVERPASS"
        ],
        "detail_confidence": {
          "footprint": "B (public_gis — OSM way 654478848)",
          "eave_ridge_height": "C (inference — banded from footprint area; OSM carries no height here)",
          "roof_colour": "C (inference — palette from photograph 003, assigned by a hash of the OSM id)",
          "roof_shape": "C (inference — a gable along the footprint's long axis)"
        },
        "note": "scripts/import-osm-town.mjs による取り込み。外形はOSM(public_gis)だが、高さ・屋根形状・屋根色はOSMに情報がないため推定であり、detail_confidence に C として記録している。"
      }
    },
    {
      "type": "Feature",
      "geometry": {
        "type": "Polygon",
        "coordinates": [
          [
            [
              144.502923,
              43.7200371
            ],
            [
              144.5029192,
              43.7200668
            ],
            [
              144.5030479,
              43.7200755
            ],
            [
              144.5030518,
              43.7200458
            ],
            [
              144.502923,
              43.7200371
            ]
          ]
        ]
      },
      "properties": {
        "id": "BLDG_OSM_654478849",
        "name": null,
        "structure_type": "town_building",
        "osm_building": "yes",
        "area_m2": 34,
        "eave_height_m": 2.6,
        "ridge_height_m": 4,
        "roof_colour": "#8a6a3a",
        "roof_shape": "gable",
        "confidence": "B",
        "evidence_type": "public_gis",
        "historical_status": "plausible",
        "source_ids": [
          "SRC_OSM_OVERPASS"
        ],
        "detail_confidence": {
          "footprint": "B (public_gis — OSM way 654478849)",
          "eave_ridge_height": "C (inference — banded from footprint area; OSM carries no height here)",
          "roof_colour": "C (inference — palette from photograph 003, assigned by a hash of the OSM id)",
          "roof_shape": "C (inference — a gable along the footprint's long axis)"
        },
        "note": "scripts/import-osm-town.mjs による取り込み。外形はOSM(public_gis)だが、高さ・屋根形状・屋根色はOSMに情報がないため推定であり、detail_confidence に C として記録している。"
      }
    },
    {
      "type": "Feature",
      "geometry": {
        "type": "Polygon",
        "coordinates": [
          [
            [
              144.5032033,
              43.7200797
            ],
            [
              144.5032342,
              43.720085
            ],
            [
              144.5032503,
              43.7200361
            ],
            [
              144.5032194,
              43.7200308
            ],
            [
              144.5032033,
              43.7200797
            ]
          ]
        ]
      },
      "properties": {
        "id": "BLDG_OSM_654478850",
        "name": null,
        "structure_type": "town_building",
        "osm_building": "yes",
        "area_m2": 14,
        "eave_height_m": 2.2,
        "ridge_height_m": 3.1,
        "roof_colour": "#2f6146",
        "roof_shape": "gable",
        "confidence": "B",
        "evidence_type": "public_gis",
        "historical_status": "plausible",
        "source_ids": [
          "SRC_OSM_OVERPASS"
        ],
        "detail_confidence": {
          "footprint": "B (public_gis — OSM way 654478850)",
          "eave_ridge_height": "C (inference — banded from footprint area; OSM carries no height here)",
          "roof_colour": "C (inference — palette from photograph 003, assigned by a hash of the OSM id)",
          "roof_shape": "C (inference — a gable along the footprint's long axis)"
        },
        "note": "scripts/import-osm-town.mjs による取り込み。外形はOSM(public_gis)だが、高さ・屋根形状・屋根色はOSMに情報がないため推定であり、detail_confidence に C として記録している。"
      }
    },
    {
      "type": "Feature",
      "geometry": {
        "type": "Polygon",
        "coordinates": [
          [
            [
              144.5033187,
              43.7199818
            ],
            [
              144.5033546,
              43.719988
            ],
            [
              144.5033763,
              43.7199217
            ],
            [
              144.5033404,
              43.7199156
            ],
            [
              144.5033187,
              43.7199818
            ]
          ]
        ]
      },
      "properties": {
        "id": "BLDG_OSM_654478852",
        "name": null,
        "structure_type": "town_building",
        "osm_building": "yes",
        "area_m2": 22,
        "eave_height_m": 2.2,
        "ridge_height_m": 3.1,
        "roof_colour": "#8c3a32",
        "roof_shape": "gable",
        "confidence": "B",
        "evidence_type": "public_gis",
        "historical_status": "plausible",
        "source_ids": [
          "SRC_OSM_OVERPASS"
        ],
        "detail_confidence": {
          "footprint": "B (public_gis — OSM way 654478852)",
          "eave_ridge_height": "C (inference — banded from footprint area; OSM carries no height here)",
          "roof_colour": "C (inference — palette from photograph 003, assigned by a hash of the OSM id)",
          "roof_shape": "C (inference — a gable along the footprint's long axis)"
        },
        "note": "scripts/import-osm-town.mjs による取り込み。外形はOSM(public_gis)だが、高さ・屋根形状・屋根色はOSMに情報がないため推定であり、detail_confidence に C として記録している。"
      }
    },
    {
      "type": "Feature",
      "geometry": {
        "type": "Polygon",
        "coordinates": [
          [
            [
              144.5033777,
              43.7198006
            ],
            [
              144.5034063,
              43.7198055
            ],
            [
              144.5034166,
              43.7197744
            ],
            [
              144.5033879,
              43.7197695
            ],
            [
              144.5033777,
              43.7198006
            ]
          ]
        ]
      },
      "properties": {
        "id": "BLDG_OSM_654478853",
        "name": null,
        "structure_type": "town_building",
        "osm_building": "yes",
        "area_m2": 8,
        "eave_height_m": 2.2,
        "ridge_height_m": 3.1,
        "roof_colour": "#8a6a3a",
        "roof_shape": "gable",
        "confidence": "B",
        "evidence_type": "public_gis",
        "historical_status": "plausible",
        "source_ids": [
          "SRC_OSM_OVERPASS"
        ],
        "detail_confidence": {
          "footprint": "B (public_gis — OSM way 654478853)",
          "eave_ridge_height": "C (inference — banded from footprint area; OSM carries no height here)",
          "roof_colour": "C (inference — palette from photograph 003, assigned by a hash of the OSM id)",
          "roof_shape": "C (inference — a gable along the footprint's long axis)"
        },
        "note": "scripts/import-osm-town.mjs による取り込み。外形はOSM(public_gis)だが、高さ・屋根形状・屋根色はOSMに情報がないため推定であり、detail_confidence に C として記録している。"
      }
    },
    {
      "type": "Feature",
      "geometry": {
        "type": "Polygon",
        "coordinates": [
          [
            [
              144.5033871,
              43.7197356
            ],
            [
              144.5034253,
              43.7197422
            ],
            [
              144.5034488,
              43.7196707
            ],
            [
              144.5034106,
              43.7196641
            ],
            [
              144.5033871,
              43.7197356
            ]
          ]
        ]
      },
      "properties": {
        "id": "BLDG_OSM_654478854",
        "name": null,
        "structure_type": "town_building",
        "osm_building": "yes",
        "area_m2": 26,
        "eave_height_m": 2.2,
        "ridge_height_m": 3.1,
        "roof_colour": "#2f5a7a",
        "roof_shape": "gable",
        "confidence": "B",
        "evidence_type": "public_gis",
        "historical_status": "plausible",
        "source_ids": [
          "SRC_OSM_OVERPASS"
        ],
        "detail_confidence": {
          "footprint": "B (public_gis — OSM way 654478854)",
          "eave_ridge_height": "C (inference — banded from footprint area; OSM carries no height here)",
          "roof_colour": "C (inference — palette from photograph 003, assigned by a hash of the OSM id)",
          "roof_shape": "C (inference — a gable along the footprint's long axis)"
        },
        "note": "scripts/import-osm-town.mjs による取り込み。外形はOSM(public_gis)だが、高さ・屋根形状・屋根色はOSMに情報がないため推定であり、detail_confidence に C として記録している。"
      }
    },
    {
      "type": "Feature",
      "geometry": {
        "type": "Polygon",
        "coordinates": [
          [
            [
              144.5033951,
              43.7196368
            ],
            [
              144.5034666,
              43.719649
            ],
            [
              144.5034921,
              43.7195715
            ],
            [
              144.5034206,
              43.7195592
            ],
            [
              144.5033951,
              43.7196368
            ]
          ]
        ]
      },
      "properties": {
        "id": "BLDG_OSM_654478855",
        "name": null,
        "structure_type": "town_building",
        "osm_building": "yes",
        "area_m2": 52,
        "eave_height_m": 2.6,
        "ridge_height_m": 4,
        "roof_colour": "#8c3a32",
        "roof_shape": "gable",
        "confidence": "B",
        "evidence_type": "public_gis",
        "historical_status": "plausible",
        "source_ids": [
          "SRC_OSM_OVERPASS"
        ],
        "detail_confidence": {
          "footprint": "B (public_gis — OSM way 654478855)",
          "eave_ridge_height": "C (inference — banded from footprint area; OSM carries no height here)",
          "roof_colour": "C (inference — palette from photograph 003, assigned by a hash of the OSM id)",
          "roof_shape": "C (inference — a gable along the footprint's long axis)"
        },
        "note": "scripts/import-osm-town.mjs による取り込み。外形はOSM(public_gis)だが、高さ・屋根形状・屋根色はOSMに情報がないため推定であり、detail_confidence に C として記録している。"
      }
    },
    {
      "type": "Feature",
      "geometry": {
        "type": "Polygon",
        "coordinates": [
          [
            [
              144.5032543,
              43.7191182
            ],
            [
              144.503379,
              43.7191948
            ],
            [
              144.5034268,
              43.7191541
            ],
            [
              144.5033415,
              43.7191017
            ],
            [
              144.5033569,
              43.7190886
            ],
            [
              144.5033175,
              43.7190644
            ],
            [
              144.5032543,
              43.7191182
            ]
          ]
        ]
      },
      "properties": {
        "id": "BLDG_OSM_654478856",
        "name": null,
        "structure_type": "town_building",
        "osm_building": "yes",
        "area_m2": 86,
        "eave_height_m": 3,
        "ridge_height_m": 5,
        "roof_colour": "#8a6a3a",
        "roof_shape": "gable",
        "confidence": "B",
        "evidence_type": "public_gis",
        "historical_status": "plausible",
        "source_ids": [
          "SRC_OSM_OVERPASS"
        ],
        "detail_confidence": {
          "footprint": "B (public_gis — OSM way 654478856)",
          "eave_ridge_height": "C (inference — banded from footprint area; OSM carries no height here)",
          "roof_colour": "C (inference — palette from photograph 003, assigned by a hash of the OSM id)",
          "roof_shape": "C (inference — a gable along the footprint's long axis)"
        },
        "note": "scripts/import-osm-town.mjs による取り込み。外形はOSM(public_gis)だが、高さ・屋根形状・屋根色はOSMに情報がないため推定であり、detail_confidence に C として記録している。"
      }
    },
    {
      "type": "Feature",
      "geometry": {
        "type": "Polygon",
        "coordinates": [
          [
            [
              144.5071314,
              43.7135699
            ],
            [
              144.5072642,
              43.7134031
            ],
            [
              144.5071604,
              43.71336
            ],
            [
              144.5070276,
              43.7135267
            ],
            [
              144.5071314,
              43.7135699
            ]
          ]
        ]
      },
      "properties": {
        "id": "BLDG_OSM_654478857",
        "name": null,
        "structure_type": "town_building",
        "osm_building": "yes",
        "area_m2": 205,
        "eave_height_m": 3.6,
        "ridge_height_m": 6,
        "roof_colour": "#6b6f74",
        "roof_shape": "gable",
        "confidence": "B",
        "evidence_type": "public_gis",
        "historical_status": "plausible",
        "source_ids": [
          "SRC_OSM_OVERPASS"
        ],
        "detail_confidence": {
          "footprint": "B (public_gis — OSM way 654478857)",
          "eave_ridge_height": "C (inference — banded from footprint area; OSM carries no height here)",
          "roof_colour": "C (inference — palette from photograph 003, assigned by a hash of the OSM id)",
          "roof_shape": "C (inference — a gable along the footprint's long axis)"
        },
        "note": "scripts/import-osm-town.mjs による取り込み。外形はOSM(public_gis)だが、高さ・屋根形状・屋根色はOSMに情報がないため推定であり、detail_confidence に C として記録している。"
      }
    },
    {
      "type": "Feature",
      "geometry": {
        "type": "Polygon",
        "coordinates": [
          [
            [
              144.5079468,
              43.7140468
            ],
            [
              144.5078956,
              43.7141067
            ],
            [
              144.5079656,
              43.7141379
            ],
            [
              144.5079475,
              43.7141591
            ],
            [
              144.5081725,
              43.7142597
            ],
            [
              144.5082419,
              43.7141786
            ],
            [
              144.5079468,
              43.7140468
            ]
          ]
        ]
      },
      "properties": {
        "id": "BLDG_OSM_654478858",
        "name": null,
        "structure_type": "town_building",
        "osm_building": "yes",
        "area_m2": 276,
        "eave_height_m": 3.6,
        "ridge_height_m": 6,
        "roof_colour": "#8a6a3a",
        "roof_shape": "gable",
        "confidence": "B",
        "evidence_type": "public_gis",
        "historical_status": "plausible",
        "source_ids": [
          "SRC_OSM_OVERPASS"
        ],
        "detail_confidence": {
          "footprint": "B (public_gis — OSM way 654478858)",
          "eave_ridge_height": "C (inference — banded from footprint area; OSM carries no height here)",
          "roof_colour": "C (inference — palette from photograph 003, assigned by a hash of the OSM id)",
          "roof_shape": "C (inference — a gable along the footprint's long axis)"
        },
        "note": "scripts/import-osm-town.mjs による取り込み。外形はOSM(public_gis)だが、高さ・屋根形状・屋根色はOSMに情報がないため推定であり、detail_confidence に C として記録している。"
      }
    },
    {
      "type": "Feature",
      "geometry": {
        "type": "Polygon",
        "coordinates": [
          [
            [
              144.5077322,
              43.7143163
            ],
            [
              144.5077886,
              43.7143434
            ],
            [
              144.5078148,
              43.714315
            ],
            [
              144.5077584,
              43.7142879
            ],
            [
              144.5077322,
              43.7143163
            ]
          ]
        ]
      },
      "properties": {
        "id": "BLDG_OSM_654478859",
        "name": null,
        "structure_type": "town_building",
        "osm_building": "yes",
        "area_m2": 21,
        "eave_height_m": 2.2,
        "ridge_height_m": 3.1,
        "roof_colour": "#6b6f74",
        "roof_shape": "gable",
        "confidence": "B",
        "evidence_type": "public_gis",
        "historical_status": "plausible",
        "source_ids": [
          "SRC_OSM_OVERPASS"
        ],
        "detail_confidence": {
          "footprint": "B (public_gis — OSM way 654478859)",
          "eave_ridge_height": "C (inference — banded from footprint area; OSM carries no height here)",
          "roof_colour": "C (inference — palette from photograph 003, assigned by a hash of the OSM id)",
          "roof_shape": "C (inference — a gable along the footprint's long axis)"
        },
        "note": "scripts/import-osm-town.mjs による取り込み。外形はOSM(public_gis)だが、高さ・屋根形状・屋根色はOSMに情報がないため推定であり、detail_confidence に C として記録している。"
      }
    },
    {
      "type": "Feature",
      "geometry": {
        "type": "Polygon",
        "coordinates": [
          [
            [
              144.5078476,
              43.7144035
            ],
            [
              144.5079777,
              43.7144636
            ],
            [
              144.5080473,
              43.7143849
            ],
            [
              144.5079172,
              43.7143248
            ],
            [
              144.5078476,
              43.7144035
            ]
          ]
        ]
      },
      "properties": {
        "id": "BLDG_OSM_654478860",
        "name": null,
        "structure_type": "town_building",
        "osm_building": "yes",
        "area_m2": 128,
        "eave_height_m": 3,
        "ridge_height_m": 5,
        "roof_colour": "#8c3a32",
        "roof_shape": "gable",
        "confidence": "B",
        "evidence_type": "public_gis",
        "historical_status": "plausible",
        "source_ids": [
          "SRC_OSM_OVERPASS"
        ],
        "detail_confidence": {
          "footprint": "B (public_gis — OSM way 654478860)",
          "eave_ridge_height": "C (inference — banded from footprint area; OSM carries no height here)",
          "roof_colour": "C (inference — palette from photograph 003, assigned by a hash of the OSM id)",
          "roof_shape": "C (inference — a gable along the footprint's long axis)"
        },
        "note": "scripts/import-osm-town.mjs による取り込み。外形はOSM(public_gis)だが、高さ・屋根形状・屋根色はOSMに情報がないため推定であり、detail_confidence に C として記録している。"
      }
    },
    {
      "type": "Feature",
      "geometry": {
        "type": "Polygon",
        "coordinates": [
          [
            [
              144.5077805,
              43.7146875
            ],
            [
              144.5078529,
              43.7146158
            ],
            [
              144.5077727,
              43.7145735
            ],
            [
              144.5077003,
              43.7146452
            ],
            [
              144.5077805,
              43.7146875
            ]
          ]
        ]
      },
      "properties": {
        "id": "BLDG_OSM_654478861",
        "name": null,
        "structure_type": "town_building",
        "osm_building": "yes",
        "area_m2": 78,
        "eave_height_m": 3,
        "ridge_height_m": 5,
        "roof_colour": "#2f5a7a",
        "roof_shape": "gable",
        "confidence": "B",
        "evidence_type": "public_gis",
        "historical_status": "plausible",
        "source_ids": [
          "SRC_OSM_OVERPASS"
        ],
        "detail_confidence": {
          "footprint": "B (public_gis — OSM way 654478861)",
          "eave_ridge_height": "C (inference — banded from footprint area; OSM carries no height here)",
          "roof_colour": "C (inference — palette from photograph 003, assigned by a hash of the OSM id)",
          "roof_shape": "C (inference — a gable along the footprint's long axis)"
        },
        "note": "scripts/import-osm-town.mjs による取り込み。外形はOSM(public_gis)だが、高さ・屋根形状・屋根色はOSMに情報がないため推定であり、detail_confidence に C として記録している。"
      }
    },
    {
      "type": "Feature",
      "geometry": {
        "type": "Polygon",
        "coordinates": [
          [
            [
              144.5076644,
              43.7139438
            ],
            [
              144.5076179,
              43.7139187
            ],
            [
              144.5075936,
              43.7139423
            ],
            [
              144.5076402,
              43.7139674
            ],
            [
              144.5076644,
              43.7139438
            ]
          ]
        ]
      },
      "properties": {
        "id": "BLDG_OSM_654478862",
        "name": null,
        "structure_type": "town_building",
        "osm_building": "yes",
        "area_m2": 15,
        "eave_height_m": 2.2,
        "ridge_height_m": 3.1,
        "roof_colour": "#6b6f74",
        "roof_shape": "gable",
        "confidence": "B",
        "evidence_type": "public_gis",
        "historical_status": "plausible",
        "source_ids": [
          "SRC_OSM_OVERPASS"
        ],
        "detail_confidence": {
          "footprint": "B (public_gis — OSM way 654478862)",
          "eave_ridge_height": "C (inference — banded from footprint area; OSM carries no height here)",
          "roof_colour": "C (inference — palette from photograph 003, assigned by a hash of the OSM id)",
          "roof_shape": "C (inference — a gable along the footprint's long axis)"
        },
        "note": "scripts/import-osm-town.mjs による取り込み。外形はOSM(public_gis)だが、高さ・屋根形状・屋根色はOSMに情報がないため推定であり、detail_confidence に C として記録している。"
      }
    },
    {
      "type": "Feature",
      "geometry": {
        "type": "Polygon",
        "coordinates": [
          [
            [
              144.5076638,
              43.7138529
            ],
            [
              144.5076109,
              43.7139043
            ],
            [
              144.5076709,
              43.7139367
            ],
            [
              144.5077239,
              43.7138853
            ],
            [
              144.5076638,
              43.7138529
            ]
          ]
        ]
      },
      "properties": {
        "id": "BLDG_OSM_654478863",
        "name": null,
        "structure_type": "town_building",
        "osm_building": "yes",
        "area_m2": 43,
        "eave_height_m": 2.6,
        "ridge_height_m": 4,
        "roof_colour": "#8a6a3a",
        "roof_shape": "gable",
        "confidence": "B",
        "evidence_type": "public_gis",
        "historical_status": "plausible",
        "source_ids": [
          "SRC_OSM_OVERPASS"
        ],
        "detail_confidence": {
          "footprint": "B (public_gis — OSM way 654478863)",
          "eave_ridge_height": "C (inference — banded from footprint area; OSM carries no height here)",
          "roof_colour": "C (inference — palette from photograph 003, assigned by a hash of the OSM id)",
          "roof_shape": "C (inference — a gable along the footprint's long axis)"
        },
        "note": "scripts/import-osm-town.mjs による取り込み。外形はOSM(public_gis)だが、高さ・屋根形状・屋根色はOSMに情報がないため推定であり、detail_confidence に C として記録している。"
      }
    },
    {
      "type": "Feature",
      "geometry": {
        "type": "Polygon",
        "coordinates": [
          [
            [
              144.5070664,
              43.7139091
            ],
            [
              144.5071703,
              43.7139576
            ],
            [
              144.5071938,
              43.7139313
            ],
            [
              144.5070899,
              43.7138828
            ],
            [
              144.5070664,
              43.7139091
            ]
          ]
        ]
      },
      "properties": {
        "id": "BLDG_OSM_654478864",
        "name": null,
        "structure_type": "town_building",
        "osm_building": "yes",
        "area_m2": 34,
        "eave_height_m": 2.6,
        "ridge_height_m": 4,
        "roof_colour": "#8a6a3a",
        "roof_shape": "gable",
        "confidence": "B",
        "evidence_type": "public_gis",
        "historical_status": "plausible",
        "source_ids": [
          "SRC_OSM_OVERPASS"
        ],
        "detail_confidence": {
          "footprint": "B (public_gis — OSM way 654478864)",
          "eave_ridge_height": "C (inference — banded from footprint area; OSM carries no height here)",
          "roof_colour": "C (inference — palette from photograph 003, assigned by a hash of the OSM id)",
          "roof_shape": "C (inference — a gable along the footprint's long axis)"
        },
        "note": "scripts/import-osm-town.mjs による取り込み。外形はOSM(public_gis)だが、高さ・屋根形状・屋根色はOSMに情報がないため推定であり、detail_confidence に C として記録している。"
      }
    },
    {
      "type": "Feature",
      "geometry": {
        "type": "Polygon",
        "coordinates": [
          [
            [
              144.5070939,
              43.7143134
            ],
            [
              144.507194,
              43.7143647
            ],
            [
              144.5073054,
              43.7142513
            ],
            [
              144.5072052,
              43.7142
            ],
            [
              144.5070939,
              43.7143134
            ]
          ]
        ]
      },
      "properties": {
        "id": "BLDG_OSM_654478865",
        "name": null,
        "structure_type": "town_building",
        "osm_building": "yes",
        "area_m2": 152,
        "eave_height_m": 3,
        "ridge_height_m": 5,
        "roof_colour": "#8c3a32",
        "roof_shape": "gable",
        "confidence": "B",
        "evidence_type": "public_gis",
        "historical_status": "plausible",
        "source_ids": [
          "SRC_OSM_OVERPASS"
        ],
        "detail_confidence": {
          "footprint": "B (public_gis — OSM way 654478865)",
          "eave_ridge_height": "C (inference — banded from footprint area; OSM carries no height here)",
          "roof_colour": "C (inference — palette from photograph 003, assigned by a hash of the OSM id)",
          "roof_shape": "C (inference — a gable along the footprint's long axis)"
        },
        "note": "scripts/import-osm-town.mjs による取り込み。外形はOSM(public_gis)だが、高さ・屋根形状・屋根色はOSMに情報がないため推定であり、detail_confidence に C として記録している。"
      }
    },
    {
      "type": "Feature",
      "geometry": {
        "type": "Polygon",
        "coordinates": [
          [
            [
              144.5071442,
              43.7144559
            ],
            [
              144.5070758,
              43.7145266
            ],
            [
              144.5071753,
              43.7145769
            ],
            [
              144.5072437,
              43.7145061
            ],
            [
              144.5071442,
              43.7144559
            ]
          ]
        ]
      },
      "properties": {
        "id": "BLDG_OSM_654478866",
        "name": null,
        "structure_type": "town_building",
        "osm_building": "yes",
        "area_m2": 93,
        "eave_height_m": 3,
        "ridge_height_m": 5,
        "roof_colour": "#2f6146",
        "roof_shape": "gable",
        "confidence": "B",
        "evidence_type": "public_gis",
        "historical_status": "plausible",
        "source_ids": [
          "SRC_OSM_OVERPASS"
        ],
        "detail_confidence": {
          "footprint": "B (public_gis — OSM way 654478866)",
          "eave_ridge_height": "C (inference — banded from footprint area; OSM carries no height here)",
          "roof_colour": "C (inference — palette from photograph 003, assigned by a hash of the OSM id)",
          "roof_shape": "C (inference — a gable along the footprint's long axis)"
        },
        "note": "scripts/import-osm-town.mjs による取り込み。外形はOSM(public_gis)だが、高さ・屋根形状・屋根色はOSMに情報がないため推定であり、detail_confidence に C として記録している。"
      }
    },
    {
      "type": "Feature",
      "geometry": {
        "type": "Polygon",
        "coordinates": [
          [
            [
              144.5068491,
              43.7145465
            ],
            [
              144.5068169,
              43.7145824
            ],
            [
              144.5068652,
              43.714605
            ],
            [
              144.5068974,
              43.7145691
            ],
            [
              144.5068491,
              43.7145465
            ]
          ]
        ]
      },
      "properties": {
        "id": "BLDG_OSM_654478867",
        "name": null,
        "structure_type": "town_building",
        "osm_building": "yes",
        "area_m2": 22,
        "eave_height_m": 2.2,
        "ridge_height_m": 3.1,
        "roof_colour": "#6b6f74",
        "roof_shape": "gable",
        "confidence": "B",
        "evidence_type": "public_gis",
        "historical_status": "plausible",
        "source_ids": [
          "SRC_OSM_OVERPASS"
        ],
        "detail_confidence": {
          "footprint": "B (public_gis — OSM way 654478867)",
          "eave_ridge_height": "C (inference — banded from footprint area; OSM carries no height here)",
          "roof_colour": "C (inference — palette from photograph 003, assigned by a hash of the OSM id)",
          "roof_shape": "C (inference — a gable along the footprint's long axis)"
        },
        "note": "scripts/import-osm-town.mjs による取り込み。外形はOSM(public_gis)だが、高さ・屋根形状・屋根色はOSMに情報がないため推定であり、detail_confidence に C として記録している。"
      }
    },
    {
      "type": "Feature",
      "geometry": {
        "type": "Polygon",
        "coordinates": [
          [
            [
              144.5070047,
              43.7147937
            ],
            [
              144.5071086,
              43.7148417
            ],
            [
              144.507154,
              43.7147903
            ],
            [
              144.5070501,
              43.7147423
            ],
            [
              144.5070047,
              43.7147937
            ]
          ]
        ]
      },
      "properties": {
        "id": "BLDG_OSM_654478868",
        "name": null,
        "structure_type": "town_building",
        "osm_building": "yes",
        "area_m2": 67,
        "eave_height_m": 2.6,
        "ridge_height_m": 4,
        "roof_colour": "#6b6f74",
        "roof_shape": "gable",
        "confidence": "B",
        "evidence_type": "public_gis",
        "historical_status": "plausible",
        "source_ids": [
          "SRC_OSM_OVERPASS"
        ],
        "detail_confidence": {
          "footprint": "B (public_gis — OSM way 654478868)",
          "eave_ridge_height": "C (inference — banded from footprint area; OSM carries no height here)",
          "roof_colour": "C (inference — palette from photograph 003, assigned by a hash of the OSM id)",
          "roof_shape": "C (inference — a gable along the footprint's long axis)"
        },
        "note": "scripts/import-osm-town.mjs による取り込み。外形はOSM(public_gis)だが、高さ・屋根形状・屋根色はOSMに情報がないため推定であり、detail_confidence に C として記録している。"
      }
    },
    {
      "type": "Feature",
      "geometry": {
        "type": "Polygon",
        "coordinates": [
          [
            [
              144.5067894,
              43.7146803
            ],
            [
              144.5069839,
              43.714769
            ],
            [
              144.5070499,
              43.7146933
            ],
            [
              144.5068555,
              43.7146046
            ],
            [
              144.5067894,
              43.7146803
            ]
          ]
        ]
      },
      "properties": {
        "id": "BLDG_OSM_654478869",
        "name": null,
        "structure_type": "town_building",
        "osm_building": "yes",
        "area_m2": 183,
        "eave_height_m": 3.6,
        "ridge_height_m": 6,
        "roof_colour": "#8a6a3a",
        "roof_shape": "gable",
        "confidence": "B",
        "evidence_type": "public_gis",
        "historical_status": "plausible",
        "source_ids": [
          "SRC_OSM_OVERPASS"
        ],
        "detail_confidence": {
          "footprint": "B (public_gis — OSM way 654478869)",
          "eave_ridge_height": "C (inference — banded from footprint area; OSM carries no height here)",
          "roof_colour": "C (inference — palette from photograph 003, assigned by a hash of the OSM id)",
          "roof_shape": "C (inference — a gable along the footprint's long axis)"
        },
        "note": "scripts/import-osm-town.mjs による取り込み。外形はOSM(public_gis)だが、高さ・屋根形状・屋根色はOSMに情報がないため推定であり、detail_confidence に C として記録している。"
      }
    },
    {
      "type": "Feature",
      "geometry": {
        "type": "Polygon",
        "coordinates": [
          [
            [
              144.5099001,
              43.7124633
            ],
            [
              144.5098398,
              43.7124372
            ],
            [
              144.5097915,
              43.7124953
            ],
            [
              144.5098519,
              43.7125215
            ],
            [
              144.5099001,
              43.7124633
            ]
          ]
        ]
      },
      "properties": {
        "id": "BLDG_OSM_654478870",
        "name": null,
        "structure_type": "town_building",
        "osm_building": "yes",
        "area_m2": 42,
        "eave_height_m": 2.6,
        "ridge_height_m": 4,
        "roof_colour": "#8c3a32",
        "roof_shape": "gable",
        "confidence": "B",
        "evidence_type": "public_gis",
        "historical_status": "plausible",
        "source_ids": [
          "SRC_OSM_OVERPASS"
        ],
        "detail_confidence": {
          "footprint": "B (public_gis — OSM way 654478870)",
          "eave_ridge_height": "C (inference — banded from footprint area; OSM carries no height here)",
          "roof_colour": "C (inference — palette from photograph 003, assigned by a hash of the OSM id)",
          "roof_shape": "C (inference — a gable along the footprint's long axis)"
        },
        "note": "scripts/import-osm-town.mjs による取り込み。外形はOSM(public_gis)だが、高さ・屋根形状・屋根色はOSMに情報がないため推定であり、detail_confidence に C として記録している。"
      }
    },
    {
      "type": "Feature",
      "geometry": {
        "type": "Polygon",
        "coordinates": [
          [
            [
              144.5099612,
              43.712491
            ],
            [
              144.5099216,
              43.7124741
            ],
            [
              144.5098753,
              43.7125308
            ],
            [
              144.5099149,
              43.7125477
            ],
            [
              144.5099612,
              43.712491
            ]
          ]
        ]
      },
      "properties": {
        "id": "BLDG_OSM_654478871",
        "name": null,
        "structure_type": "town_building",
        "osm_building": "yes",
        "area_m2": 27,
        "eave_height_m": 2.2,
        "ridge_height_m": 3.1,
        "roof_colour": "#8a6a3a",
        "roof_shape": "gable",
        "confidence": "B",
        "evidence_type": "public_gis",
        "historical_status": "plausible",
        "source_ids": [
          "SRC_OSM_OVERPASS"
        ],
        "detail_confidence": {
          "footprint": "B (public_gis — OSM way 654478871)",
          "eave_ridge_height": "C (inference — banded from footprint area; OSM carries no height here)",
          "roof_colour": "C (inference — palette from photograph 003, assigned by a hash of the OSM id)",
          "roof_shape": "C (inference — a gable along the footprint's long axis)"
        },
        "note": "scripts/import-osm-town.mjs による取り込み。外形はOSM(public_gis)だが、高さ・屋根形状・屋根色はOSMに情報がないため推定であり、detail_confidence に C として記録している。"
      }
    },
    {
      "type": "Feature",
      "geometry": {
        "type": "Polygon",
        "coordinates": [
          [
            [
              144.5099826,
              43.7125002
            ],
            [
              144.5099359,
              43.71256
            ],
            [
              144.5101223,
              43.7126361
            ],
            [
              144.510169,
              43.7125763
            ],
            [
              144.5099826,
              43.7125002
            ]
          ]
        ]
      },
      "properties": {
        "id": "BLDG_OSM_654478872",
        "name": null,
        "structure_type": "town_building",
        "osm_building": "yes",
        "area_m2": 131,
        "eave_height_m": 3,
        "ridge_height_m": 5,
        "roof_colour": "#2f6146",
        "roof_shape": "gable",
        "confidence": "B",
        "evidence_type": "public_gis",
        "historical_status": "plausible",
        "source_ids": [
          "SRC_OSM_OVERPASS"
        ],
        "detail_confidence": {
          "footprint": "B (public_gis — OSM way 654478872)",
          "eave_ridge_height": "C (inference — banded from footprint area; OSM carries no height here)",
          "roof_colour": "C (inference — palette from photograph 003, assigned by a hash of the OSM id)",
          "roof_shape": "C (inference — a gable along the footprint's long axis)"
        },
        "note": "scripts/import-osm-town.mjs による取り込み。外形はOSM(public_gis)だが、高さ・屋根形状・屋根色はOSMに情報がないため推定であり、detail_confidence に C として記録している。"
      }
    },
    {
      "type": "Feature",
      "geometry": {
        "type": "Polygon",
        "coordinates": [
          [
            [
              144.510285,
              43.7125957
            ],
            [
              144.5103291,
              43.7126147
            ],
            [
              144.5103639,
              43.7125725
            ],
            [
              144.5103199,
              43.7125535
            ],
            [
              144.510285,
              43.7125957
            ]
          ]
        ]
      },
      "properties": {
        "id": "BLDG_OSM_654478873",
        "name": null,
        "structure_type": "town_building",
        "osm_building": "yes",
        "area_m2": 22,
        "eave_height_m": 2.2,
        "ridge_height_m": 3.1,
        "roof_colour": "#2f5a7a",
        "roof_shape": "gable",
        "confidence": "B",
        "evidence_type": "public_gis",
        "historical_status": "plausible",
        "source_ids": [
          "SRC_OSM_OVERPASS"
        ],
        "detail_confidence": {
          "footprint": "B (public_gis — OSM way 654478873)",
          "eave_ridge_height": "C (inference — banded from footprint area; OSM carries no height here)",
          "roof_colour": "C (inference — palette from photograph 003, assigned by a hash of the OSM id)",
          "roof_shape": "C (inference — a gable along the footprint's long axis)"
        },
        "note": "scripts/import-osm-town.mjs による取り込み。外形はOSM(public_gis)だが、高さ・屋根形状・屋根色はOSMに情報がないため推定であり、detail_confidence に C として記録している。"
      }
    },
    {
      "type": "Feature",
      "geometry": {
        "type": "Polygon",
        "coordinates": [
          [
            [
              144.5100832,
              43.7126858
            ],
            [
              144.5099822,
              43.7126472
            ],
            [
              144.5099345,
              43.7127123
            ],
            [
              144.5099692,
              43.7127256
            ],
            [
              144.5099498,
              43.7127521
            ],
            [
              144.5100161,
              43.7127774
            ],
            [
              144.5100832,
              43.7126858
            ]
          ]
        ]
      },
      "properties": {
        "id": "BLDG_OSM_654478874",
        "name": null,
        "structure_type": "town_building",
        "osm_building": "yes",
        "area_m2": 95,
        "eave_height_m": 3,
        "ridge_height_m": 5,
        "roof_colour": "#2f5a7a",
        "roof_shape": "gable",
        "confidence": "B",
        "evidence_type": "public_gis",
        "historical_status": "plausible",
        "source_ids": [
          "SRC_OSM_OVERPASS"
        ],
        "detail_confidence": {
          "footprint": "B (public_gis — OSM way 654478874)",
          "eave_ridge_height": "C (inference — banded from footprint area; OSM carries no height here)",
          "roof_colour": "C (inference — palette from photograph 003, assigned by a hash of the OSM id)",
          "roof_shape": "C (inference — a gable along the footprint's long axis)"
        },
        "note": "scripts/import-osm-town.mjs による取り込み。外形はOSM(public_gis)だが、高さ・屋根形状・屋根色はOSMに情報がないため推定であり、detail_confidence に C として記録している。"
      }
    },
    {
      "type": "Feature",
      "geometry": {
        "type": "Polygon",
        "coordinates": [
          [
            [
              144.508903,
              43.7136537
            ],
            [
              144.5089616,
              43.71368
            ],
            [
              144.5090079,
              43.7136263
            ],
            [
              144.5089493,
              43.7135999
            ],
            [
              144.508903,
              43.7136537
            ]
          ]
        ]
      },
      "properties": {
        "id": "BLDG_OSM_654478875",
        "name": null,
        "structure_type": "town_building",
        "osm_building": "yes",
        "area_m2": 39,
        "eave_height_m": 2.6,
        "ridge_height_m": 4,
        "roof_colour": "#8c3a32",
        "roof_shape": "gable",
        "confidence": "B",
        "evidence_type": "public_gis",
        "historical_status": "plausible",
        "source_ids": [
          "SRC_OSM_OVERPASS"
        ],
        "detail_confidence": {
          "footprint": "B (public_gis — OSM way 654478875)",
          "eave_ridge_height": "C (inference — banded from footprint area; OSM carries no height here)",
          "roof_colour": "C (inference — palette from photograph 003, assigned by a hash of the OSM id)",
          "roof_shape": "C (inference — a gable along the footprint's long axis)"
        },
        "note": "scripts/import-osm-town.mjs による取り込み。外形はOSM(public_gis)だが、高さ・屋根形状・屋根色はOSMに情報がないため推定であり、detail_confidence に C として記録している。"
      }
    },
    {
      "type": "Feature",
      "geometry": {
        "type": "Polygon",
        "coordinates": [
          [
            [
              144.5089541,
              43.7135299
            ],
            [
              144.5089406,
              43.7135452
            ],
            [
              144.5089881,
              43.7135672
            ],
            [
              144.5090532,
              43.7134938
            ],
            [
              144.5089216,
              43.7134327
            ],
            [
              144.5088699,
              43.7134909
            ],
            [
              144.5089541,
              43.7135299
            ]
          ]
        ]
      },
      "properties": {
        "id": "BLDG_OSM_654478876",
        "name": null,
        "structure_type": "town_building",
        "osm_building": "yes",
        "area_m2": 105,
        "eave_height_m": 3,
        "ridge_height_m": 5,
        "roof_colour": "#6b6f74",
        "roof_shape": "gable",
        "confidence": "B",
        "evidence_type": "public_gis",
        "historical_status": "plausible",
        "source_ids": [
          "SRC_OSM_OVERPASS"
        ],
        "detail_confidence": {
          "footprint": "B (public_gis — OSM way 654478876)",
          "eave_ridge_height": "C (inference — banded from footprint area; OSM carries no height here)",
          "roof_colour": "C (inference — palette from photograph 003, assigned by a hash of the OSM id)",
          "roof_shape": "C (inference — a gable along the footprint's long axis)"
        },
        "note": "scripts/import-osm-town.mjs による取り込み。外形はOSM(public_gis)だが、高さ・屋根形状・屋根色はOSMに情報がないため推定であり、detail_confidence に C として記録している。"
      }
    },
    {
      "type": "Feature",
      "geometry": {
        "type": "Polygon",
        "coordinates": [
          [
            [
              144.510051,
              43.7147496
            ],
            [
              144.5100872,
              43.7146822
            ],
            [
              144.5099816,
              43.7146525
            ],
            [
              144.5099454,
              43.7147199
            ],
            [
              144.510051,
              43.7147496
            ]
          ]
        ]
      },
      "properties": {
        "id": "BLDG_OSM_654478877",
        "name": null,
        "structure_type": "town_building",
        "osm_building": "yes",
        "area_m2": 73,
        "eave_height_m": 3,
        "ridge_height_m": 5,
        "roof_colour": "#2f6146",
        "roof_shape": "gable",
        "confidence": "B",
        "evidence_type": "public_gis",
        "historical_status": "plausible",
        "source_ids": [
          "SRC_OSM_OVERPASS"
        ],
        "detail_confidence": {
          "footprint": "B (public_gis — OSM way 654478877)",
          "eave_ridge_height": "C (inference — banded from footprint area; OSM carries no height here)",
          "roof_colour": "C (inference — palette from photograph 003, assigned by a hash of the OSM id)",
          "roof_shape": "C (inference — a gable along the footprint's long axis)"
        },
        "note": "scripts/import-osm-town.mjs による取り込み。外形はOSM(public_gis)だが、高さ・屋根形状・屋根色はOSMに情報がないため推定であり、detail_confidence に C として記録している。"
      }
    },
    {
      "type": "Feature",
      "geometry": {
        "type": "Polygon",
        "coordinates": [
          [
            [
              144.5100617,
              43.7148872
            ],
            [
              144.51005,
              43.7149079
            ],
            [
              144.5100909,
              43.71492
            ],
            [
              144.5101026,
              43.7148993
            ],
            [
              144.5100617,
              43.7148872
            ]
          ]
        ]
      },
      "properties": {
        "id": "BLDG_OSM_654478878",
        "name": null,
        "structure_type": "town_building",
        "osm_building": "yes",
        "area_m2": 9,
        "eave_height_m": 2.2,
        "ridge_height_m": 3.1,
        "roof_colour": "#6b6f74",
        "roof_shape": "gable",
        "confidence": "B",
        "evidence_type": "public_gis",
        "historical_status": "plausible",
        "source_ids": [
          "SRC_OSM_OVERPASS"
        ],
        "detail_confidence": {
          "footprint": "B (public_gis — OSM way 654478878)",
          "eave_ridge_height": "C (inference — banded from footprint area; OSM carries no height here)",
          "roof_colour": "C (inference — palette from photograph 003, assigned by a hash of the OSM id)",
          "roof_shape": "C (inference — a gable along the footprint's long axis)"
        },
        "note": "scripts/import-osm-town.mjs による取り込み。外形はOSM(public_gis)だが、高さ・屋根形状・屋根色はOSMに情報がないため推定であり、detail_confidence に C として記録している。"
      }
    },
    {
      "type": "Feature",
      "geometry": {
        "type": "Polygon",
        "coordinates": [
          [
            [
              144.5100249,
              43.7148703
            ],
            [
              144.5100986,
              43.7148931
            ],
            [
              144.5101515,
              43.7148039
            ],
            [
              144.5100778,
              43.7147811
            ],
            [
              144.5100249,
              43.7148703
            ]
          ]
        ]
      },
      "properties": {
        "id": "BLDG_OSM_654478879",
        "name": null,
        "structure_type": "town_building",
        "osm_building": "yes",
        "area_m2": 69,
        "eave_height_m": 2.6,
        "ridge_height_m": 4,
        "roof_colour": "#2f6146",
        "roof_shape": "gable",
        "confidence": "B",
        "evidence_type": "public_gis",
        "historical_status": "plausible",
        "source_ids": [
          "SRC_OSM_OVERPASS"
        ],
        "detail_confidence": {
          "footprint": "B (public_gis — OSM way 654478879)",
          "eave_ridge_height": "C (inference — banded from footprint area; OSM carries no height here)",
          "roof_colour": "C (inference — palette from photograph 003, assigned by a hash of the OSM id)",
          "roof_shape": "C (inference — a gable along the footprint's long axis)"
        },
        "note": "scripts/import-osm-town.mjs による取り込み。外形はOSM(public_gis)だが、高さ・屋根形状・屋根色はOSMに情報がないため推定であり、detail_confidence に C として記録している。"
      }
    },
    {
      "type": "Feature",
      "geometry": {
        "type": "Polygon",
        "coordinates": [
          [
            [
              144.5098666,
              43.7148465
            ],
            [
              144.5099484,
              43.7148707
            ],
            [
              144.5099687,
              43.714835
            ],
            [
              144.509937,
              43.7148257
            ],
            [
              144.5099475,
              43.7148072
            ],
            [
              144.5098973,
              43.7147924
            ],
            [
              144.5098666,
              43.7148465
            ]
          ]
        ]
      },
      "properties": {
        "id": "BLDG_OSM_654478880",
        "name": null,
        "structure_type": "town_building",
        "osm_building": "yes",
        "area_m2": 40,
        "eave_height_m": 2.6,
        "ridge_height_m": 4,
        "roof_colour": "#8a6a3a",
        "roof_shape": "gable",
        "confidence": "B",
        "evidence_type": "public_gis",
        "historical_status": "plausible",
        "source_ids": [
          "SRC_OSM_OVERPASS"
        ],
        "detail_confidence": {
          "footprint": "B (public_gis — OSM way 654478880)",
          "eave_ridge_height": "C (inference — banded from footprint area; OSM carries no height here)",
          "roof_colour": "C (inference — palette from photograph 003, assigned by a hash of the OSM id)",
          "roof_shape": "C (inference — a gable along the footprint's long axis)"
        },
        "note": "scripts/import-osm-town.mjs による取り込み。外形はOSM(public_gis)だが、高さ・屋根形状・屋根色はOSMに情報がないため推定であり、detail_confidence に C として記録している。"
      }
    },
    {
      "type": "Feature",
      "geometry": {
        "type": "Polygon",
        "coordinates": [
          [
            [
              144.5093986,
              43.7141767
            ],
            [
              144.5094576,
              43.7141912
            ],
            [
              144.5094725,
              43.7141596
            ],
            [
              144.5094135,
              43.7141451
            ],
            [
              144.5093986,
              43.7141767
            ]
          ]
        ]
      },
      "properties": {
        "id": "BLDG_OSM_654478881",
        "name": null,
        "structure_type": "town_building",
        "osm_building": "yes",
        "area_m2": 19,
        "eave_height_m": 2.2,
        "ridge_height_m": 3.1,
        "roof_colour": "#8c3a32",
        "roof_shape": "gable",
        "confidence": "B",
        "evidence_type": "public_gis",
        "historical_status": "plausible",
        "source_ids": [
          "SRC_OSM_OVERPASS"
        ],
        "detail_confidence": {
          "footprint": "B (public_gis — OSM way 654478881)",
          "eave_ridge_height": "C (inference — banded from footprint area; OSM carries no height here)",
          "roof_colour": "C (inference — palette from photograph 003, assigned by a hash of the OSM id)",
          "roof_shape": "C (inference — a gable along the footprint's long axis)"
        },
        "note": "scripts/import-osm-town.mjs による取り込み。外形はOSM(public_gis)だが、高さ・屋根形状・屋根色はOSMに情報がないため推定であり、detail_confidence に C として記録している。"
      }
    },
    {
      "type": "Feature",
      "geometry": {
        "type": "Polygon",
        "coordinates": [
          [
            [
              144.5092504,
              43.714279
            ],
            [
              144.5092255,
              43.7143001
            ],
            [
              144.5092879,
              43.7143384
            ],
            [
              144.5093127,
              43.7143172
            ],
            [
              144.5092504,
              43.714279
            ]
          ]
        ]
      },
      "properties": {
        "id": "BLDG_OSM_654478882",
        "name": null,
        "structure_type": "town_building",
        "osm_building": "yes",
        "area_m2": 20,
        "eave_height_m": 2.2,
        "ridge_height_m": 3.1,
        "roof_colour": "#2f5a7a",
        "roof_shape": "gable",
        "confidence": "B",
        "evidence_type": "public_gis",
        "historical_status": "plausible",
        "source_ids": [
          "SRC_OSM_OVERPASS"
        ],
        "detail_confidence": {
          "footprint": "B (public_gis — OSM way 654478882)",
          "eave_ridge_height": "C (inference — banded from footprint area; OSM carries no height here)",
          "roof_colour": "C (inference — palette from photograph 003, assigned by a hash of the OSM id)",
          "roof_shape": "C (inference — a gable along the footprint's long axis)"
        },
        "note": "scripts/import-osm-town.mjs による取り込み。外形はOSM(public_gis)だが、高さ・屋根形状・屋根色はOSMに情報がないため推定であり、detail_confidence に C として記録している。"
      }
    },
    {
      "type": "Feature",
      "geometry": {
        "type": "Polygon",
        "coordinates": [
          [
            [
              144.5093188,
              43.7142174
            ],
            [
              144.5092571,
              43.7142751
            ],
            [
              144.5093349,
              43.7143186
            ],
            [
              144.5093966,
              43.7142609
            ],
            [
              144.5093188,
              43.7142174
            ]
          ]
        ]
      },
      "properties": {
        "id": "BLDG_OSM_654478883",
        "name": null,
        "structure_type": "town_building",
        "osm_building": "yes",
        "area_m2": 64,
        "eave_height_m": 2.6,
        "ridge_height_m": 4,
        "roof_colour": "#2f6146",
        "roof_shape": "gable",
        "confidence": "B",
        "evidence_type": "public_gis",
        "historical_status": "plausible",
        "source_ids": [
          "SRC_OSM_OVERPASS"
        ],
        "detail_confidence": {
          "footprint": "B (public_gis — OSM way 654478883)",
          "eave_ridge_height": "C (inference — banded from footprint area; OSM carries no height here)",
          "roof_colour": "C (inference — palette from photograph 003, assigned by a hash of the OSM id)",
          "roof_shape": "C (inference — a gable along the footprint's long axis)"
        },
        "note": "scripts/import-osm-town.mjs による取り込み。外形はOSM(public_gis)だが、高さ・屋根形状・屋根色はOSMに情報がないため推定であり、detail_confidence に C として記録している。"
      }
    },
    {
      "type": "Feature",
      "geometry": {
        "type": "Polygon",
        "coordinates": [
          [
            [
              144.5096675,
              43.7142833
            ],
            [
              144.5097023,
              43.7142551
            ],
            [
              144.5096071,
              43.7141936
            ],
            [
              144.5095722,
              43.7142218
            ],
            [
              144.5096675,
              43.7142833
            ]
          ]
        ]
      },
      "properties": {
        "id": "BLDG_OSM_654478884",
        "name": null,
        "structure_type": "town_building",
        "osm_building": "yes",
        "area_m2": 43,
        "eave_height_m": 2.6,
        "ridge_height_m": 4,
        "roof_colour": "#8c3a32",
        "roof_shape": "gable",
        "confidence": "B",
        "evidence_type": "public_gis",
        "historical_status": "plausible",
        "source_ids": [
          "SRC_OSM_OVERPASS"
        ],
        "detail_confidence": {
          "footprint": "B (public_gis — OSM way 654478884)",
          "eave_ridge_height": "C (inference — banded from footprint area; OSM carries no height here)",
          "roof_colour": "C (inference — palette from photograph 003, assigned by a hash of the OSM id)",
          "roof_shape": "C (inference — a gable along the footprint's long axis)"
        },
        "note": "scripts/import-osm-town.mjs による取り込み。外形はOSM(public_gis)だが、高さ・屋根形状・屋根色はOSMに情報がないため推定であり、detail_confidence に C として記録している。"
      }
    },
    {
      "type": "Feature",
      "geometry": {
        "type": "Polygon",
        "coordinates": [
          [
            [
              144.5091987,
              43.7145557
            ],
            [
              144.5092651,
              43.7145673
            ],
            [
              144.5092788,
              43.7145265
            ],
            [
              144.5092124,
              43.7145148
            ],
            [
              144.5091987,
              43.7145557
            ]
          ]
        ]
      },
      "properties": {
        "id": "BLDG_OSM_654478885",
        "name": null,
        "structure_type": "town_building",
        "osm_building": "yes",
        "area_m2": 26,
        "eave_height_m": 2.2,
        "ridge_height_m": 3.1,
        "roof_colour": "#2f5a7a",
        "roof_shape": "gable",
        "confidence": "B",
        "evidence_type": "public_gis",
        "historical_status": "plausible",
        "source_ids": [
          "SRC_OSM_OVERPASS"
        ],
        "detail_confidence": {
          "footprint": "B (public_gis — OSM way 654478885)",
          "eave_ridge_height": "C (inference — banded from footprint area; OSM carries no height here)",
          "roof_colour": "C (inference — palette from photograph 003, assigned by a hash of the OSM id)",
          "roof_shape": "C (inference — a gable along the footprint's long axis)"
        },
        "note": "scripts/import-osm-town.mjs による取り込み。外形はOSM(public_gis)だが、高さ・屋根形状・屋根色はOSMに情報がないため推定であり、detail_confidence に C として記録している。"
      }
    },
    {
      "type": "Feature",
      "geometry": {
        "type": "Polygon",
        "coordinates": [
          [
            [
              144.5082754,
              43.7154354
            ],
            [
              144.5083221,
              43.7154351
            ],
            [
              144.5083223,
              43.7154577
            ],
            [
              144.5083635,
              43.7154574
            ],
            [
              144.5083632,
              43.7154349
            ],
            [
              144.5083626,
              43.715369
            ],
            [
              144.5082747,
              43.7153695
            ],
            [
              144.5082754,
              43.7154354
            ]
          ]
        ]
      },
      "properties": {
        "id": "BLDG_OSM_654478886",
        "name": null,
        "structure_type": "town_building",
        "osm_building": "yes",
        "area_m2": 60,
        "eave_height_m": 2.6,
        "ridge_height_m": 4,
        "roof_colour": "#2f6146",
        "roof_shape": "flat",
        "confidence": "B",
        "evidence_type": "public_gis",
        "historical_status": "plausible",
        "source_ids": [
          "SRC_OSM_OVERPASS"
        ],
        "detail_confidence": {
          "footprint": "B (public_gis — OSM way 654478886)",
          "eave_ridge_height": "C (inference — banded from footprint area; OSM carries no height here)",
          "roof_colour": "C (inference — palette from photograph 003, assigned by a hash of the OSM id)",
          "roof_shape": "C (inference — a gable along the footprint's long axis)"
        },
        "note": "scripts/import-osm-town.mjs による取り込み。外形はOSM(public_gis)だが、高さ・屋根形状・屋根色はOSMに情報がないため推定であり、detail_confidence に C として記録している。"
      }
    },
    {
      "type": "Feature",
      "geometry": {
        "type": "Polygon",
        "coordinates": [
          [
            [
              144.5057373,
              43.7160359
            ],
            [
              144.5059171,
              43.7161178
            ],
            [
              144.505986,
              43.7160387
            ],
            [
              144.5058063,
              43.7159568
            ],
            [
              144.5057373,
              43.7160359
            ]
          ]
        ]
      },
      "properties": {
        "id": "BLDG_OSM_654478887",
        "name": null,
        "structure_type": "town_building",
        "osm_building": "yes",
        "area_m2": 177,
        "eave_height_m": 3.6,
        "ridge_height_m": 6,
        "roof_colour": "#6b6f74",
        "roof_shape": "gable",
        "confidence": "B",
        "evidence_type": "public_gis",
        "historical_status": "plausible",
        "source_ids": [
          "SRC_OSM_OVERPASS"
        ],
        "detail_confidence": {
          "footprint": "B (public_gis — OSM way 654478887)",
          "eave_ridge_height": "C (inference — banded from footprint area; OSM carries no height here)",
          "roof_colour": "C (inference — palette from photograph 003, assigned by a hash of the OSM id)",
          "roof_shape": "C (inference — a gable along the footprint's long axis)"
        },
        "note": "scripts/import-osm-town.mjs による取り込み。外形はOSM(public_gis)だが、高さ・屋根形状・屋根色はOSMに情報がないため推定であり、detail_confidence に C として記録している。"
      }
    },
    {
      "type": "Feature",
      "geometry": {
        "type": "Polygon",
        "coordinates": [
          [
            [
              144.5055912,
              43.7162108
            ],
            [
              144.5056368,
              43.716142
            ],
            [
              144.5055814,
              43.7161228
            ],
            [
              144.5055358,
              43.7161917
            ],
            [
              144.5055912,
              43.7162108
            ]
          ]
        ]
      },
      "properties": {
        "id": "BLDG_OSM_654478888",
        "name": null,
        "structure_type": "town_building",
        "osm_building": "yes",
        "area_m2": 42,
        "eave_height_m": 2.6,
        "ridge_height_m": 4,
        "roof_colour": "#2f5a7a",
        "roof_shape": "gable",
        "confidence": "B",
        "evidence_type": "public_gis",
        "historical_status": "plausible",
        "source_ids": [
          "SRC_OSM_OVERPASS"
        ],
        "detail_confidence": {
          "footprint": "B (public_gis — OSM way 654478888)",
          "eave_ridge_height": "C (inference — banded from footprint area; OSM carries no height here)",
          "roof_colour": "C (inference — palette from photograph 003, assigned by a hash of the OSM id)",
          "roof_shape": "C (inference — a gable along the footprint's long axis)"
        },
        "note": "scripts/import-osm-town.mjs による取り込み。外形はOSM(public_gis)だが、高さ・屋根形状・屋根色はOSMに情報がないため推定であり、detail_confidence に C として記録している。"
      }
    },
    {
      "type": "Feature",
      "geometry": {
        "type": "Polygon",
        "coordinates": [
          [
            [
              144.5055885,
              43.7162729
            ],
            [
              144.5055331,
              43.7163384
            ],
            [
              144.5056639,
              43.7163961
            ],
            [
              144.5056985,
              43.7163551
            ],
            [
              144.5056757,
              43.7163451
            ],
            [
              144.5056964,
              43.7163205
            ],
            [
              144.5055885,
              43.7162729
            ]
          ]
        ]
      },
      "properties": {
        "id": "BLDG_OSM_654478889",
        "name": null,
        "structure_type": "town_building",
        "osm_building": "yes",
        "area_m2": 98,
        "eave_height_m": 3,
        "ridge_height_m": 5,
        "roof_colour": "#2f6146",
        "roof_shape": "gable",
        "confidence": "B",
        "evidence_type": "public_gis",
        "historical_status": "plausible",
        "source_ids": [
          "SRC_OSM_OVERPASS"
        ],
        "detail_confidence": {
          "footprint": "B (public_gis — OSM way 654478889)",
          "eave_ridge_height": "C (inference — banded from footprint area; OSM carries no height here)",
          "roof_colour": "C (inference — palette from photograph 003, assigned by a hash of the OSM id)",
          "roof_shape": "C (inference — a gable along the footprint's long axis)"
        },
        "note": "scripts/import-osm-town.mjs による取り込み。外形はOSM(public_gis)だが、高さ・屋根形状・屋根色はOSMに情報がないため推定であり、detail_confidence に C として記録している。"
      }
    },
    {
      "type": "Feature",
      "geometry": {
        "type": "Polygon",
        "coordinates": [
          [
            [
              144.5064837,
              43.714864
            ],
            [
              144.5064411,
              43.7149165
            ],
            [
              144.506535,
              43.7149562
            ],
            [
              144.5065776,
              43.7149037
            ],
            [
              144.5064837,
              43.714864
            ]
          ]
        ]
      },
      "properties": {
        "id": "BLDG_OSM_654478890",
        "name": null,
        "structure_type": "town_building",
        "osm_building": "yes",
        "area_m2": 59,
        "eave_height_m": 2.6,
        "ridge_height_m": 4,
        "roof_colour": "#8a6a3a",
        "roof_shape": "gable",
        "confidence": "B",
        "evidence_type": "public_gis",
        "historical_status": "plausible",
        "source_ids": [
          "SRC_OSM_OVERPASS"
        ],
        "detail_confidence": {
          "footprint": "B (public_gis — OSM way 654478890)",
          "eave_ridge_height": "C (inference — banded from footprint area; OSM carries no height here)",
          "roof_colour": "C (inference — palette from photograph 003, assigned by a hash of the OSM id)",
          "roof_shape": "C (inference — a gable along the footprint's long axis)"
        },
        "note": "scripts/import-osm-town.mjs による取り込み。外形はOSM(public_gis)だが、高さ・屋根形状・屋根色はOSMに情報がないため推定であり、detail_confidence に C として記録している。"
      }
    },
    {
      "type": "Feature",
      "geometry": {
        "type": "Polygon",
        "coordinates": [
          [
            [
              144.5065708,
              43.7152042
            ],
            [
              144.5066205,
              43.715146
            ],
            [
              144.5064658,
              43.7150771
            ],
            [
              144.5064162,
              43.7151353
            ],
            [
              144.5065708,
              43.7152042
            ]
          ]
        ]
      },
      "properties": {
        "id": "BLDG_OSM_654478891",
        "name": null,
        "structure_type": "town_building",
        "osm_building": "yes",
        "area_m2": 111,
        "eave_height_m": 3,
        "ridge_height_m": 5,
        "roof_colour": "#6b6f74",
        "roof_shape": "gable",
        "confidence": "B",
        "evidence_type": "public_gis",
        "historical_status": "plausible",
        "source_ids": [
          "SRC_OSM_OVERPASS"
        ],
        "detail_confidence": {
          "footprint": "B (public_gis — OSM way 654478891)",
          "eave_ridge_height": "C (inference — banded from footprint area; OSM carries no height here)",
          "roof_colour": "C (inference — palette from photograph 003, assigned by a hash of the OSM id)",
          "roof_shape": "C (inference — a gable along the footprint's long axis)"
        },
        "note": "scripts/import-osm-town.mjs による取り込み。外形はOSM(public_gis)だが、高さ・屋根形状・屋根色はOSMに情報がないため推定であり、detail_confidence に C として記録している。"
      }
    },
    {
      "type": "Feature",
      "geometry": {
        "type": "Polygon",
        "coordinates": [
          [
            [
              144.5066607,
              43.7152439
            ],
            [
              144.5067264,
              43.7151712
            ],
            [
              144.506651,
              43.7151356
            ],
            [
              144.5065853,
              43.7152083
            ],
            [
              144.5066607,
              43.7152439
            ]
          ]
        ]
      },
      "properties": {
        "id": "BLDG_OSM_654478892",
        "name": null,
        "structure_type": "town_building",
        "osm_building": "yes",
        "area_m2": 70,
        "eave_height_m": 2.6,
        "ridge_height_m": 4,
        "roof_colour": "#2f6146",
        "roof_shape": "gable",
        "confidence": "B",
        "evidence_type": "public_gis",
        "historical_status": "plausible",
        "source_ids": [
          "SRC_OSM_OVERPASS"
        ],
        "detail_confidence": {
          "footprint": "B (public_gis — OSM way 654478892)",
          "eave_ridge_height": "C (inference — banded from footprint area; OSM carries no height here)",
          "roof_colour": "C (inference — palette from photograph 003, assigned by a hash of the OSM id)",
          "roof_shape": "C (inference — a gable along the footprint's long axis)"
        },
        "note": "scripts/import-osm-town.mjs による取り込み。外形はOSM(public_gis)だが、高さ・屋根形状・屋根色はOSMに情報がないため推定であり、detail_confidence に C として記録している。"
      }
    },
    {
      "type": "Feature",
      "geometry": {
        "type": "Polygon",
        "coordinates": [
          [
            [
              144.5072427,
              43.7148736
            ],
            [
              144.5073527,
              43.7149241
            ],
            [
              144.5073978,
              43.7148726
            ],
            [
              144.5072878,
              43.7148222
            ],
            [
              144.5072427,
              43.7148736
            ]
          ]
        ]
      },
      "properties": {
        "id": "BLDG_OSM_654478893",
        "name": null,
        "structure_type": "town_building",
        "osm_building": "yes",
        "area_m2": 71,
        "eave_height_m": 3,
        "ridge_height_m": 5,
        "roof_colour": "#2f5a7a",
        "roof_shape": "gable",
        "confidence": "B",
        "evidence_type": "public_gis",
        "historical_status": "plausible",
        "source_ids": [
          "SRC_OSM_OVERPASS"
        ],
        "detail_confidence": {
          "footprint": "B (public_gis — OSM way 654478893)",
          "eave_ridge_height": "C (inference — banded from footprint area; OSM carries no height here)",
          "roof_colour": "C (inference — palette from photograph 003, assigned by a hash of the OSM id)",
          "roof_shape": "C (inference — a gable along the footprint's long axis)"
        },
        "note": "scripts/import-osm-town.mjs による取り込み。外形はOSM(public_gis)だが、高さ・屋根形状・屋根色はOSMに情報がないため推定であり、detail_confidence に C として記録している。"
      }
    },
    {
      "type": "Feature",
      "geometry": {
        "type": "Polygon",
        "coordinates": [
          [
            [
              144.5069732,
              43.7151596
            ],
            [
              144.5070977,
              43.7152167
            ],
            [
              144.507142,
              43.7151663
            ],
            [
              144.5070174,
              43.7151092
            ],
            [
              144.5069732,
              43.7151596
            ]
          ]
        ]
      },
      "properties": {
        "id": "BLDG_OSM_654478894",
        "name": null,
        "structure_type": "town_building",
        "osm_building": "yes",
        "area_m2": 78,
        "eave_height_m": 3,
        "ridge_height_m": 5,
        "roof_colour": "#8c3a32",
        "roof_shape": "gable",
        "confidence": "B",
        "evidence_type": "public_gis",
        "historical_status": "plausible",
        "source_ids": [
          "SRC_OSM_OVERPASS"
        ],
        "detail_confidence": {
          "footprint": "B (public_gis — OSM way 654478894)",
          "eave_ridge_height": "C (inference — banded from footprint area; OSM carries no height here)",
          "roof_colour": "C (inference — palette from photograph 003, assigned by a hash of the OSM id)",
          "roof_shape": "C (inference — a gable along the footprint's long axis)"
        },
        "note": "scripts/import-osm-town.mjs による取り込み。外形はOSM(public_gis)だが、高さ・屋根形状・屋根色はOSMに情報がないため推定であり、detail_confidence に C として記録している。"
      }
    },
    {
      "type": "Feature",
      "geometry": {
        "type": "Polygon",
        "coordinates": [
          [
            [
              144.5069356,
              43.7152875
            ],
            [
              144.5070724,
              43.7153428
            ],
            [
              144.5071184,
              43.7152834
            ],
            [
              144.5069816,
              43.7152281
            ],
            [
              144.5069356,
              43.7152875
            ]
          ]
        ]
      },
      "properties": {
        "id": "BLDG_OSM_654478895",
        "name": null,
        "structure_type": "town_building",
        "osm_building": "yes",
        "area_m2": 95,
        "eave_height_m": 3,
        "ridge_height_m": 5,
        "roof_colour": "#8a6a3a",
        "roof_shape": "gable",
        "confidence": "B",
        "evidence_type": "public_gis",
        "historical_status": "plausible",
        "source_ids": [
          "SRC_OSM_OVERPASS"
        ],
        "detail_confidence": {
          "footprint": "B (public_gis — OSM way 654478895)",
          "eave_ridge_height": "C (inference — banded from footprint area; OSM carries no height here)",
          "roof_colour": "C (inference — palette from photograph 003, assigned by a hash of the OSM id)",
          "roof_shape": "C (inference — a gable along the footprint's long axis)"
        },
        "note": "scripts/import-osm-town.mjs による取り込み。外形はOSM(public_gis)だが、高さ・屋根形状・屋根色はOSMに情報がないため推定であり、detail_confidence に C として記録している。"
      }
    },
    {
      "type": "Feature",
      "geometry": {
        "type": "Polygon",
        "coordinates": [
          [
            [
              144.5064569,
              43.7157451
            ],
            [
              144.5065159,
              43.7157712
            ],
            [
              144.506535,
              43.7157487
            ],
            [
              144.506476,
              43.7157226
            ],
            [
              144.5064569,
              43.7157451
            ]
          ]
        ]
      },
      "properties": {
        "id": "BLDG_OSM_654478896",
        "name": null,
        "structure_type": "town_building",
        "osm_building": "yes",
        "area_m2": 16,
        "eave_height_m": 2.2,
        "ridge_height_m": 3.1,
        "roof_colour": "#6b6f74",
        "roof_shape": "gable",
        "confidence": "B",
        "evidence_type": "public_gis",
        "historical_status": "plausible",
        "source_ids": [
          "SRC_OSM_OVERPASS"
        ],
        "detail_confidence": {
          "footprint": "B (public_gis — OSM way 654478896)",
          "eave_ridge_height": "C (inference — banded from footprint area; OSM carries no height here)",
          "roof_colour": "C (inference — palette from photograph 003, assigned by a hash of the OSM id)",
          "roof_shape": "C (inference — a gable along the footprint's long axis)"
        },
        "note": "scripts/import-osm-town.mjs による取り込み。外形はOSM(public_gis)だが、高さ・屋根形状・屋根色はOSMに情報がないため推定であり、detail_confidence に C として記録している。"
      }
    },
    {
      "type": "Feature",
      "geometry": {
        "type": "Polygon",
        "coordinates": [
          [
            [
              144.5064086,
              43.7157955
            ],
            [
              144.5065038,
              43.7158391
            ],
            [
              144.5065328,
              43.715806
            ],
            [
              144.5064376,
              43.7157624
            ],
            [
              144.5064086,
              43.7157955
            ]
          ]
        ]
      },
      "properties": {
        "id": "BLDG_OSM_654478897",
        "name": null,
        "structure_type": "town_building",
        "osm_building": "yes",
        "area_m2": 39,
        "eave_height_m": 2.6,
        "ridge_height_m": 4,
        "roof_colour": "#2f6146",
        "roof_shape": "gable",
        "confidence": "B",
        "evidence_type": "public_gis",
        "historical_status": "plausible",
        "source_ids": [
          "SRC_OSM_OVERPASS"
        ],
        "detail_confidence": {
          "footprint": "B (public_gis — OSM way 654478897)",
          "eave_ridge_height": "C (inference — banded from footprint area; OSM carries no height here)",
          "roof_colour": "C (inference — palette from photograph 003, assigned by a hash of the OSM id)",
          "roof_shape": "C (inference — a gable along the footprint's long axis)"
        },
        "note": "scripts/import-osm-town.mjs による取り込み。外形はOSM(public_gis)だが、高さ・屋根形状・屋根色はOSMに情報がないため推定であり、detail_confidence に C として記録している。"
      }
    },
    {
      "type": "Feature",
      "geometry": {
        "type": "Polygon",
        "coordinates": [
          [
            [
              144.5067009,
              43.7158372
            ],
            [
              144.5067454,
              43.7158591
            ],
            [
              144.5067857,
              43.7158164
            ],
            [
              144.5067412,
              43.7157945
            ],
            [
              144.5067009,
              43.7158372
            ]
          ]
        ]
      },
      "properties": {
        "id": "BLDG_OSM_654478898",
        "name": null,
        "structure_type": "town_building",
        "osm_building": "yes",
        "area_m2": 25,
        "eave_height_m": 2.2,
        "ridge_height_m": 3.1,
        "roof_colour": "#2f5a7a",
        "roof_shape": "gable",
        "confidence": "B",
        "evidence_type": "public_gis",
        "historical_status": "plausible",
        "source_ids": [
          "SRC_OSM_OVERPASS"
        ],
        "detail_confidence": {
          "footprint": "B (public_gis — OSM way 654478898)",
          "eave_ridge_height": "C (inference — banded from footprint area; OSM carries no height here)",
          "roof_colour": "C (inference — palette from photograph 003, assigned by a hash of the OSM id)",
          "roof_shape": "C (inference — a gable along the footprint's long axis)"
        },
        "note": "scripts/import-osm-town.mjs による取り込み。外形はOSM(public_gis)だが、高さ・屋根形状・屋根色はOSMに情報がないため推定であり、detail_confidence に C として記録している。"
      }
    },
    {
      "type": "Feature",
      "geometry": {
        "type": "Polygon",
        "coordinates": [
          [
            [
              144.506548,
              43.7157809
            ],
            [
              144.5066795,
              43.715842
            ],
            [
              144.5067437,
              43.7157698
            ],
            [
              144.5066122,
              43.7157088
            ],
            [
              144.506548,
              43.7157809
            ]
          ]
        ]
      },
      "properties": {
        "id": "BLDG_OSM_654478899",
        "name": null,
        "structure_type": "town_building",
        "osm_building": "yes",
        "area_m2": 119,
        "eave_height_m": 3,
        "ridge_height_m": 5,
        "roof_colour": "#8c3a32",
        "roof_shape": "gable",
        "confidence": "B",
        "evidence_type": "public_gis",
        "historical_status": "plausible",
        "source_ids": [
          "SRC_OSM_OVERPASS"
        ],
        "detail_confidence": {
          "footprint": "B (public_gis — OSM way 654478899)",
          "eave_ridge_height": "C (inference — banded from footprint area; OSM carries no height here)",
          "roof_colour": "C (inference — palette from photograph 003, assigned by a hash of the OSM id)",
          "roof_shape": "C (inference — a gable along the footprint's long axis)"
        },
        "note": "scripts/import-osm-town.mjs による取り込み。外形はOSM(public_gis)だが、高さ・屋根形状・屋根色はOSMに情報がないため推定であり、detail_confidence に C として記録している。"
      }
    },
    {
      "type": "Feature",
      "geometry": {
        "type": "Polygon",
        "coordinates": [
          [
            [
              144.5065145,
              43.7159515
            ],
            [
              144.5063992,
              43.7158953
            ],
            [
              144.5063349,
              43.7159642
            ],
            [
              144.5064503,
              43.7160204
            ],
            [
              144.5065145,
              43.7159515
            ]
          ]
        ]
      },
      "properties": {
        "id": "BLDG_OSM_654478900",
        "name": null,
        "structure_type": "town_building",
        "osm_building": "yes",
        "area_m2": 103,
        "eave_height_m": 3,
        "ridge_height_m": 5,
        "roof_colour": "#8c3a32",
        "roof_shape": "gable",
        "confidence": "B",
        "evidence_type": "public_gis",
        "historical_status": "plausible",
        "source_ids": [
          "SRC_OSM_OVERPASS"
        ],
        "detail_confidence": {
          "footprint": "B (public_gis — OSM way 654478900)",
          "eave_ridge_height": "C (inference — banded from footprint area; OSM carries no height here)",
          "roof_colour": "C (inference — palette from photograph 003, assigned by a hash of the OSM id)",
          "roof_shape": "C (inference — a gable along the footprint's long axis)"
        },
        "note": "scripts/import-osm-town.mjs による取り込み。外形はOSM(public_gis)だが、高さ・屋根形状・屋根色はOSMに情報がないため推定であり、detail_confidence に C として記録している。"
      }
    },
    {
      "type": "Feature",
      "geometry": {
        "type": "Polygon",
        "coordinates": [
          [
            [
              144.5069839,
              43.7158187
            ],
            [
              144.5070912,
              43.7158711
            ],
            [
              144.5071364,
              43.7158227
            ],
            [
              144.5070291,
              43.7157704
            ],
            [
              144.5069839,
              43.7158187
            ]
          ]
        ]
      },
      "properties": {
        "id": "BLDG_OSM_654478901",
        "name": null,
        "structure_type": "town_building",
        "osm_building": "yes",
        "area_m2": 67,
        "eave_height_m": 2.6,
        "ridge_height_m": 4,
        "roof_colour": "#8a6a3a",
        "roof_shape": "gable",
        "confidence": "B",
        "evidence_type": "public_gis",
        "historical_status": "plausible",
        "source_ids": [
          "SRC_OSM_OVERPASS"
        ],
        "detail_confidence": {
          "footprint": "B (public_gis — OSM way 654478901)",
          "eave_ridge_height": "C (inference — banded from footprint area; OSM carries no height here)",
          "roof_colour": "C (inference — palette from photograph 003, assigned by a hash of the OSM id)",
          "roof_shape": "C (inference — a gable along the footprint's long axis)"
        },
        "note": "scripts/import-osm-town.mjs による取り込み。外形はOSM(public_gis)だが、高さ・屋根形状・屋根色はOSMに情報がないため推定であり、detail_confidence に C として記録している。"
      }
    },
    {
      "type": "Feature",
      "geometry": {
        "type": "Polygon",
        "coordinates": [
          [
            [
              144.5070597,
              43.7160809
            ],
            [
              144.5071214,
              43.7161168
            ],
            [
              144.507142,
              43.7160982
            ],
            [
              144.5070803,
              43.7160624
            ],
            [
              144.5070597,
              43.7160809
            ]
          ]
        ]
      },
      "properties": {
        "id": "BLDG_OSM_654478902",
        "name": null,
        "structure_type": "town_building",
        "osm_building": "yes",
        "area_m2": 17,
        "eave_height_m": 2.2,
        "ridge_height_m": 3.1,
        "roof_colour": "#2f6146",
        "roof_shape": "gable",
        "confidence": "B",
        "evidence_type": "public_gis",
        "historical_status": "plausible",
        "source_ids": [
          "SRC_OSM_OVERPASS"
        ],
        "detail_confidence": {
          "footprint": "B (public_gis — OSM way 654478902)",
          "eave_ridge_height": "C (inference — banded from footprint area; OSM carries no height here)",
          "roof_colour": "C (inference — palette from photograph 003, assigned by a hash of the OSM id)",
          "roof_shape": "C (inference — a gable along the footprint's long axis)"
        },
        "note": "scripts/import-osm-town.mjs による取り込み。外形はOSM(public_gis)だが、高さ・屋根形状・屋根色はOSMに情報がないため推定であり、detail_confidence に C として記録している。"
      }
    },
    {
      "type": "Feature",
      "geometry": {
        "type": "Polygon",
        "coordinates": [
          [
            [
              144.5068223,
              43.7161076
            ],
            [
              144.5069014,
              43.7161498
            ],
            [
              144.50695,
              43.7161021
            ],
            [
              144.5068709,
              43.7160599
            ],
            [
              144.5068223,
              43.7161076
            ]
          ]
        ]
      },
      "properties": {
        "id": "BLDG_OSM_654478903",
        "name": null,
        "structure_type": "town_building",
        "osm_building": "yes",
        "area_m2": 52,
        "eave_height_m": 2.6,
        "ridge_height_m": 4,
        "roof_colour": "#2f5a7a",
        "roof_shape": "gable",
        "confidence": "B",
        "evidence_type": "public_gis",
        "historical_status": "plausible",
        "source_ids": [
          "SRC_OSM_OVERPASS"
        ],
        "detail_confidence": {
          "footprint": "B (public_gis — OSM way 654478903)",
          "eave_ridge_height": "C (inference — banded from footprint area; OSM carries no height here)",
          "roof_colour": "C (inference — palette from photograph 003, assigned by a hash of the OSM id)",
          "roof_shape": "C (inference — a gable along the footprint's long axis)"
        },
        "note": "scripts/import-osm-town.mjs による取り込み。外形はOSM(public_gis)だが、高さ・屋根形状・屋根色はOSMに情報がないため推定であり、detail_confidence に C として記録している。"
      }
    },
    {
      "type": "Feature",
      "geometry": {
        "type": "Polygon",
        "coordinates": [
          [
            [
              144.5070194,
              43.7162113
            ],
            [
              144.5071153,
              43.7161212
            ],
            [
              144.5070205,
              43.7160685
            ],
            [
              144.5069246,
              43.7161586
            ],
            [
              144.5070194,
              43.7162113
            ]
          ]
        ]
      },
      "properties": {
        "id": "BLDG_OSM_654478904",
        "name": null,
        "structure_type": "town_building",
        "osm_building": "yes",
        "area_m2": 121,
        "eave_height_m": 3,
        "ridge_height_m": 5,
        "roof_colour": "#2f5a7a",
        "roof_shape": "gable",
        "confidence": "B",
        "evidence_type": "public_gis",
        "historical_status": "plausible",
        "source_ids": [
          "SRC_OSM_OVERPASS"
        ],
        "detail_confidence": {
          "footprint": "B (public_gis — OSM way 654478904)",
          "eave_ridge_height": "C (inference — banded from footprint area; OSM carries no height here)",
          "roof_colour": "C (inference — palette from photograph 003, assigned by a hash of the OSM id)",
          "roof_shape": "C (inference — a gable along the footprint's long axis)"
        },
        "note": "scripts/import-osm-town.mjs による取り込み。外形はOSM(public_gis)だが、高さ・屋根形状・屋根色はOSMに情報がないため推定であり、detail_confidence に C として記録している。"
      }
    },
    {
      "type": "Feature",
      "geometry": {
        "type": "Polygon",
        "coordinates": [
          [
            [
              144.506776,
              43.7164255
            ],
            [
              144.5068907,
              43.7163005
            ],
            [
              144.5067386,
              43.7162276
            ],
            [
              144.506624,
              43.7163527
            ],
            [
              144.506776,
              43.7164255
            ]
          ]
        ]
      },
      "properties": {
        "id": "BLDG_OSM_654478905",
        "name": null,
        "structure_type": "town_building",
        "osm_building": "yes",
        "area_m2": 243,
        "eave_height_m": 3.6,
        "ridge_height_m": 6,
        "roof_colour": "#8c3a32",
        "roof_shape": "gable",
        "confidence": "B",
        "evidence_type": "public_gis",
        "historical_status": "plausible",
        "source_ids": [
          "SRC_OSM_OVERPASS"
        ],
        "detail_confidence": {
          "footprint": "B (public_gis — OSM way 654478905)",
          "eave_ridge_height": "C (inference — banded from footprint area; OSM carries no height here)",
          "roof_colour": "C (inference — palette from photograph 003, assigned by a hash of the OSM id)",
          "roof_shape": "C (inference — a gable along the footprint's long axis)"
        },
        "note": "scripts/import-osm-town.mjs による取り込み。外形はOSM(public_gis)だが、高さ・屋根形状・屋根色はOSMに情報がないため推定であり、detail_confidence に C として記録している。"
      }
    },
    {
      "type": "Feature",
      "geometry": {
        "type": "Polygon",
        "coordinates": [
          [
            [
              144.5066198,
              43.7163659
            ],
            [
              144.5065525,
              43.716446
            ],
            [
              144.5066588,
              43.7164927
            ],
            [
              144.5066835,
              43.7164633
            ],
            [
              144.5067207,
              43.7164796
            ],
            [
              144.5067633,
              43.7164289
            ],
            [
              144.5066198,
              43.7163659
            ]
          ]
        ]
      },
      "properties": {
        "id": "BLDG_OSM_654478906",
        "name": null,
        "structure_type": "town_building",
        "osm_building": "yes",
        "area_m2": 127,
        "eave_height_m": 3,
        "ridge_height_m": 5,
        "roof_colour": "#6b6f74",
        "roof_shape": "gable",
        "confidence": "B",
        "evidence_type": "public_gis",
        "historical_status": "plausible",
        "source_ids": [
          "SRC_OSM_OVERPASS"
        ],
        "detail_confidence": {
          "footprint": "B (public_gis — OSM way 654478906)",
          "eave_ridge_height": "C (inference — banded from footprint area; OSM carries no height here)",
          "roof_colour": "C (inference — palette from photograph 003, assigned by a hash of the OSM id)",
          "roof_shape": "C (inference — a gable along the footprint's long axis)"
        },
        "note": "scripts/import-osm-town.mjs による取り込み。外形はOSM(public_gis)だが、高さ・屋根形状・屋根色はOSMに情報がないため推定であり、detail_confidence に C として記録している。"
      }
    },
    {
      "type": "Feature",
      "geometry": {
        "type": "Polygon",
        "coordinates": [
          [
            [
              144.5059459,
              43.7166882
            ],
            [
              144.5059874,
              43.7167067
            ],
            [
              144.5060283,
              43.7166587
            ],
            [
              144.5059868,
              43.7166402
            ],
            [
              144.5059459,
              43.7166882
            ]
          ]
        ]
      },
      "properties": {
        "id": "BLDG_OSM_654478907",
        "name": null,
        "structure_type": "town_building",
        "osm_building": "yes",
        "area_m2": 24,
        "eave_height_m": 2.2,
        "ridge_height_m": 3.1,
        "roof_colour": "#2f6146",
        "roof_shape": "gable",
        "confidence": "B",
        "evidence_type": "public_gis",
        "historical_status": "plausible",
        "source_ids": [
          "SRC_OSM_OVERPASS"
        ],
        "detail_confidence": {
          "footprint": "B (public_gis — OSM way 654478907)",
          "eave_ridge_height": "C (inference — banded from footprint area; OSM carries no height here)",
          "roof_colour": "C (inference — palette from photograph 003, assigned by a hash of the OSM id)",
          "roof_shape": "C (inference — a gable along the footprint's long axis)"
        },
        "note": "scripts/import-osm-town.mjs による取り込み。外形はOSM(public_gis)だが、高さ・屋根形状・屋根色はOSMに情報がないため推定であり、detail_confidence に C として記録している。"
      }
    },
    {
      "type": "Feature",
      "geometry": {
        "type": "Polygon",
        "coordinates": [
          [
            [
              144.5060096,
              43.7162457
            ],
            [
              144.5061082,
              43.7162898
            ],
            [
              144.5061319,
              43.7162621
            ],
            [
              144.5060333,
              43.716218
            ],
            [
              144.5060096,
              43.7162457
            ]
          ]
        ]
      },
      "properties": {
        "id": "BLDG_OSM_654478908",
        "name": null,
        "structure_type": "town_building",
        "osm_building": "yes",
        "area_m2": 34,
        "eave_height_m": 2.6,
        "ridge_height_m": 4,
        "roof_colour": "#2f6146",
        "roof_shape": "gable",
        "confidence": "B",
        "evidence_type": "public_gis",
        "historical_status": "plausible",
        "source_ids": [
          "SRC_OSM_OVERPASS"
        ],
        "detail_confidence": {
          "footprint": "B (public_gis — OSM way 654478908)",
          "eave_ridge_height": "C (inference — banded from footprint area; OSM carries no height here)",
          "roof_colour": "C (inference — palette from photograph 003, assigned by a hash of the OSM id)",
          "roof_shape": "C (inference — a gable along the footprint's long axis)"
        },
        "note": "scripts/import-osm-town.mjs による取り込み。外形はOSM(public_gis)だが、高さ・屋根形状・屋根色はOSMに情報がないため推定であり、detail_confidence に C として記録している。"
      }
    },
    {
      "type": "Feature",
      "geometry": {
        "type": "Polygon",
        "coordinates": [
          [
            [
              144.5059922,
              43.7162748
            ],
            [
              144.5060518,
              43.716301
            ],
            [
              144.5060684,
              43.7162813
            ],
            [
              144.5060087,
              43.7162551
            ],
            [
              144.5059922,
              43.7162748
            ]
          ]
        ]
      },
      "properties": {
        "id": "BLDG_OSM_654478909",
        "name": null,
        "structure_type": "town_building",
        "osm_building": "yes",
        "area_m2": 14,
        "eave_height_m": 2.2,
        "ridge_height_m": 3.1,
        "roof_colour": "#2f5a7a",
        "roof_shape": "gable",
        "confidence": "B",
        "evidence_type": "public_gis",
        "historical_status": "plausible",
        "source_ids": [
          "SRC_OSM_OVERPASS"
        ],
        "detail_confidence": {
          "footprint": "B (public_gis — OSM way 654478909)",
          "eave_ridge_height": "C (inference — banded from footprint area; OSM carries no height here)",
          "roof_colour": "C (inference — palette from photograph 003, assigned by a hash of the OSM id)",
          "roof_shape": "C (inference — a gable along the footprint's long axis)"
        },
        "note": "scripts/import-osm-town.mjs による取り込み。外形はOSM(public_gis)だが、高さ・屋根形状・屋根色はOSMに情報がないため推定であり、detail_confidence に C として記録している。"
      }
    },
    {
      "type": "Feature",
      "geometry": {
        "type": "Polygon",
        "coordinates": [
          [
            [
              144.5059224,
              43.7163548
            ],
            [
              144.5059767,
              43.71638
            ],
            [
              144.5060022,
              43.7163513
            ],
            [
              144.5059479,
              43.7163261
            ],
            [
              144.5059224,
              43.7163548
            ]
          ]
        ]
      },
      "properties": {
        "id": "BLDG_OSM_654478910",
        "name": null,
        "structure_type": "town_building",
        "osm_building": "yes",
        "area_m2": 20,
        "eave_height_m": 2.2,
        "ridge_height_m": 3.1,
        "roof_colour": "#8a6a3a",
        "roof_shape": "gable",
        "confidence": "B",
        "evidence_type": "public_gis",
        "historical_status": "plausible",
        "source_ids": [
          "SRC_OSM_OVERPASS"
        ],
        "detail_confidence": {
          "footprint": "B (public_gis — OSM way 654478910)",
          "eave_ridge_height": "C (inference — banded from footprint area; OSM carries no height here)",
          "roof_colour": "C (inference — palette from photograph 003, assigned by a hash of the OSM id)",
          "roof_shape": "C (inference — a gable along the footprint's long axis)"
        },
        "note": "scripts/import-osm-town.mjs による取り込み。外形はOSM(public_gis)だが、高さ・屋根形状・屋根色はOSMに情報がないため推定であり、detail_confidence に C として記録している。"
      }
    },
    {
      "type": "Feature",
      "geometry": {
        "type": "Polygon",
        "coordinates": [
          [
            [
              144.5057783,
              43.7165065
            ],
            [
              144.5058554,
              43.716543
            ],
            [
              144.505964,
              43.7164233
            ],
            [
              144.5058869,
              43.7163868
            ],
            [
              144.5057783,
              43.7165065
            ]
          ]
        ]
      },
      "properties": {
        "id": "BLDG_OSM_654478911",
        "name": null,
        "structure_type": "town_building",
        "osm_building": "yes",
        "area_m2": 117,
        "eave_height_m": 3,
        "ridge_height_m": 5,
        "roof_colour": "#8c3a32",
        "roof_shape": "gable",
        "confidence": "B",
        "evidence_type": "public_gis",
        "historical_status": "plausible",
        "source_ids": [
          "SRC_OSM_OVERPASS"
        ],
        "detail_confidence": {
          "footprint": "B (public_gis — OSM way 654478911)",
          "eave_ridge_height": "C (inference — banded from footprint area; OSM carries no height here)",
          "roof_colour": "C (inference — palette from photograph 003, assigned by a hash of the OSM id)",
          "roof_shape": "C (inference — a gable along the footprint's long axis)"
        },
        "note": "scripts/import-osm-town.mjs による取り込み。外形はOSM(public_gis)だが、高さ・屋根形状・屋根色はOSMに情報がないため推定であり、detail_confidence に C として記録している。"
      }
    },
    {
      "type": "Feature",
      "geometry": {
        "type": "Polygon",
        "coordinates": [
          [
            [
              144.5058044,
              43.7166235
            ],
            [
              144.5059378,
              43.7166824
            ],
            [
              144.505996,
              43.7166136
            ],
            [
              144.5057754,
              43.7165161
            ],
            [
              144.5057011,
              43.7166029
            ],
            [
              144.505789,
              43.7166417
            ],
            [
              144.5058044,
              43.7166235
            ]
          ]
        ]
      },
      "properties": {
        "id": "BLDG_OSM_654478912",
        "name": null,
        "structure_type": "town_building",
        "osm_building": "yes",
        "area_m2": 205,
        "eave_height_m": 3.6,
        "ridge_height_m": 6,
        "roof_colour": "#2f6146",
        "roof_shape": "gable",
        "confidence": "B",
        "evidence_type": "public_gis",
        "historical_status": "plausible",
        "source_ids": [
          "SRC_OSM_OVERPASS"
        ],
        "detail_confidence": {
          "footprint": "B (public_gis — OSM way 654478912)",
          "eave_ridge_height": "C (inference — banded from footprint area; OSM carries no height here)",
          "roof_colour": "C (inference — palette from photograph 003, assigned by a hash of the OSM id)",
          "roof_shape": "C (inference — a gable along the footprint's long axis)"
        },
        "note": "scripts/import-osm-town.mjs による取り込み。外形はOSM(public_gis)だが、高さ・屋根形状・屋根色はOSMに情報がないため推定であり、detail_confidence に C として記録している。"
      }
    },
    {
      "type": "Feature",
      "geometry": {
        "type": "Polygon",
        "coordinates": [
          [
            [
              144.5056401,
              43.7166514
            ],
            [
              144.5057219,
              43.7166901
            ],
            [
              144.5057458,
              43.7166638
            ],
            [
              144.505664,
              43.7166251
            ],
            [
              144.5056401,
              43.7166514
            ]
          ]
        ]
      },
      "properties": {
        "id": "BLDG_OSM_654478914",
        "name": null,
        "structure_type": "town_building",
        "osm_building": "yes",
        "area_m2": 27,
        "eave_height_m": 2.2,
        "ridge_height_m": 3.1,
        "roof_colour": "#6b6f74",
        "roof_shape": "gable",
        "confidence": "B",
        "evidence_type": "public_gis",
        "historical_status": "plausible",
        "source_ids": [
          "SRC_OSM_OVERPASS"
        ],
        "detail_confidence": {
          "footprint": "B (public_gis — OSM way 654478914)",
          "eave_ridge_height": "C (inference — banded from footprint area; OSM carries no height here)",
          "roof_colour": "C (inference — palette from photograph 003, assigned by a hash of the OSM id)",
          "roof_shape": "C (inference — a gable along the footprint's long axis)"
        },
        "note": "scripts/import-osm-town.mjs による取り込み。外形はOSM(public_gis)だが、高さ・屋根形状・屋根色はOSMに情報がないため推定であり、detail_confidence に C として記録している。"
      }
    },
    {
      "type": "Feature",
      "geometry": {
        "type": "Polygon",
        "coordinates": [
          [
            [
              144.5055603,
              43.7168011
            ],
            [
              144.5057883,
              43.7169034
            ],
            [
              144.5058703,
              43.7168079
            ],
            [
              144.5056423,
              43.7167057
            ],
            [
              144.5055603,
              43.7168011
            ]
          ]
        ]
      },
      "properties": {
        "id": "BLDG_OSM_654478915",
        "name": null,
        "structure_type": "town_building",
        "osm_building": "yes",
        "area_m2": 268,
        "eave_height_m": 3.6,
        "ridge_height_m": 6,
        "roof_colour": "#8a6a3a",
        "roof_shape": "gable",
        "confidence": "B",
        "evidence_type": "public_gis",
        "historical_status": "plausible",
        "source_ids": [
          "SRC_OSM_OVERPASS"
        ],
        "detail_confidence": {
          "footprint": "B (public_gis — OSM way 654478915)",
          "eave_ridge_height": "C (inference — banded from footprint area; OSM carries no height here)",
          "roof_colour": "C (inference — palette from photograph 003, assigned by a hash of the OSM id)",
          "roof_shape": "C (inference — a gable along the footprint's long axis)"
        },
        "note": "scripts/import-osm-town.mjs による取り込み。外形はOSM(public_gis)だが、高さ・屋根形状・屋根色はOSMに情報がないため推定であり、detail_confidence に C として記録している。"
      }
    },
    {
      "type": "Feature",
      "geometry": {
        "type": "Polygon",
        "coordinates": [
          [
            [
              144.5059606,
              43.7169228
            ],
            [
              144.5060109,
              43.7169436
            ],
            [
              144.5060294,
              43.7169204
            ],
            [
              144.5059791,
              43.7168995
            ],
            [
              144.5059606,
              43.7169228
            ]
          ]
        ]
      },
      "properties": {
        "id": "BLDG_OSM_654478916",
        "name": null,
        "structure_type": "town_building",
        "osm_building": "yes",
        "area_m2": 14,
        "eave_height_m": 2.2,
        "ridge_height_m": 3.1,
        "roof_colour": "#2f5a7a",
        "roof_shape": "gable",
        "confidence": "B",
        "evidence_type": "public_gis",
        "historical_status": "plausible",
        "source_ids": [
          "SRC_OSM_OVERPASS"
        ],
        "detail_confidence": {
          "footprint": "B (public_gis — OSM way 654478916)",
          "eave_ridge_height": "C (inference — banded from footprint area; OSM carries no height here)",
          "roof_colour": "C (inference — palette from photograph 003, assigned by a hash of the OSM id)",
          "roof_shape": "C (inference — a gable along the footprint's long axis)"
        },
        "note": "scripts/import-osm-town.mjs による取り込み。外形はOSM(public_gis)だが、高さ・屋根形状・屋根色はOSMに情報がないため推定であり、detail_confidence に C として記録している。"
      }
    },
    {
      "type": "Feature",
      "geometry": {
        "type": "Polygon",
        "coordinates": [
          [
            [
              144.5060277,
              43.716947
            ],
            [
              144.5060948,
              43.7169756
            ],
            [
              144.5061183,
              43.7169467
            ],
            [
              144.5060513,
              43.7169181
            ],
            [
              144.5060277,
              43.716947
            ]
          ]
        ]
      },
      "properties": {
        "id": "BLDG_OSM_654478918",
        "name": null,
        "structure_type": "town_building",
        "osm_building": "yes",
        "area_m2": 23,
        "eave_height_m": 2.2,
        "ridge_height_m": 3.1,
        "roof_colour": "#2f5a7a",
        "roof_shape": "gable",
        "confidence": "B",
        "evidence_type": "public_gis",
        "historical_status": "plausible",
        "source_ids": [
          "SRC_OSM_OVERPASS"
        ],
        "detail_confidence": {
          "footprint": "B (public_gis — OSM way 654478918)",
          "eave_ridge_height": "C (inference — banded from footprint area; OSM carries no height here)",
          "roof_colour": "C (inference — palette from photograph 003, assigned by a hash of the OSM id)",
          "roof_shape": "C (inference — a gable along the footprint's long axis)"
        },
        "note": "scripts/import-osm-town.mjs による取り込み。外形はOSM(public_gis)だが、高さ・屋根形状・屋根色はOSMに情報がないため推定であり、detail_confidence に C として記録している。"
      }
    },
    {
      "type": "Feature",
      "geometry": {
        "type": "Polygon",
        "coordinates": [
          [
            [
              144.5059794,
              43.7168893
            ],
            [
              144.5060384,
              43.7169143
            ],
            [
              144.5060585,
              43.7168893
            ],
            [
              144.5060723,
              43.7168951
            ],
            [
              144.5061004,
              43.7168605
            ],
            [
              144.5060277,
              43.7168297
            ],
            [
              144.5059794,
              43.7168893
            ]
          ]
        ]
      },
      "properties": {
        "id": "BLDG_OSM_654478919",
        "name": null,
        "structure_type": "town_building",
        "osm_building": "yes",
        "area_m2": 48,
        "eave_height_m": 2.6,
        "ridge_height_m": 4,
        "roof_colour": "#2f6146",
        "roof_shape": "gable",
        "confidence": "B",
        "evidence_type": "public_gis",
        "historical_status": "plausible",
        "source_ids": [
          "SRC_OSM_OVERPASS"
        ],
        "detail_confidence": {
          "footprint": "B (public_gis — OSM way 654478919)",
          "eave_ridge_height": "C (inference — banded from footprint area; OSM carries no height here)",
          "roof_colour": "C (inference — palette from photograph 003, assigned by a hash of the OSM id)",
          "roof_shape": "C (inference — a gable along the footprint's long axis)"
        },
        "note": "scripts/import-osm-town.mjs による取り込み。外形はOSM(public_gis)だが、高さ・屋根形状・屋根色はOSMに情報がないため推定であり、detail_confidence に C として記録している。"
      }
    },
    {
      "type": "Feature",
      "geometry": {
        "type": "Polygon",
        "coordinates": [
          [
            [
              144.5060465,
              43.7171404
            ],
            [
              144.5061035,
              43.717089
            ],
            [
              144.5060643,
              43.7170663
            ],
            [
              144.5060073,
              43.7171177
            ],
            [
              144.5060465,
              43.7171404
            ]
          ]
        ]
      },
      "properties": {
        "id": "BLDG_OSM_654478921",
        "name": null,
        "structure_type": "town_building",
        "osm_building": "yes",
        "area_m2": 29,
        "eave_height_m": 2.2,
        "ridge_height_m": 3.1,
        "roof_colour": "#2f6146",
        "roof_shape": "gable",
        "confidence": "B",
        "evidence_type": "public_gis",
        "historical_status": "plausible",
        "source_ids": [
          "SRC_OSM_OVERPASS"
        ],
        "detail_confidence": {
          "footprint": "B (public_gis — OSM way 654478921)",
          "eave_ridge_height": "C (inference — banded from footprint area; OSM carries no height here)",
          "roof_colour": "C (inference — palette from photograph 003, assigned by a hash of the OSM id)",
          "roof_shape": "C (inference — a gable along the footprint's long axis)"
        },
        "note": "scripts/import-osm-town.mjs による取り込み。外形はOSM(public_gis)だが、高さ・屋根形状・屋根色はOSMに情報がないため推定であり、detail_confidence に C として記録している。"
      }
    },
    {
      "type": "Feature",
      "geometry": {
        "type": "Polygon",
        "coordinates": [
          [
            [
              144.5059104,
              43.7171045
            ],
            [
              144.5058888,
              43.7171289
            ],
            [
              144.5059247,
              43.7171454
            ],
            [
              144.5059023,
              43.7171709
            ],
            [
              144.5059519,
              43.7171937
            ],
            [
              144.5059743,
              43.7171683
            ],
            [
              144.5060015,
              43.7171808
            ],
            [
              144.506023,
              43.7171564
            ],
            [
              144.5059104,
              43.7171045
            ]
          ]
        ]
      },
      "properties": {
        "id": "BLDG_OSM_654478922",
        "name": null,
        "structure_type": "town_building",
        "osm_building": "yes",
        "area_m2": 50,
        "eave_height_m": 2.6,
        "ridge_height_m": 4,
        "roof_colour": "#2f5a7a",
        "roof_shape": "flat",
        "confidence": "B",
        "evidence_type": "public_gis",
        "historical_status": "plausible",
        "source_ids": [
          "SRC_OSM_OVERPASS"
        ],
        "detail_confidence": {
          "footprint": "B (public_gis — OSM way 654478922)",
          "eave_ridge_height": "C (inference — banded from footprint area; OSM carries no height here)",
          "roof_colour": "C (inference — palette from photograph 003, assigned by a hash of the OSM id)",
          "roof_shape": "C (inference — a gable along the footprint's long axis)"
        },
        "note": "scripts/import-osm-town.mjs による取り込み。外形はOSM(public_gis)だが、高さ・屋根形状・屋根色はOSMに情報がないため推定であり、detail_confidence に C として記録している。"
      }
    },
    {
      "type": "Feature",
      "geometry": {
        "type": "Polygon",
        "coordinates": [
          [
            [
              144.5057856,
              43.7169989
            ],
            [
              144.5058171,
              43.7170124
            ],
            [
              144.5058338,
              43.7169922
            ],
            [
              144.5058023,
              43.7169787
            ],
            [
              144.5057856,
              43.7169989
            ]
          ]
        ]
      },
      "properties": {
        "id": "BLDG_OSM_654478923",
        "name": null,
        "structure_type": "town_building",
        "osm_building": "yes",
        "area_m2": 8,
        "eave_height_m": 2.2,
        "ridge_height_m": 3.1,
        "roof_colour": "#8c3a32",
        "roof_shape": "gable",
        "confidence": "B",
        "evidence_type": "public_gis",
        "historical_status": "plausible",
        "source_ids": [
          "SRC_OSM_OVERPASS"
        ],
        "detail_confidence": {
          "footprint": "B (public_gis — OSM way 654478923)",
          "eave_ridge_height": "C (inference — banded from footprint area; OSM carries no height here)",
          "roof_colour": "C (inference — palette from photograph 003, assigned by a hash of the OSM id)",
          "roof_shape": "C (inference — a gable along the footprint's long axis)"
        },
        "note": "scripts/import-osm-town.mjs による取り込み。外形はOSM(public_gis)だが、高さ・屋根形状・屋根色はOSMに情報がないため推定であり、detail_confidence に C として記録している。"
      }
    },
    {
      "type": "Feature",
      "geometry": {
        "type": "Polygon",
        "coordinates": [
          [
            [
              144.5055865,
              43.7170507
            ],
            [
              144.5057085,
              43.7171021
            ],
            [
              144.5057457,
              43.7170559
            ],
            [
              144.5056237,
              43.7170045
            ],
            [
              144.5055865,
              43.7170507
            ]
          ]
        ]
      },
      "properties": {
        "id": "BLDG_OSM_654478924",
        "name": null,
        "structure_type": "town_building",
        "osm_building": "yes",
        "area_m2": 67,
        "eave_height_m": 2.6,
        "ridge_height_m": 4,
        "roof_colour": "#2f6146",
        "roof_shape": "gable",
        "confidence": "B",
        "evidence_type": "public_gis",
        "historical_status": "plausible",
        "source_ids": [
          "SRC_OSM_OVERPASS"
        ],
        "detail_confidence": {
          "footprint": "B (public_gis — OSM way 654478924)",
          "eave_ridge_height": "C (inference — banded from footprint area; OSM carries no height here)",
          "roof_colour": "C (inference — palette from photograph 003, assigned by a hash of the OSM id)",
          "roof_shape": "C (inference — a gable along the footprint's long axis)"
        },
        "note": "scripts/import-osm-town.mjs による取り込み。外形はOSM(public_gis)だが、高さ・屋根形状・屋根色はOSMに情報がないため推定であり、detail_confidence に C として記録している。"
      }
    },
    {
      "type": "Feature",
      "geometry": {
        "type": "Polygon",
        "coordinates": [
          [
            [
              144.5080715,
              43.7156927
            ],
            [
              144.5081012,
              43.7157464
            ],
            [
              144.508156,
              43.7157305
            ],
            [
              144.5081629,
              43.7157429
            ],
            [
              144.5082556,
              43.7157161
            ],
            [
              144.5082191,
              43.7156501
            ],
            [
              144.5080715,
              43.7156927
            ]
          ]
        ]
      },
      "properties": {
        "id": "BLDG_OSM_654478925",
        "name": null,
        "structure_type": "town_building",
        "osm_building": "yes",
        "area_m2": 94,
        "eave_height_m": 3,
        "ridge_height_m": 5,
        "roof_colour": "#2f5a7a",
        "roof_shape": "gable",
        "confidence": "B",
        "evidence_type": "public_gis",
        "historical_status": "plausible",
        "source_ids": [
          "SRC_OSM_OVERPASS"
        ],
        "detail_confidence": {
          "footprint": "B (public_gis — OSM way 654478925)",
          "eave_ridge_height": "C (inference — banded from footprint area; OSM carries no height here)",
          "roof_colour": "C (inference — palette from photograph 003, assigned by a hash of the OSM id)",
          "roof_shape": "C (inference — a gable along the footprint's long axis)"
        },
        "note": "scripts/import-osm-town.mjs による取り込み。外形はOSM(public_gis)だが、高さ・屋根形状・屋根色はOSMに情報がないため推定であり、detail_confidence に C として記録している。"
      }
    },
    {
      "type": "Feature",
      "geometry": {
        "type": "Polygon",
        "coordinates": [
          [
            [
              144.5079803,
              43.7157344
            ],
            [
              144.5079803,
              43.7157693
            ],
            [
              144.5080407,
              43.7157693
            ],
            [
              144.5080407,
              43.7157344
            ],
            [
              144.5079803,
              43.7157344
            ]
          ]
        ]
      },
      "properties": {
        "id": "BLDG_OSM_654478926",
        "name": null,
        "structure_type": "town_building",
        "osm_building": "yes",
        "area_m2": 19,
        "eave_height_m": 2.2,
        "ridge_height_m": 3.1,
        "roof_colour": "#8c3a32",
        "roof_shape": "gable",
        "confidence": "B",
        "evidence_type": "public_gis",
        "historical_status": "plausible",
        "source_ids": [
          "SRC_OSM_OVERPASS"
        ],
        "detail_confidence": {
          "footprint": "B (public_gis — OSM way 654478926)",
          "eave_ridge_height": "C (inference — banded from footprint area; OSM carries no height here)",
          "roof_colour": "C (inference — palette from photograph 003, assigned by a hash of the OSM id)",
          "roof_shape": "C (inference — a gable along the footprint's long axis)"
        },
        "note": "scripts/import-osm-town.mjs による取り込み。外形はOSM(public_gis)だが、高さ・屋根形状・屋根色はOSMに情報がないため推定であり、detail_confidence に C として記録している。"
      }
    },
    {
      "type": "Feature",
      "geometry": {
        "type": "Polygon",
        "coordinates": [
          [
            [
              144.5082003,
              43.7158139
            ],
            [
              144.5081668,
              43.7157489
            ],
            [
              144.5080934,
              43.7157687
            ],
            [
              144.5081269,
              43.7158337
            ],
            [
              144.5082003,
              43.7158139
            ]
          ]
        ]
      },
      "properties": {
        "id": "BLDG_OSM_654478927",
        "name": null,
        "structure_type": "town_building",
        "osm_building": "yes",
        "area_m2": 48,
        "eave_height_m": 2.6,
        "ridge_height_m": 4,
        "roof_colour": "#8a6a3a",
        "roof_shape": "gable",
        "confidence": "B",
        "evidence_type": "public_gis",
        "historical_status": "plausible",
        "source_ids": [
          "SRC_OSM_OVERPASS"
        ],
        "detail_confidence": {
          "footprint": "B (public_gis — OSM way 654478927)",
          "eave_ridge_height": "C (inference — banded from footprint area; OSM carries no height here)",
          "roof_colour": "C (inference — palette from photograph 003, assigned by a hash of the OSM id)",
          "roof_shape": "C (inference — a gable along the footprint's long axis)"
        },
        "note": "scripts/import-osm-town.mjs による取り込み。外形はOSM(public_gis)だが、高さ・屋根形状・屋根色はOSMに情報がないため推定であり、detail_confidence に C として記録している。"
      }
    },
    {
      "type": "Feature",
      "geometry": {
        "type": "Polygon",
        "coordinates": [
          [
            [
              144.5081587,
              43.7160679
            ],
            [
              144.5082673,
              43.7161085
            ],
            [
              144.5083456,
              43.7159994
            ],
            [
              144.5082955,
              43.7159806
            ],
            [
              144.5083111,
              43.7159589
            ],
            [
              144.5082526,
              43.715937
            ],
            [
              144.5081587,
              43.7160679
            ]
          ]
        ]
      },
      "properties": {
        "id": "BLDG_OSM_654478928",
        "name": null,
        "structure_type": "town_building",
        "osm_building": "yes",
        "area_m2": 148,
        "eave_height_m": 3,
        "ridge_height_m": 5,
        "roof_colour": "#2f5a7a",
        "roof_shape": "gable",
        "confidence": "B",
        "evidence_type": "public_gis",
        "historical_status": "plausible",
        "source_ids": [
          "SRC_OSM_OVERPASS"
        ],
        "detail_confidence": {
          "footprint": "B (public_gis — OSM way 654478928)",
          "eave_ridge_height": "C (inference — banded from footprint area; OSM carries no height here)",
          "roof_colour": "C (inference — palette from photograph 003, assigned by a hash of the OSM id)",
          "roof_shape": "C (inference — a gable along the footprint's long axis)"
        },
        "note": "scripts/import-osm-town.mjs による取り込み。外形はOSM(public_gis)だが、高さ・屋根形状・屋根色はOSMに情報がないため推定であり、detail_confidence に C として記録している。"
      }
    },
    {
      "type": "Feature",
      "geometry": {
        "type": "Polygon",
        "coordinates": [
          [
            [
              144.5073017,
              43.7166572
            ],
            [
              144.5073898,
              43.716696
            ],
            [
              144.5074528,
              43.7166214
            ],
            [
              144.5073648,
              43.7165826
            ],
            [
              144.5073017,
              43.7166572
            ]
          ]
        ]
      },
      "properties": {
        "id": "BLDG_OSM_654478929",
        "name": null,
        "structure_type": "town_building",
        "osm_building": "yes",
        "area_m2": 80,
        "eave_height_m": 3,
        "ridge_height_m": 5,
        "roof_colour": "#8c3a32",
        "roof_shape": "gable",
        "confidence": "B",
        "evidence_type": "public_gis",
        "historical_status": "plausible",
        "source_ids": [
          "SRC_OSM_OVERPASS"
        ],
        "detail_confidence": {
          "footprint": "B (public_gis — OSM way 654478929)",
          "eave_ridge_height": "C (inference — banded from footprint area; OSM carries no height here)",
          "roof_colour": "C (inference — palette from photograph 003, assigned by a hash of the OSM id)",
          "roof_shape": "C (inference — a gable along the footprint's long axis)"
        },
        "note": "scripts/import-osm-town.mjs による取り込み。外形はOSM(public_gis)だが、高さ・屋根形状・屋根色はOSMに情報がないため推定であり、detail_confidence に C として記録している。"
      }
    },
    {
      "type": "Feature",
      "geometry": {
        "type": "Polygon",
        "coordinates": [
          [
            [
              144.5077591,
              43.716726
            ],
            [
              144.5077483,
              43.7168927
            ],
            [
              144.5078632,
              43.7168966
            ],
            [
              144.507869,
              43.7168065
            ],
            [
              144.5079195,
              43.7168082
            ],
            [
              144.5079244,
              43.7167316
            ],
            [
              144.5077591,
              43.716726
            ]
          ]
        ]
      },
      "properties": {
        "id": "BLDG_OSM_654478930",
        "name": null,
        "structure_type": "town_building",
        "osm_building": "yes",
        "area_m2": 205,
        "eave_height_m": 3.6,
        "ridge_height_m": 6,
        "roof_colour": "#2f6146",
        "roof_shape": "gable",
        "confidence": "B",
        "evidence_type": "public_gis",
        "historical_status": "plausible",
        "source_ids": [
          "SRC_OSM_OVERPASS"
        ],
        "detail_confidence": {
          "footprint": "B (public_gis — OSM way 654478930)",
          "eave_ridge_height": "C (inference — banded from footprint area; OSM carries no height here)",
          "roof_colour": "C (inference — palette from photograph 003, assigned by a hash of the OSM id)",
          "roof_shape": "C (inference — a gable along the footprint's long axis)"
        },
        "note": "scripts/import-osm-town.mjs による取り込み。外形はOSM(public_gis)だが、高さ・屋根形状・屋根色はOSMに情報がないため推定であり、detail_confidence に C として記録している。"
      }
    },
    {
      "type": "Feature",
      "geometry": {
        "type": "Polygon",
        "coordinates": [
          [
            [
              144.5113713,
              43.7152347
            ],
            [
              144.5113805,
              43.7152638
            ],
            [
              144.5114569,
              43.7152512
            ],
            [
              144.5114478,
              43.7152221
            ],
            [
              144.5113713,
              43.7152347
            ]
          ]
        ]
      },
      "properties": {
        "id": "BLDG_OSM_654478932",
        "name": null,
        "structure_type": "town_building",
        "osm_building": "yes",
        "area_m2": 21,
        "eave_height_m": 2.2,
        "ridge_height_m": 3.1,
        "roof_colour": "#8a6a3a",
        "roof_shape": "gable",
        "confidence": "B",
        "evidence_type": "public_gis",
        "historical_status": "plausible",
        "source_ids": [
          "SRC_OSM_OVERPASS"
        ],
        "detail_confidence": {
          "footprint": "B (public_gis — OSM way 654478932)",
          "eave_ridge_height": "C (inference — banded from footprint area; OSM carries no height here)",
          "roof_colour": "C (inference — palette from photograph 003, assigned by a hash of the OSM id)",
          "roof_shape": "C (inference — a gable along the footprint's long axis)"
        },
        "note": "scripts/import-osm-town.mjs による取り込み。外形はOSM(public_gis)だが、高さ・屋根形状・屋根色はOSMに情報がないため推定であり、detail_confidence に C として記録している。"
      }
    },
    {
      "type": "Feature",
      "geometry": {
        "type": "Polygon",
        "coordinates": [
          [
            [
              144.5112311,
              43.7152293
            ],
            [
              144.5112507,
              43.7152776
            ],
            [
              144.5113412,
              43.7152585
            ],
            [
              144.5113216,
              43.7152102
            ],
            [
              144.5113686,
              43.7152002
            ],
            [
              144.5113559,
              43.7151688
            ],
            [
              144.5111977,
              43.7152022
            ],
            [
              144.5112104,
              43.7152337
            ],
            [
              144.5112311,
              43.7152293
            ]
          ]
        ]
      },
      "properties": {
        "id": "BLDG_OSM_654478933",
        "name": null,
        "structure_type": "town_building",
        "osm_building": "yes",
        "area_m2": 90,
        "eave_height_m": 3,
        "ridge_height_m": 5,
        "roof_colour": "#8c3a32",
        "roof_shape": "flat",
        "confidence": "B",
        "evidence_type": "public_gis",
        "historical_status": "plausible",
        "source_ids": [
          "SRC_OSM_OVERPASS"
        ],
        "detail_confidence": {
          "footprint": "B (public_gis — OSM way 654478933)",
          "eave_ridge_height": "C (inference — banded from footprint area; OSM carries no height here)",
          "roof_colour": "C (inference — palette from photograph 003, assigned by a hash of the OSM id)",
          "roof_shape": "C (inference — a gable along the footprint's long axis)"
        },
        "note": "scripts/import-osm-town.mjs による取り込み。外形はOSM(public_gis)だが、高さ・屋根形状・屋根色はOSMに情報がないため推定であり、detail_confidence に C として記録している。"
      }
    },
    {
      "type": "Feature",
      "geometry": {
        "type": "Polygon",
        "coordinates": [
          [
            [
              144.5111044,
              43.7153161
            ],
            [
              144.5112245,
              43.7152914
            ],
            [
              144.5111895,
              43.7152028
            ],
            [
              144.5110695,
              43.7152275
            ],
            [
              144.5111044,
              43.7153161
            ]
          ]
        ]
      },
      "properties": {
        "id": "BLDG_OSM_654478934",
        "name": null,
        "structure_type": "town_building",
        "osm_building": "yes",
        "area_m2": 102,
        "eave_height_m": 3,
        "ridge_height_m": 5,
        "roof_colour": "#2f5a7a",
        "roof_shape": "gable",
        "confidence": "B",
        "evidence_type": "public_gis",
        "historical_status": "plausible",
        "source_ids": [
          "SRC_OSM_OVERPASS"
        ],
        "detail_confidence": {
          "footprint": "B (public_gis — OSM way 654478934)",
          "eave_ridge_height": "C (inference — banded from footprint area; OSM carries no height here)",
          "roof_colour": "C (inference — palette from photograph 003, assigned by a hash of the OSM id)",
          "roof_shape": "C (inference — a gable along the footprint's long axis)"
        },
        "note": "scripts/import-osm-town.mjs による取り込み。外形はOSM(public_gis)だが、高さ・屋根形状・屋根色はOSMに情報がないため推定であり、detail_confidence に C として記録している。"
      }
    },
    {
      "type": "Feature",
      "geometry": {
        "type": "Polygon",
        "coordinates": [
          [
            [
              144.510908,
              43.7152934
            ],
            [
              144.5109319,
              43.7153527
            ],
            [
              144.5110928,
              43.7153188
            ],
            [
              144.5110689,
              43.7152594
            ],
            [
              144.510908,
              43.7152934
            ]
          ]
        ]
      },
      "properties": {
        "id": "BLDG_OSM_654478935",
        "name": null,
        "structure_type": "town_building",
        "osm_building": "yes",
        "area_m2": 92,
        "eave_height_m": 3,
        "ridge_height_m": 5,
        "roof_colour": "#2f6146",
        "roof_shape": "gable",
        "confidence": "B",
        "evidence_type": "public_gis",
        "historical_status": "plausible",
        "source_ids": [
          "SRC_OSM_OVERPASS"
        ],
        "detail_confidence": {
          "footprint": "B (public_gis — OSM way 654478935)",
          "eave_ridge_height": "C (inference — banded from footprint area; OSM carries no height here)",
          "roof_colour": "C (inference — palette from photograph 003, assigned by a hash of the OSM id)",
          "roof_shape": "C (inference — a gable along the footprint's long axis)"
        },
        "note": "scripts/import-osm-town.mjs による取り込み。外形はOSM(public_gis)だが、高さ・屋根形状・屋根色はOSMに情報がないため推定であり、detail_confidence に C として記録している。"
      }
    },
    {
      "type": "Feature",
      "geometry": {
        "type": "Polygon",
        "coordinates": [
          [
            [
              144.509827,
              43.7154867
            ],
            [
              144.5099457,
              43.7154877
            ],
            [
              144.5099469,
              43.7154155
            ],
            [
              144.5098282,
              43.7154145
            ],
            [
              144.509827,
              43.7154867
            ]
          ]
        ]
      },
      "properties": {
        "id": "BLDG_OSM_654478936",
        "name": null,
        "structure_type": "town_building",
        "osm_building": "yes",
        "area_m2": 76,
        "eave_height_m": 3,
        "ridge_height_m": 5,
        "roof_colour": "#6b6f74",
        "roof_shape": "gable",
        "confidence": "B",
        "evidence_type": "public_gis",
        "historical_status": "plausible",
        "source_ids": [
          "SRC_OSM_OVERPASS"
        ],
        "detail_confidence": {
          "footprint": "B (public_gis — OSM way 654478936)",
          "eave_ridge_height": "C (inference — banded from footprint area; OSM carries no height here)",
          "roof_colour": "C (inference — palette from photograph 003, assigned by a hash of the OSM id)",
          "roof_shape": "C (inference — a gable along the footprint's long axis)"
        },
        "note": "scripts/import-osm-town.mjs による取り込み。外形はOSM(public_gis)だが、高さ・屋根形状・屋根色はOSMに情報がないため推定であり、detail_confidence に C として記録している。"
      }
    },
    {
      "type": "Feature",
      "geometry": {
        "type": "Polygon",
        "coordinates": [
          [
            [
              144.5107283,
              43.71573
            ],
            [
              144.5107279,
              43.7157865
            ],
            [
              144.5107859,
              43.7157868
            ],
            [
              144.5107863,
              43.7157303
            ],
            [
              144.5107283,
              43.71573
            ]
          ]
        ]
      },
      "properties": {
        "id": "BLDG_OSM_654478937",
        "name": null,
        "structure_type": "town_building",
        "osm_building": "yes",
        "area_m2": 29,
        "eave_height_m": 2.2,
        "ridge_height_m": 3.1,
        "roof_colour": "#8a6a3a",
        "roof_shape": "gable",
        "confidence": "B",
        "evidence_type": "public_gis",
        "historical_status": "plausible",
        "source_ids": [
          "SRC_OSM_OVERPASS"
        ],
        "detail_confidence": {
          "footprint": "B (public_gis — OSM way 654478937)",
          "eave_ridge_height": "C (inference — banded from footprint area; OSM carries no height here)",
          "roof_colour": "C (inference — palette from photograph 003, assigned by a hash of the OSM id)",
          "roof_shape": "C (inference — a gable along the footprint's long axis)"
        },
        "note": "scripts/import-osm-town.mjs による取り込み。外形はOSM(public_gis)だが、高さ・屋根形状・屋根色はOSMに情報がないため推定であり、detail_confidence に C として記録している。"
      }
    },
    {
      "type": "Feature",
      "geometry": {
        "type": "Polygon",
        "coordinates": [
          [
            [
              144.5106533,
              43.7157625
            ],
            [
              144.5106532,
              43.7157773
            ],
            [
              144.5107149,
              43.7157775
            ],
            [
              144.5107153,
              43.7157172
            ],
            [
              144.5106536,
              43.715717
            ],
            [
              144.5106538,
              43.7156806
            ],
            [
              144.5105204,
              43.7156801
            ],
            [
              144.5105198,
              43.715762
            ],
            [
              144.5106533,
              43.7157625
            ]
          ]
        ]
      },
      "properties": {
        "id": "BLDG_OSM_654478938",
        "name": null,
        "structure_type": "town_building",
        "osm_building": "yes",
        "area_m2": 130,
        "eave_height_m": 3,
        "ridge_height_m": 5,
        "roof_colour": "#8c3a32",
        "roof_shape": "flat",
        "confidence": "B",
        "evidence_type": "public_gis",
        "historical_status": "plausible",
        "source_ids": [
          "SRC_OSM_OVERPASS"
        ],
        "detail_confidence": {
          "footprint": "B (public_gis — OSM way 654478938)",
          "eave_ridge_height": "C (inference — banded from footprint area; OSM carries no height here)",
          "roof_colour": "C (inference — palette from photograph 003, assigned by a hash of the OSM id)",
          "roof_shape": "C (inference — a gable along the footprint's long axis)"
        },
        "note": "scripts/import-osm-town.mjs による取り込み。外形はOSM(public_gis)だが、高さ・屋根形状・屋根色はOSMに情報がないため推定であり、detail_confidence に C として記録している。"
      }
    },
    {
      "type": "Feature",
      "geometry": {
        "type": "Polygon",
        "coordinates": [
          [
            [
              144.5093225,
              43.7169253
            ],
            [
              144.5093201,
              43.7169819
            ],
            [
              144.5093908,
              43.7169835
            ],
            [
              144.509392,
              43.7169564
            ],
            [
              144.5094515,
              43.7169577
            ],
            [
              144.509453,
              43.7169241
            ],
            [
              144.5093934,
              43.7169228
            ],
            [
              144.5093962,
              43.7168575
            ],
            [
              144.5092976,
              43.7168553
            ],
            [
              144.5092946,
              43.7169247
            ],
            [
              144.5093225,
              43.7169253
            ]
          ]
        ]
      },
      "properties": {
        "id": "BLDG_OSM_654478939",
        "name": null,
        "structure_type": "town_building",
        "osm_building": "yes",
        "area_m2": 114,
        "eave_height_m": 3,
        "ridge_height_m": 5,
        "roof_colour": "#2f5a7a",
        "roof_shape": "flat",
        "confidence": "B",
        "evidence_type": "public_gis",
        "historical_status": "plausible",
        "source_ids": [
          "SRC_OSM_OVERPASS"
        ],
        "detail_confidence": {
          "footprint": "B (public_gis — OSM way 654478939)",
          "eave_ridge_height": "C (inference — banded from footprint area; OSM carries no height here)",
          "roof_colour": "C (inference — palette from photograph 003, assigned by a hash of the OSM id)",
          "roof_shape": "C (inference — a gable along the footprint's long axis)"
        },
        "note": "scripts/import-osm-town.mjs による取り込み。外形はOSM(public_gis)だが、高さ・屋根形状・屋根色はOSMに情報がないため推定であり、detail_confidence に C として記録している。"
      }
    },
    {
      "type": "Feature",
      "geometry": {
        "type": "Polygon",
        "coordinates": [
          [
            [
              144.5087488,
              43.7171215
            ],
            [
              144.5088478,
              43.7171227
            ],
            [
              144.5088505,
              43.7170034
            ],
            [
              144.5087515,
              43.7170023
            ],
            [
              144.5087488,
              43.7171215
            ]
          ]
        ]
      },
      "properties": {
        "id": "BLDG_OSM_654478940",
        "name": null,
        "structure_type": "town_building",
        "osm_building": "yes",
        "area_m2": 105,
        "eave_height_m": 3,
        "ridge_height_m": 5,
        "roof_colour": "#8c3a32",
        "roof_shape": "gable",
        "confidence": "B",
        "evidence_type": "public_gis",
        "historical_status": "plausible",
        "source_ids": [
          "SRC_OSM_OVERPASS"
        ],
        "detail_confidence": {
          "footprint": "B (public_gis — OSM way 654478940)",
          "eave_ridge_height": "C (inference — banded from footprint area; OSM carries no height here)",
          "roof_colour": "C (inference — palette from photograph 003, assigned by a hash of the OSM id)",
          "roof_shape": "C (inference — a gable along the footprint's long axis)"
        },
        "note": "scripts/import-osm-town.mjs による取り込み。外形はOSM(public_gis)だが、高さ・屋根形状・屋根色はOSMに情報がないため推定であり、detail_confidence に C として記録している。"
      }
    },
    {
      "type": "Feature",
      "geometry": {
        "type": "Polygon",
        "coordinates": [
          [
            [
              144.5085584,
              43.7170236
            ],
            [
              144.5085577,
              43.717073
            ],
            [
              144.5087053,
              43.7170739
            ],
            [
              144.5087059,
              43.7170246
            ],
            [
              144.5085584,
              43.7170236
            ]
          ]
        ]
      },
      "properties": {
        "id": "BLDG_OSM_654478941",
        "name": null,
        "structure_type": "town_building",
        "osm_building": "yes",
        "area_m2": 65,
        "eave_height_m": 2.6,
        "ridge_height_m": 4,
        "roof_colour": "#8a6a3a",
        "roof_shape": "gable",
        "confidence": "B",
        "evidence_type": "public_gis",
        "historical_status": "plausible",
        "source_ids": [
          "SRC_OSM_OVERPASS"
        ],
        "detail_confidence": {
          "footprint": "B (public_gis — OSM way 654478941)",
          "eave_ridge_height": "C (inference — banded from footprint area; OSM carries no height here)",
          "roof_colour": "C (inference — palette from photograph 003, assigned by a hash of the OSM id)",
          "roof_shape": "C (inference — a gable along the footprint's long axis)"
        },
        "note": "scripts/import-osm-town.mjs による取り込み。外形はOSM(public_gis)だが、高さ・屋根形状・屋根色はOSMに情報がないため推定であり、detail_confidence に C として記録している。"
      }
    },
    {
      "type": "Feature",
      "geometry": {
        "type": "Polygon",
        "coordinates": [
          [
            [
              144.5097399,
              43.7176633
            ],
            [
              144.5097985,
              43.7176661
            ],
            [
              144.5098052,
              43.7175924
            ],
            [
              144.5097466,
              43.7175897
            ],
            [
              144.5097399,
              43.7176633
            ]
          ]
        ]
      },
      "properties": {
        "id": "BLDG_OSM_654478942",
        "name": null,
        "structure_type": "town_building",
        "osm_building": "yes",
        "area_m2": 39,
        "eave_height_m": 2.6,
        "ridge_height_m": 4,
        "roof_colour": "#2f6146",
        "roof_shape": "gable",
        "confidence": "B",
        "evidence_type": "public_gis",
        "historical_status": "plausible",
        "source_ids": [
          "SRC_OSM_OVERPASS"
        ],
        "detail_confidence": {
          "footprint": "B (public_gis — OSM way 654478942)",
          "eave_ridge_height": "C (inference — banded from footprint area; OSM carries no height here)",
          "roof_colour": "C (inference — palette from photograph 003, assigned by a hash of the OSM id)",
          "roof_shape": "C (inference — a gable along the footprint's long axis)"
        },
        "note": "scripts/import-osm-town.mjs による取り込み。外形はOSM(public_gis)だが、高さ・屋根形状・屋根色はOSMに情報がないため推定であり、detail_confidence に C として記録している。"
      }
    },
    {
      "type": "Feature",
      "geometry": {
        "type": "Polygon",
        "coordinates": [
          [
            [
              144.5096849,
              43.7176517
            ],
            [
              144.5097023,
              43.717517
            ],
            [
              144.5096024,
              43.7175102
            ],
            [
              144.509585,
              43.7176449
            ],
            [
              144.5096849,
              43.7176517
            ]
          ]
        ]
      },
      "properties": {
        "id": "BLDG_OSM_654478943",
        "name": null,
        "structure_type": "town_building",
        "osm_building": "yes",
        "area_m2": 121,
        "eave_height_m": 3,
        "ridge_height_m": 5,
        "roof_colour": "#2f5a7a",
        "roof_shape": "gable",
        "confidence": "B",
        "evidence_type": "public_gis",
        "historical_status": "plausible",
        "source_ids": [
          "SRC_OSM_OVERPASS"
        ],
        "detail_confidence": {
          "footprint": "B (public_gis — OSM way 654478943)",
          "eave_ridge_height": "C (inference — banded from footprint area; OSM carries no height here)",
          "roof_colour": "C (inference — palette from photograph 003, assigned by a hash of the OSM id)",
          "roof_shape": "C (inference — a gable along the footprint's long axis)"
        },
        "note": "scripts/import-osm-town.mjs による取り込み。外形はOSM(public_gis)だが、高さ・屋根形状・屋根色はOSMに情報がないため推定であり、detail_confidence に C として記録している。"
      }
    },
    {
      "type": "Feature",
      "geometry": {
        "type": "Polygon",
        "coordinates": [
          [
            [
              144.5064072,
              43.717768
            ],
            [
              144.506485,
              43.7178029
            ],
            [
              144.5065184,
              43.7177641
            ],
            [
              144.5064406,
              43.7177292
            ],
            [
              144.5064072,
              43.717768
            ]
          ]
        ]
      },
      "properties": {
        "id": "BLDG_OSM_654478944",
        "name": null,
        "structure_type": "town_building",
        "osm_building": "yes",
        "area_m2": 37,
        "eave_height_m": 2.6,
        "ridge_height_m": 4,
        "roof_colour": "#8a6a3a",
        "roof_shape": "gable",
        "confidence": "B",
        "evidence_type": "public_gis",
        "historical_status": "plausible",
        "source_ids": [
          "SRC_OSM_OVERPASS"
        ],
        "detail_confidence": {
          "footprint": "B (public_gis — OSM way 654478944)",
          "eave_ridge_height": "C (inference — banded from footprint area; OSM carries no height here)",
          "roof_colour": "C (inference — palette from photograph 003, assigned by a hash of the OSM id)",
          "roof_shape": "C (inference — a gable along the footprint's long axis)"
        },
        "note": "scripts/import-osm-town.mjs による取り込み。外形はOSM(public_gis)だが、高さ・屋根形状・屋根色はOSMに情報がないため推定であり、detail_confidence に C として記録している。"
      }
    },
    {
      "type": "Feature",
      "geometry": {
        "type": "Polygon",
        "coordinates": [
          [
            [
              144.5070349,
              43.7176149
            ],
            [
              144.5068914,
              43.71761
            ],
            [
              144.506887,
              43.7176768
            ],
            [
              144.5070305,
              43.7176817
            ],
            [
              144.5070349,
              43.7176149
            ]
          ]
        ]
      },
      "properties": {
        "id": "BLDG_OSM_654478945",
        "name": null,
        "structure_type": "town_building",
        "osm_building": "yes",
        "area_m2": 85,
        "eave_height_m": 3,
        "ridge_height_m": 5,
        "roof_colour": "#6b6f74",
        "roof_shape": "gable",
        "confidence": "B",
        "evidence_type": "public_gis",
        "historical_status": "plausible",
        "source_ids": [
          "SRC_OSM_OVERPASS"
        ],
        "detail_confidence": {
          "footprint": "B (public_gis — OSM way 654478945)",
          "eave_ridge_height": "C (inference — banded from footprint area; OSM carries no height here)",
          "roof_colour": "C (inference — palette from photograph 003, assigned by a hash of the OSM id)",
          "roof_shape": "C (inference — a gable along the footprint's long axis)"
        },
        "note": "scripts/import-osm-town.mjs による取り込み。外形はOSM(public_gis)だが、高さ・屋根形状・屋根色はOSMに情報がないため推定であり、detail_confidence に C として記録している。"
      }
    },
    {
      "type": "Feature",
      "geometry": {
        "type": "Polygon",
        "coordinates": [
          [
            [
              144.5068565,
              43.7178145
            ],
            [
              144.5070241,
              43.7178242
            ],
            [
              144.5070334,
              43.7177405
            ],
            [
              144.5068658,
              43.7177308
            ],
            [
              144.5068565,
              43.7178145
            ]
          ]
        ]
      },
      "properties": {
        "id": "BLDG_OSM_654478946",
        "name": null,
        "structure_type": "town_building",
        "osm_building": "yes",
        "area_m2": 126,
        "eave_height_m": 3,
        "ridge_height_m": 5,
        "roof_colour": "#2f5a7a",
        "roof_shape": "gable",
        "confidence": "B",
        "evidence_type": "public_gis",
        "historical_status": "plausible",
        "source_ids": [
          "SRC_OSM_OVERPASS"
        ],
        "detail_confidence": {
          "footprint": "B (public_gis — OSM way 654478946)",
          "eave_ridge_height": "C (inference — banded from footprint area; OSM carries no height here)",
          "roof_colour": "C (inference — palette from photograph 003, assigned by a hash of the OSM id)",
          "roof_shape": "C (inference — a gable along the footprint's long axis)"
        },
        "note": "scripts/import-osm-town.mjs による取り込み。外形はOSM(public_gis)だが、高さ・屋根形状・屋根色はOSMに情報がないため推定であり、detail_confidence に C として記録している。"
      }
    },
    {
      "type": "Feature",
      "geometry": {
        "type": "Polygon",
        "coordinates": [
          [
            [
              144.506888,
              43.7179779
            ],
            [
              144.5069926,
              43.7179817
            ],
            [
              144.5069965,
              43.7179274
            ],
            [
              144.5068919,
              43.7179235
            ],
            [
              144.506888,
              43.7179779
            ]
          ]
        ]
      },
      "properties": {
        "id": "BLDG_OSM_654478947",
        "name": null,
        "structure_type": "town_building",
        "osm_building": "yes",
        "area_m2": 51,
        "eave_height_m": 2.6,
        "ridge_height_m": 4,
        "roof_colour": "#8c3a32",
        "roof_shape": "gable",
        "confidence": "B",
        "evidence_type": "public_gis",
        "historical_status": "plausible",
        "source_ids": [
          "SRC_OSM_OVERPASS"
        ],
        "detail_confidence": {
          "footprint": "B (public_gis — OSM way 654478947)",
          "eave_ridge_height": "C (inference — banded from footprint area; OSM carries no height here)",
          "roof_colour": "C (inference — palette from photograph 003, assigned by a hash of the OSM id)",
          "roof_shape": "C (inference — a gable along the footprint's long axis)"
        },
        "note": "scripts/import-osm-town.mjs による取り込み。外形はOSM(public_gis)だが、高さ・屋根形状・屋根色はOSMに情報がないため推定であり、detail_confidence に C として記録している。"
      }
    },
    {
      "type": "Feature",
      "geometry": {
        "type": "Polygon",
        "coordinates": [
          [
            [
              144.5067506,
              43.7181286
            ],
            [
              144.5069517,
              43.7181451
            ],
            [
              144.5069661,
              43.7180531
            ],
            [
              144.506765,
              43.7180366
            ],
            [
              144.5067506,
              43.7181286
            ]
          ]
        ]
      },
      "properties": {
        "id": "BLDG_OSM_654478948",
        "name": null,
        "structure_type": "town_building",
        "osm_building": "yes",
        "area_m2": 167,
        "eave_height_m": 3.6,
        "ridge_height_m": 6,
        "roof_colour": "#2f6146",
        "roof_shape": "gable",
        "confidence": "B",
        "evidence_type": "public_gis",
        "historical_status": "plausible",
        "source_ids": [
          "SRC_OSM_OVERPASS"
        ],
        "detail_confidence": {
          "footprint": "B (public_gis — OSM way 654478948)",
          "eave_ridge_height": "C (inference — banded from footprint area; OSM carries no height here)",
          "roof_colour": "C (inference — palette from photograph 003, assigned by a hash of the OSM id)",
          "roof_shape": "C (inference — a gable along the footprint's long axis)"
        },
        "note": "scripts/import-osm-town.mjs による取り込み。外形はOSM(public_gis)だが、高さ・屋根形状・屋根色はOSMに情報がないため推定であり、detail_confidence に C として記録している。"
      }
    },
    {
      "type": "Feature",
      "geometry": {
        "type": "Polygon",
        "coordinates": [
          [
            [
              144.5068203,
              43.7182604
            ],
            [
              144.5069142,
              43.7182672
            ],
            [
              144.5069185,
              43.7182356
            ],
            [
              144.5068247,
              43.7182288
            ],
            [
              144.5068203,
              43.7182604
            ]
          ]
        ]
      },
      "properties": {
        "id": "BLDG_OSM_654478949",
        "name": null,
        "structure_type": "town_building",
        "osm_building": "yes",
        "area_m2": 27,
        "eave_height_m": 2.2,
        "ridge_height_m": 3.1,
        "roof_colour": "#2f5a7a",
        "roof_shape": "gable",
        "confidence": "B",
        "evidence_type": "public_gis",
        "historical_status": "plausible",
        "source_ids": [
          "SRC_OSM_OVERPASS"
        ],
        "detail_confidence": {
          "footprint": "B (public_gis — OSM way 654478949)",
          "eave_ridge_height": "C (inference — banded from footprint area; OSM carries no height here)",
          "roof_colour": "C (inference — palette from photograph 003, assigned by a hash of the OSM id)",
          "roof_shape": "C (inference — a gable along the footprint's long axis)"
        },
        "note": "scripts/import-osm-town.mjs による取り込み。外形はOSM(public_gis)だが、高さ・屋根形状・屋根色はOSMに情報がないため推定であり、detail_confidence に C として記録している。"
      }
    },
    {
      "type": "Feature",
      "geometry": {
        "type": "Polygon",
        "coordinates": [
          [
            [
              144.5066446,
              43.7182371
            ],
            [
              144.5068111,
              43.7182473
            ],
            [
              144.5068231,
              43.7181435
            ],
            [
              144.5066567,
              43.7181334
            ],
            [
              144.5066446,
              43.7182371
            ]
          ]
        ]
      },
      "properties": {
        "id": "BLDG_OSM_654478950",
        "name": null,
        "structure_type": "town_building",
        "osm_building": "yes",
        "area_m2": 155,
        "eave_height_m": 3,
        "ridge_height_m": 5,
        "roof_colour": "#8a6a3a",
        "roof_shape": "gable",
        "confidence": "B",
        "evidence_type": "public_gis",
        "historical_status": "plausible",
        "source_ids": [
          "SRC_OSM_OVERPASS"
        ],
        "detail_confidence": {
          "footprint": "B (public_gis — OSM way 654478950)",
          "eave_ridge_height": "C (inference — banded from footprint area; OSM carries no height here)",
          "roof_colour": "C (inference — palette from photograph 003, assigned by a hash of the OSM id)",
          "roof_shape": "C (inference — a gable along the footprint's long axis)"
        },
        "note": "scripts/import-osm-town.mjs による取り込み。外形はOSM(public_gis)だが、高さ・屋根形状・屋根色はOSMに情報がないため推定であり、detail_confidence に C として記録している。"
      }
    },
    {
      "type": "Feature",
      "geometry": {
        "type": "Polygon",
        "coordinates": [
          [
            [
              144.5064582,
              43.7181305
            ],
            [
              144.5064501,
              43.7182245
            ],
            [
              144.5066312,
              43.7182326
            ],
            [
              144.5066393,
              43.7181386
            ],
            [
              144.5064582,
              43.7181305
            ]
          ]
        ]
      },
      "properties": {
        "id": "BLDG_OSM_654478951",
        "name": null,
        "structure_type": "town_building",
        "osm_building": "yes",
        "area_m2": 152,
        "eave_height_m": 3,
        "ridge_height_m": 5,
        "roof_colour": "#8c3a32",
        "roof_shape": "gable",
        "confidence": "B",
        "evidence_type": "public_gis",
        "historical_status": "plausible",
        "source_ids": [
          "SRC_OSM_OVERPASS"
        ],
        "detail_confidence": {
          "footprint": "B (public_gis — OSM way 654478951)",
          "eave_ridge_height": "C (inference — banded from footprint area; OSM carries no height here)",
          "roof_colour": "C (inference — palette from photograph 003, assigned by a hash of the OSM id)",
          "roof_shape": "C (inference — a gable along the footprint's long axis)"
        },
        "note": "scripts/import-osm-town.mjs による取り込み。外形はOSM(public_gis)だが、高さ・屋根形状・屋根色はOSMに情報がないため推定であり、detail_confidence に C として記録している。"
      }
    },
    {
      "type": "Feature",
      "geometry": {
        "type": "Polygon",
        "coordinates": [
          [
            [
              144.5063871,
              43.7183127
            ],
            [
              144.5064717,
              43.7183174
            ],
            [
              144.5064811,
              43.7182292
            ],
            [
              144.5063965,
              43.7182245
            ],
            [
              144.5063871,
              43.7183127
            ]
          ]
        ]
      },
      "properties": {
        "id": "BLDG_OSM_654478952",
        "name": null,
        "structure_type": "town_building",
        "osm_building": "yes",
        "area_m2": 67,
        "eave_height_m": 2.6,
        "ridge_height_m": 4,
        "roof_colour": "#2f6146",
        "roof_shape": "gable",
        "confidence": "B",
        "evidence_type": "public_gis",
        "historical_status": "plausible",
        "source_ids": [
          "SRC_OSM_OVERPASS"
        ],
        "detail_confidence": {
          "footprint": "B (public_gis — OSM way 654478952)",
          "eave_ridge_height": "C (inference — banded from footprint area; OSM carries no height here)",
          "roof_colour": "C (inference — palette from photograph 003, assigned by a hash of the OSM id)",
          "roof_shape": "C (inference — a gable along the footprint's long axis)"
        },
        "note": "scripts/import-osm-town.mjs による取り込み。外形はOSM(public_gis)だが、高さ・屋根形状・屋根色はOSMに情報がないため推定であり、detail_confidence に C として記録している。"
      }
    },
    {
      "type": "Feature",
      "geometry": {
        "type": "Polygon",
        "coordinates": [
          [
            [
              144.5062396,
              43.7183699
            ],
            [
              144.5062311,
              43.718447
            ],
            [
              144.5063826,
              43.7184557
            ],
            [
              144.5063911,
              43.7183787
            ],
            [
              144.5062396,
              43.7183699
            ]
          ]
        ]
      },
      "properties": {
        "id": "BLDG_OSM_654478955",
        "name": null,
        "structure_type": "town_building",
        "osm_building": "yes",
        "area_m2": 105,
        "eave_height_m": 3,
        "ridge_height_m": 5,
        "roof_colour": "#2f5a7a",
        "roof_shape": "gable",
        "confidence": "B",
        "evidence_type": "public_gis",
        "historical_status": "plausible",
        "source_ids": [
          "SRC_OSM_OVERPASS"
        ],
        "detail_confidence": {
          "footprint": "B (public_gis — OSM way 654478955)",
          "eave_ridge_height": "C (inference — banded from footprint area; OSM carries no height here)",
          "roof_colour": "C (inference — palette from photograph 003, assigned by a hash of the OSM id)",
          "roof_shape": "C (inference — a gable along the footprint's long axis)"
        },
        "note": "scripts/import-osm-town.mjs による取り込み。外形はOSM(public_gis)だが、高さ・屋根形状・屋根色はOSMに情報がないため推定であり、detail_confidence に C として記録している。"
      }
    },
    {
      "type": "Feature",
      "geometry": {
        "type": "Polygon",
        "coordinates": [
          [
            [
              144.5065923,
              43.7184746
            ],
            [
              144.5066111,
              43.7183496
            ],
            [
              144.5064835,
              43.7183396
            ],
            [
              144.5064648,
              43.7184646
            ],
            [
              144.5065923,
              43.7184746
            ]
          ]
        ]
      },
      "properties": {
        "id": "BLDG_OSM_654478956",
        "name": null,
        "structure_type": "town_building",
        "osm_building": "yes",
        "area_m2": 144,
        "eave_height_m": 3,
        "ridge_height_m": 5,
        "roof_colour": "#6b6f74",
        "roof_shape": "gable",
        "confidence": "B",
        "evidence_type": "public_gis",
        "historical_status": "plausible",
        "source_ids": [
          "SRC_OSM_OVERPASS"
        ],
        "detail_confidence": {
          "footprint": "B (public_gis — OSM way 654478956)",
          "eave_ridge_height": "C (inference — banded from footprint area; OSM carries no height here)",
          "roof_colour": "C (inference — palette from photograph 003, assigned by a hash of the OSM id)",
          "roof_shape": "C (inference — a gable along the footprint's long axis)"
        },
        "note": "scripts/import-osm-town.mjs による取り込み。外形はOSM(public_gis)だが、高さ・屋根形状・屋根色はOSMに情報がないため推定であり、detail_confidence に C として記録している。"
      }
    },
    {
      "type": "Feature",
      "geometry": {
        "type": "Polygon",
        "coordinates": [
          [
            [
              144.5069061,
              43.7184998
            ],
            [
              144.5069262,
              43.7183583
            ],
            [
              144.5068008,
              43.718349
            ],
            [
              144.5067807,
              43.7184905
            ],
            [
              144.5069061,
              43.7184998
            ]
          ]
        ]
      },
      "properties": {
        "id": "BLDG_OSM_654478957",
        "name": null,
        "structure_type": "town_building",
        "osm_building": "yes",
        "area_m2": 160,
        "eave_height_m": 3,
        "ridge_height_m": 5,
        "roof_colour": "#8a6a3a",
        "roof_shape": "gable",
        "confidence": "B",
        "evidence_type": "public_gis",
        "historical_status": "plausible",
        "source_ids": [
          "SRC_OSM_OVERPASS"
        ],
        "detail_confidence": {
          "footprint": "B (public_gis — OSM way 654478957)",
          "eave_ridge_height": "C (inference — banded from footprint area; OSM carries no height here)",
          "roof_colour": "C (inference — palette from photograph 003, assigned by a hash of the OSM id)",
          "roof_shape": "C (inference — a gable along the footprint's long axis)"
        },
        "note": "scripts/import-osm-town.mjs による取り込み。外形はOSM(public_gis)だが、高さ・屋根形状・屋根色はOSMに情報がないため推定であり、detail_confidence に C として記録している。"
      }
    },
    {
      "type": "Feature",
      "geometry": {
        "type": "Polygon",
        "coordinates": [
          [
            [
              144.5074204,
              43.7182914
            ],
            [
              144.5074245,
              43.7182415
            ],
            [
              144.5073884,
              43.71824
            ],
            [
              144.5073844,
              43.7182899
            ],
            [
              144.5074204,
              43.7182914
            ]
          ]
        ]
      },
      "properties": {
        "id": "BLDG_OSM_654478958",
        "name": null,
        "structure_type": "town_building",
        "osm_building": "yes",
        "area_m2": 16,
        "eave_height_m": 2.2,
        "ridge_height_m": 3.1,
        "roof_colour": "#2f6146",
        "roof_shape": "gable",
        "confidence": "B",
        "evidence_type": "public_gis",
        "historical_status": "plausible",
        "source_ids": [
          "SRC_OSM_OVERPASS"
        ],
        "detail_confidence": {
          "footprint": "B (public_gis — OSM way 654478958)",
          "eave_ridge_height": "C (inference — banded from footprint area; OSM carries no height here)",
          "roof_colour": "C (inference — palette from photograph 003, assigned by a hash of the OSM id)",
          "roof_shape": "C (inference — a gable along the footprint's long axis)"
        },
        "note": "scripts/import-osm-town.mjs による取り込み。外形はOSM(public_gis)だが、高さ・屋根形状・屋根色はOSMに情報がないため推定であり、detail_confidence に C として記録している。"
      }
    },
    {
      "type": "Feature",
      "geometry": {
        "type": "Polygon",
        "coordinates": [
          [
            [
              144.5075847,
              43.7182468
            ],
            [
              144.5075834,
              43.7182813
            ],
            [
              144.5075583,
              43.7182808
            ],
            [
              144.5075572,
              43.7183103
            ],
            [
              144.5075823,
              43.7183108
            ],
            [
              144.5075818,
              43.7183243
            ],
            [
              144.5077059,
              43.7183268
            ],
            [
              144.5077088,
              43.7182493
            ],
            [
              144.5075847,
              43.7182468
            ]
          ]
        ]
      },
      "properties": {
        "id": "BLDG_OSM_654478959",
        "name": null,
        "structure_type": "town_building",
        "osm_building": "yes",
        "area_m2": 92,
        "eave_height_m": 3,
        "ridge_height_m": 5,
        "roof_colour": "#6b6f74",
        "roof_shape": "flat",
        "confidence": "B",
        "evidence_type": "public_gis",
        "historical_status": "plausible",
        "source_ids": [
          "SRC_OSM_OVERPASS"
        ],
        "detail_confidence": {
          "footprint": "B (public_gis — OSM way 654478959)",
          "eave_ridge_height": "C (inference — banded from footprint area; OSM carries no height here)",
          "roof_colour": "C (inference — palette from photograph 003, assigned by a hash of the OSM id)",
          "roof_shape": "C (inference — a gable along the footprint's long axis)"
        },
        "note": "scripts/import-osm-town.mjs による取り込み。外形はOSM(public_gis)だが、高さ・屋根形状・屋根色はOSMに情報がないため推定であり、detail_confidence に C として記録している。"
      }
    },
    {
      "type": "Feature",
      "geometry": {
        "type": "Polygon",
        "coordinates": [
          [
            [
              144.5073909,
              43.7181916
            ],
            [
              144.5073884,
              43.718235
            ],
            [
              144.5075326,
              43.7182393
            ],
            [
              144.5075351,
              43.7181959
            ],
            [
              144.5073909,
              43.7181916
            ]
          ]
        ]
      },
      "properties": {
        "id": "BLDG_OSM_654478960",
        "name": null,
        "structure_type": "town_building",
        "osm_building": "yes",
        "area_m2": 56,
        "eave_height_m": 2.6,
        "ridge_height_m": 4,
        "roof_colour": "#2f5a7a",
        "roof_shape": "gable",
        "confidence": "B",
        "evidence_type": "public_gis",
        "historical_status": "plausible",
        "source_ids": [
          "SRC_OSM_OVERPASS"
        ],
        "detail_confidence": {
          "footprint": "B (public_gis — OSM way 654478960)",
          "eave_ridge_height": "C (inference — banded from footprint area; OSM carries no height here)",
          "roof_colour": "C (inference — palette from photograph 003, assigned by a hash of the OSM id)",
          "roof_shape": "C (inference — a gable along the footprint's long axis)"
        },
        "note": "scripts/import-osm-town.mjs による取り込み。外形はOSM(public_gis)だが、高さ・屋根形状・屋根色はOSMに情報がないため推定であり、detail_confidence に C として記録している。"
      }
    },
    {
      "type": "Feature",
      "geometry": {
        "type": "Polygon",
        "coordinates": [
          [
            [
              144.5073272,
              43.7185396
            ],
            [
              144.507342,
              43.7183966
            ],
            [
              144.5072291,
              43.7183905
            ],
            [
              144.5072144,
              43.7185335
            ],
            [
              144.5073272,
              43.7185396
            ]
          ]
        ]
      },
      "properties": {
        "id": "BLDG_OSM_654478961",
        "name": null,
        "structure_type": "town_building",
        "osm_building": "yes",
        "area_m2": 144,
        "eave_height_m": 3,
        "ridge_height_m": 5,
        "roof_colour": "#8c3a32",
        "roof_shape": "gable",
        "confidence": "B",
        "evidence_type": "public_gis",
        "historical_status": "plausible",
        "source_ids": [
          "SRC_OSM_OVERPASS"
        ],
        "detail_confidence": {
          "footprint": "B (public_gis — OSM way 654478961)",
          "eave_ridge_height": "C (inference — banded from footprint area; OSM carries no height here)",
          "roof_colour": "C (inference — palette from photograph 003, assigned by a hash of the OSM id)",
          "roof_shape": "C (inference — a gable along the footprint's long axis)"
        },
        "note": "scripts/import-osm-town.mjs による取り込み。外形はOSM(public_gis)だが、高さ・屋根形状・屋根色はOSMに情報がないため推定であり、detail_confidence に C として記録している。"
      }
    },
    {
      "type": "Feature",
      "geometry": {
        "type": "Polygon",
        "coordinates": [
          [
            [
              144.5071898,
              43.7185085
            ],
            [
              144.5072032,
              43.7183627
            ],
            [
              144.5070789,
              43.7183567
            ],
            [
              144.5070655,
              43.7185026
            ],
            [
              144.5071898,
              43.7185085
            ]
          ]
        ]
      },
      "properties": {
        "id": "BLDG_OSM_654478962",
        "name": null,
        "structure_type": "town_building",
        "osm_building": "yes",
        "area_m2": 162,
        "eave_height_m": 3.6,
        "ridge_height_m": 6,
        "roof_colour": "#8a6a3a",
        "roof_shape": "gable",
        "confidence": "B",
        "evidence_type": "public_gis",
        "historical_status": "plausible",
        "source_ids": [
          "SRC_OSM_OVERPASS"
        ],
        "detail_confidence": {
          "footprint": "B (public_gis — OSM way 654478962)",
          "eave_ridge_height": "C (inference — banded from footprint area; OSM carries no height here)",
          "roof_colour": "C (inference — palette from photograph 003, assigned by a hash of the OSM id)",
          "roof_shape": "C (inference — a gable along the footprint's long axis)"
        },
        "note": "scripts/import-osm-town.mjs による取り込み。外形はOSM(public_gis)だが、高さ・屋根形状・屋根色はOSMに情報がないため推定であり、detail_confidence に C として記録している。"
      }
    },
    {
      "type": "Feature",
      "geometry": {
        "type": "Polygon",
        "coordinates": [
          [
            [
              144.5070878,
              43.7182924
            ],
            [
              144.5070813,
              43.7183478
            ],
            [
              144.5071839,
              43.7183541
            ],
            [
              144.5071904,
              43.7182987
            ],
            [
              144.5070878,
              43.7182924
            ]
          ]
        ]
      },
      "properties": {
        "id": "BLDG_OSM_654478963",
        "name": null,
        "structure_type": "town_building",
        "osm_building": "yes",
        "area_m2": 51,
        "eave_height_m": 2.6,
        "ridge_height_m": 4,
        "roof_colour": "#6b6f74",
        "roof_shape": "gable",
        "confidence": "B",
        "evidence_type": "public_gis",
        "historical_status": "plausible",
        "source_ids": [
          "SRC_OSM_OVERPASS"
        ],
        "detail_confidence": {
          "footprint": "B (public_gis — OSM way 654478963)",
          "eave_ridge_height": "C (inference — banded from footprint area; OSM carries no height here)",
          "roof_colour": "C (inference — palette from photograph 003, assigned by a hash of the OSM id)",
          "roof_shape": "C (inference — a gable along the footprint's long axis)"
        },
        "note": "scripts/import-osm-town.mjs による取り込み。外形はOSM(public_gis)だが、高さ・屋根形状・屋根色はOSMに情報がないため推定であり、detail_confidence に C として記録している。"
      }
    },
    {
      "type": "Feature",
      "geometry": {
        "type": "Polygon",
        "coordinates": [
          [
            [
              144.5071046,
              43.7182846
            ],
            [
              144.5072749,
              43.7182943
            ],
            [
              144.5072843,
              43.7182081
            ],
            [
              144.507114,
              43.7181984
            ],
            [
              144.5071046,
              43.7182846
            ]
          ]
        ]
      },
      "properties": {
        "id": "BLDG_OSM_654478964",
        "name": null,
        "structure_type": "town_building",
        "osm_building": "yes",
        "area_m2": 131,
        "eave_height_m": 3,
        "ridge_height_m": 5,
        "roof_colour": "#2f6146",
        "roof_shape": "gable",
        "confidence": "B",
        "evidence_type": "public_gis",
        "historical_status": "plausible",
        "source_ids": [
          "SRC_OSM_OVERPASS"
        ],
        "detail_confidence": {
          "footprint": "B (public_gis — OSM way 654478964)",
          "eave_ridge_height": "C (inference — banded from footprint area; OSM carries no height here)",
          "roof_colour": "C (inference — palette from photograph 003, assigned by a hash of the OSM id)",
          "roof_shape": "C (inference — a gable along the footprint's long axis)"
        },
        "note": "scripts/import-osm-town.mjs による取り込み。外形はOSM(public_gis)だが、高さ・屋根形状・屋根色はOSMに情報がないため推定であり、detail_confidence に C として記録している。"
      }
    },
    {
      "type": "Feature",
      "geometry": {
        "type": "Polygon",
        "coordinates": [
          [
            [
              144.5071234,
              43.7181674
            ],
            [
              144.507229,
              43.7181705
            ],
            [
              144.5072343,
              43.7180775
            ],
            [
              144.5071287,
              43.7180743
            ],
            [
              144.5071234,
              43.7181674
            ]
          ]
        ]
      },
      "properties": {
        "id": "BLDG_OSM_654478965",
        "name": null,
        "structure_type": "town_building",
        "osm_building": "yes",
        "area_m2": 88,
        "eave_height_m": 3,
        "ridge_height_m": 5,
        "roof_colour": "#2f5a7a",
        "roof_shape": "gable",
        "confidence": "B",
        "evidence_type": "public_gis",
        "historical_status": "plausible",
        "source_ids": [
          "SRC_OSM_OVERPASS"
        ],
        "detail_confidence": {
          "footprint": "B (public_gis — OSM way 654478965)",
          "eave_ridge_height": "C (inference — banded from footprint area; OSM carries no height here)",
          "roof_colour": "C (inference — palette from photograph 003, assigned by a hash of the OSM id)",
          "roof_shape": "C (inference — a gable along the footprint's long axis)"
        },
        "note": "scripts/import-osm-town.mjs による取り込み。外形はOSM(public_gis)だが、高さ・屋根形状・屋根色はOSMに情報がないため推定であり、detail_confidence に C として記録している。"
      }
    },
    {
      "type": "Feature",
      "geometry": {
        "type": "Polygon",
        "coordinates": [
          [
            [
              144.5075914,
              43.7180249
            ],
            [
              144.5076365,
              43.7180266
            ],
            [
              144.5076406,
              43.7179713
            ],
            [
              144.5075954,
              43.7179696
            ],
            [
              144.5075914,
              43.7180249
            ]
          ]
        ]
      },
      "properties": {
        "id": "BLDG_OSM_654478966",
        "name": null,
        "structure_type": "town_building",
        "osm_building": "yes",
        "area_m2": 22,
        "eave_height_m": 2.2,
        "ridge_height_m": 3.1,
        "roof_colour": "#8c3a32",
        "roof_shape": "gable",
        "confidence": "B",
        "evidence_type": "public_gis",
        "historical_status": "plausible",
        "source_ids": [
          "SRC_OSM_OVERPASS"
        ],
        "detail_confidence": {
          "footprint": "B (public_gis — OSM way 654478966)",
          "eave_ridge_height": "C (inference — banded from footprint area; OSM carries no height here)",
          "roof_colour": "C (inference — palette from photograph 003, assigned by a hash of the OSM id)",
          "roof_shape": "C (inference — a gable along the footprint's long axis)"
        },
        "note": "scripts/import-osm-town.mjs による取り込み。外形はOSM(public_gis)だが、高さ・屋根形状・屋根色はOSMに情報がないため推定であり、detail_confidence に C として記録している。"
      }
    },
    {
      "type": "Feature",
      "geometry": {
        "type": "Polygon",
        "coordinates": [
          [
            [
              144.5072789,
              43.7181635
            ],
            [
              144.5074182,
              43.7181723
            ],
            [
              144.5074383,
              43.7180066
            ],
            [
              144.5072991,
              43.7179977
            ],
            [
              144.5072789,
              43.7181635
            ]
          ]
        ]
      },
      "properties": {
        "id": "BLDG_OSM_654478967",
        "name": null,
        "structure_type": "town_building",
        "osm_building": "yes",
        "area_m2": 207,
        "eave_height_m": 3.6,
        "ridge_height_m": 6,
        "roof_colour": "#8a6a3a",
        "roof_shape": "gable",
        "confidence": "B",
        "evidence_type": "public_gis",
        "historical_status": "plausible",
        "source_ids": [
          "SRC_OSM_OVERPASS"
        ],
        "detail_confidence": {
          "footprint": "B (public_gis — OSM way 654478967)",
          "eave_ridge_height": "C (inference — banded from footprint area; OSM carries no height here)",
          "roof_colour": "C (inference — palette from photograph 003, assigned by a hash of the OSM id)",
          "roof_shape": "C (inference — a gable along the footprint's long axis)"
        },
        "note": "scripts/import-osm-town.mjs による取り込み。外形はOSM(public_gis)だが、高さ・屋根形状・屋根色はOSMに情報がないため推定であり、detail_confidence に C として記録している。"
      }
    },
    {
      "type": "Feature",
      "geometry": {
        "type": "Polygon",
        "coordinates": [
          [
            [
              144.5080769,
              43.7181431
            ],
            [
              144.5081236,
              43.7181453
            ],
            [
              144.5081303,
              43.7180707
            ],
            [
              144.5080836,
              43.7180685
            ],
            [
              144.5080769,
              43.7181431
            ]
          ]
        ]
      },
      "properties": {
        "id": "BLDG_OSM_654478968",
        "name": null,
        "structure_type": "town_building",
        "osm_building": "yes",
        "area_m2": 31,
        "eave_height_m": 2.6,
        "ridge_height_m": 4,
        "roof_colour": "#6b6f74",
        "roof_shape": "gable",
        "confidence": "B",
        "evidence_type": "public_gis",
        "historical_status": "plausible",
        "source_ids": [
          "SRC_OSM_OVERPASS"
        ],
        "detail_confidence": {
          "footprint": "B (public_gis — OSM way 654478968)",
          "eave_ridge_height": "C (inference — banded from footprint area; OSM carries no height here)",
          "roof_colour": "C (inference — palette from photograph 003, assigned by a hash of the OSM id)",
          "roof_shape": "C (inference — a gable along the footprint's long axis)"
        },
        "note": "scripts/import-osm-town.mjs による取り込み。外形はOSM(public_gis)だが、高さ・屋根形状・屋根色はOSMに情報がないため推定であり、detail_confidence に C として記録している。"
      }
    },
    {
      "type": "Feature",
      "geometry": {
        "type": "Polygon",
        "coordinates": [
          [
            [
              144.5078757,
              43.7181354
            ],
            [
              144.50803,
              43.718146
            ],
            [
              144.5080409,
              43.7180631
            ],
            [
              144.5078867,
              43.7180525
            ],
            [
              144.5078757,
              43.7181354
            ]
          ]
        ]
      },
      "properties": {
        "id": "BLDG_OSM_654478969",
        "name": null,
        "structure_type": "town_building",
        "osm_building": "yes",
        "area_m2": 115,
        "eave_height_m": 3,
        "ridge_height_m": 5,
        "roof_colour": "#2f6146",
        "roof_shape": "gable",
        "confidence": "B",
        "evidence_type": "public_gis",
        "historical_status": "plausible",
        "source_ids": [
          "SRC_OSM_OVERPASS"
        ],
        "detail_confidence": {
          "footprint": "B (public_gis — OSM way 654478969)",
          "eave_ridge_height": "C (inference — banded from footprint area; OSM carries no height here)",
          "roof_colour": "C (inference — palette from photograph 003, assigned by a hash of the OSM id)",
          "roof_shape": "C (inference — a gable along the footprint's long axis)"
        },
        "note": "scripts/import-osm-town.mjs による取り込み。外形はOSM(public_gis)だが、高さ・屋根形状・屋根色はOSMに情報がないため推定であり、detail_confidence に C として記録している。"
      }
    },
    {
      "type": "Feature",
      "geometry": {
        "type": "Polygon",
        "coordinates": [
          [
            [
              144.5080769,
              43.7182333
            ],
            [
              144.5080836,
              43.7181606
            ],
            [
              144.5080001,
              43.7181565
            ],
            [
              144.5079934,
              43.7182292
            ],
            [
              144.5080769,
              43.7182333
            ]
          ]
        ]
      },
      "properties": {
        "id": "BLDG_OSM_654478970",
        "name": null,
        "structure_type": "town_building",
        "osm_building": "yes",
        "area_m2": 54,
        "eave_height_m": 2.6,
        "ridge_height_m": 4,
        "roof_colour": "#8c3a32",
        "roof_shape": "gable",
        "confidence": "B",
        "evidence_type": "public_gis",
        "historical_status": "plausible",
        "source_ids": [
          "SRC_OSM_OVERPASS"
        ],
        "detail_confidence": {
          "footprint": "B (public_gis — OSM way 654478970)",
          "eave_ridge_height": "C (inference — banded from footprint area; OSM carries no height here)",
          "roof_colour": "C (inference — palette from photograph 003, assigned by a hash of the OSM id)",
          "roof_shape": "C (inference — a gable along the footprint's long axis)"
        },
        "note": "scripts/import-osm-town.mjs による取り込み。外形はOSM(public_gis)だが、高さ・屋根形状・屋根色はOSMに情報がないため推定であり、detail_confidence に C として記録している。"
      }
    },
    {
      "type": "Feature",
      "geometry": {
        "type": "Polygon",
        "coordinates": [
          [
            [
              144.5080715,
              43.718589
            ],
            [
              144.508097,
              43.7184465
            ],
            [
              144.50801,
              43.7184384
            ],
            [
              144.5079845,
              43.7185809
            ],
            [
              144.5080715,
              43.718589
            ]
          ]
        ]
      },
      "properties": {
        "id": "BLDG_OSM_654478971",
        "name": null,
        "structure_type": "town_building",
        "osm_building": "yes",
        "area_m2": 112,
        "eave_height_m": 3,
        "ridge_height_m": 5,
        "roof_colour": "#2f5a7a",
        "roof_shape": "gable",
        "confidence": "B",
        "evidence_type": "public_gis",
        "historical_status": "plausible",
        "source_ids": [
          "SRC_OSM_OVERPASS"
        ],
        "detail_confidence": {
          "footprint": "B (public_gis — OSM way 654478971)",
          "eave_ridge_height": "C (inference — banded from footprint area; OSM carries no height here)",
          "roof_colour": "C (inference — palette from photograph 003, assigned by a hash of the OSM id)",
          "roof_shape": "C (inference — a gable along the footprint's long axis)"
        },
        "note": "scripts/import-osm-town.mjs による取り込み。外形はOSM(public_gis)だが、高さ・屋根形状・屋根色はOSMに情報がないため推定であり、detail_confidence に C として記録している。"
      }
    },
    {
      "type": "Feature",
      "geometry": {
        "type": "Polygon",
        "coordinates": [
          [
            [
              144.5086046,
              43.7185941
            ],
            [
              144.5086502,
              43.7185952
            ],
            [
              144.5086516,
              43.7185652
            ],
            [
              144.508606,
              43.7185642
            ],
            [
              144.5086046,
              43.7185941
            ]
          ]
        ]
      },
      "properties": {
        "id": "BLDG_OSM_654478972",
        "name": null,
        "structure_type": "town_building",
        "osm_building": "yes",
        "area_m2": 12,
        "eave_height_m": 2.2,
        "ridge_height_m": 3.1,
        "roof_colour": "#2f6146",
        "roof_shape": "gable",
        "confidence": "B",
        "evidence_type": "public_gis",
        "historical_status": "plausible",
        "source_ids": [
          "SRC_OSM_OVERPASS"
        ],
        "detail_confidence": {
          "footprint": "B (public_gis — OSM way 654478972)",
          "eave_ridge_height": "C (inference — banded from footprint area; OSM carries no height here)",
          "roof_colour": "C (inference — palette from photograph 003, assigned by a hash of the OSM id)",
          "roof_shape": "C (inference — a gable along the footprint's long axis)"
        },
        "note": "scripts/import-osm-town.mjs による取り込み。外形はOSM(public_gis)だが、高さ・屋根形状・屋根色はOSMに情報がないため推定であり、detail_confidence に C として記録している。"
      }
    },
    {
      "type": "Feature",
      "geometry": {
        "type": "Polygon",
        "coordinates": [
          [
            [
              144.5087213,
              43.7186578
            ],
            [
              144.508724,
              43.7185969
            ],
            [
              144.5086502,
              43.7185952
            ],
            [
              144.5086046,
              43.7185941
            ],
            [
              144.5085912,
              43.7185938
            ],
            [
              144.5085895,
              43.7186335
            ],
            [
              144.5086154,
              43.7186341
            ],
            [
              144.5086138,
              43.7186685
            ],
            [
              144.5086556,
              43.7186694
            ],
            [
              144.5086549,
              43.7186859
            ],
            [
              144.5087334,
              43.7186877
            ],
            [
              144.5087347,
              43.7186581
            ],
            [
              144.5087213,
              43.7186578
            ]
          ]
        ]
      },
      "properties": {
        "id": "BLDG_OSM_654478973",
        "name": null,
        "structure_type": "town_building",
        "osm_building": "yes",
        "area_m2": 93,
        "eave_height_m": 3,
        "ridge_height_m": 5,
        "roof_colour": "#6b6f74",
        "roof_shape": "flat",
        "confidence": "B",
        "evidence_type": "public_gis",
        "historical_status": "plausible",
        "source_ids": [
          "SRC_OSM_OVERPASS"
        ],
        "detail_confidence": {
          "footprint": "B (public_gis — OSM way 654478973)",
          "eave_ridge_height": "C (inference — banded from footprint area; OSM carries no height here)",
          "roof_colour": "C (inference — palette from photograph 003, assigned by a hash of the OSM id)",
          "roof_shape": "C (inference — a gable along the footprint's long axis)"
        },
        "note": "scripts/import-osm-town.mjs による取り込み。外形はOSM(public_gis)だが、高さ・屋根形状・屋根色はOSMに情報がないため推定であり、detail_confidence に C として記録している。"
      }
    },
    {
      "type": "Feature",
      "geometry": {
        "type": "Polygon",
        "coordinates": [
          [
            [
              144.5085181,
              43.7186501
            ],
            [
              144.508558,
              43.7186523
            ],
            [
              144.5085681,
              43.7185588
            ],
            [
              144.5085282,
              43.7185565
            ],
            [
              144.5085181,
              43.7186501
            ]
          ]
        ]
      },
      "properties": {
        "id": "BLDG_OSM_654478974",
        "name": null,
        "structure_type": "town_building",
        "osm_building": "yes",
        "area_m2": 33,
        "eave_height_m": 2.6,
        "ridge_height_m": 4,
        "roof_colour": "#2f5a7a",
        "roof_shape": "gable",
        "confidence": "B",
        "evidence_type": "public_gis",
        "historical_status": "plausible",
        "source_ids": [
          "SRC_OSM_OVERPASS"
        ],
        "detail_confidence": {
          "footprint": "B (public_gis — OSM way 654478974)",
          "eave_ridge_height": "C (inference — banded from footprint area; OSM carries no height here)",
          "roof_colour": "C (inference — palette from photograph 003, assigned by a hash of the OSM id)",
          "roof_shape": "C (inference — a gable along the footprint's long axis)"
        },
        "note": "scripts/import-osm-town.mjs による取り込み。外形はOSM(public_gis)だが、高さ・屋根形状・屋根色はOSMに情報がないため推定であり、detail_confidence に C として記録している。"
      }
    },
    {
      "type": "Feature",
      "geometry": {
        "type": "Polygon",
        "coordinates": [
          [
            [
              144.5090365,
              43.7182754
            ],
            [
              144.509038,
              43.7182374
            ],
            [
              144.5089703,
              43.7182359
            ],
            [
              144.5089687,
              43.718274
            ],
            [
              144.5090365,
              43.7182754
            ]
          ]
        ]
      },
      "properties": {
        "id": "BLDG_OSM_654478975",
        "name": null,
        "structure_type": "town_building",
        "osm_building": "yes",
        "area_m2": 23,
        "eave_height_m": 2.2,
        "ridge_height_m": 3.1,
        "roof_colour": "#2f6146",
        "roof_shape": "gable",
        "confidence": "B",
        "evidence_type": "public_gis",
        "historical_status": "plausible",
        "source_ids": [
          "SRC_OSM_OVERPASS"
        ],
        "detail_confidence": {
          "footprint": "B (public_gis — OSM way 654478975)",
          "eave_ridge_height": "C (inference — banded from footprint area; OSM carries no height here)",
          "roof_colour": "C (inference — palette from photograph 003, assigned by a hash of the OSM id)",
          "roof_shape": "C (inference — a gable along the footprint's long axis)"
        },
        "note": "scripts/import-osm-town.mjs による取り込み。外形はOSM(public_gis)だが、高さ・屋根形状・屋根色はOSMに情報がないため推定であり、detail_confidence に C として記録している。"
      }
    },
    {
      "type": "Feature",
      "geometry": {
        "type": "Polygon",
        "coordinates": [
          [
            [
              144.509096,
              43.7182468
            ],
            [
              144.5090919,
              43.718319
            ],
            [
              144.5092717,
              43.7183244
            ],
            [
              144.5092758,
              43.7182521
            ],
            [
              144.509096,
              43.7182468
            ]
          ]
        ]
      },
      "properties": {
        "id": "BLDG_OSM_654478976",
        "name": null,
        "structure_type": "town_building",
        "osm_building": "yes",
        "area_m2": 116,
        "eave_height_m": 3,
        "ridge_height_m": 5,
        "roof_colour": "#6b6f74",
        "roof_shape": "gable",
        "confidence": "B",
        "evidence_type": "public_gis",
        "historical_status": "plausible",
        "source_ids": [
          "SRC_OSM_OVERPASS"
        ],
        "detail_confidence": {
          "footprint": "B (public_gis — OSM way 654478976)",
          "eave_ridge_height": "C (inference — banded from footprint area; OSM carries no height here)",
          "roof_colour": "C (inference — palette from photograph 003, assigned by a hash of the OSM id)",
          "roof_shape": "C (inference — a gable along the footprint's long axis)"
        },
        "note": "scripts/import-osm-town.mjs による取り込み。外形はOSM(public_gis)だが、高さ・屋根形状・屋根色はOSMに情報がないため推定であり、detail_confidence に C として記録している。"
      }
    },
    {
      "type": "Feature",
      "geometry": {
        "type": "Polygon",
        "coordinates": [
          [
            [
              144.5095722,
              43.7183627
            ],
            [
              144.5096575,
              43.7183623
            ],
            [
              144.5096571,
              43.7183249
            ],
            [
              144.5096905,
              43.7183247
            ],
            [
              144.5096903,
              43.7182958
            ],
            [
              144.5096569,
              43.7182959
            ],
            [
              144.5096568,
              43.7182876
            ],
            [
              144.5095716,
              43.718288
            ],
            [
              144.5095722,
              43.7183627
            ]
          ]
        ]
      },
      "properties": {
        "id": "BLDG_OSM_654478977",
        "name": null,
        "structure_type": "town_building",
        "osm_building": "yes",
        "area_m2": 65,
        "eave_height_m": 2.6,
        "ridge_height_m": 4,
        "roof_colour": "#8a6a3a",
        "roof_shape": "flat",
        "confidence": "B",
        "evidence_type": "public_gis",
        "historical_status": "plausible",
        "source_ids": [
          "SRC_OSM_OVERPASS"
        ],
        "detail_confidence": {
          "footprint": "B (public_gis — OSM way 654478977)",
          "eave_ridge_height": "C (inference — banded from footprint area; OSM carries no height here)",
          "roof_colour": "C (inference — palette from photograph 003, assigned by a hash of the OSM id)",
          "roof_shape": "C (inference — a gable along the footprint's long axis)"
        },
        "note": "scripts/import-osm-town.mjs による取り込み。外形はOSM(public_gis)だが、高さ・屋根形状・屋根色はOSMに情報がないため推定であり、detail_confidence に C として記録している。"
      }
    },
    {
      "type": "Feature",
      "geometry": {
        "type": "Polygon",
        "coordinates": [
          [
            [
              144.5098968,
              43.7182493
            ],
            [
              144.5099907,
              43.7182496
            ],
            [
              144.5099913,
              43.7181405
            ],
            [
              144.5098975,
              43.7181402
            ],
            [
              144.5098968,
              43.7182493
            ]
          ]
        ]
      },
      "properties": {
        "id": "BLDG_OSM_654478978",
        "name": null,
        "structure_type": "town_building",
        "osm_building": "yes",
        "area_m2": 91,
        "eave_height_m": 3,
        "ridge_height_m": 5,
        "roof_colour": "#2f6146",
        "roof_shape": "gable",
        "confidence": "B",
        "evidence_type": "public_gis",
        "historical_status": "plausible",
        "source_ids": [
          "SRC_OSM_OVERPASS"
        ],
        "detail_confidence": {
          "footprint": "B (public_gis — OSM way 654478978)",
          "eave_ridge_height": "C (inference — banded from footprint area; OSM carries no height here)",
          "roof_colour": "C (inference — palette from photograph 003, assigned by a hash of the OSM id)",
          "roof_shape": "C (inference — a gable along the footprint's long axis)"
        },
        "note": "scripts/import-osm-town.mjs による取り込み。外形はOSM(public_gis)だが、高さ・屋根形状・屋根色はOSMに情報がないため推定であり、detail_confidence に C として記録している。"
      }
    },
    {
      "type": "Feature",
      "geometry": {
        "type": "Polygon",
        "coordinates": [
          [
            [
              144.5100074,
              43.7184097
            ],
            [
              144.5100931,
              43.7184106
            ],
            [
              144.5100944,
              43.7183491
            ],
            [
              144.5100088,
              43.7183481
            ],
            [
              144.5100074,
              43.7184097
            ]
          ]
        ]
      },
      "properties": {
        "id": "BLDG_OSM_654478979",
        "name": null,
        "structure_type": "town_building",
        "osm_building": "yes",
        "area_m2": 47,
        "eave_height_m": 2.6,
        "ridge_height_m": 4,
        "roof_colour": "#6b6f74",
        "roof_shape": "gable",
        "confidence": "B",
        "evidence_type": "public_gis",
        "historical_status": "plausible",
        "source_ids": [
          "SRC_OSM_OVERPASS"
        ],
        "detail_confidence": {
          "footprint": "B (public_gis — OSM way 654478979)",
          "eave_ridge_height": "C (inference — banded from footprint area; OSM carries no height here)",
          "roof_colour": "C (inference — palette from photograph 003, assigned by a hash of the OSM id)",
          "roof_shape": "C (inference — a gable along the footprint's long axis)"
        },
        "note": "scripts/import-osm-town.mjs による取り込み。外形はOSM(public_gis)だが、高さ・屋根形状・屋根色はOSMに情報がないため推定であり、detail_confidence に C として記録している。"
      }
    },
    {
      "type": "Feature",
      "geometry": {
        "type": "Polygon",
        "coordinates": [
          [
            [
              144.5098364,
              43.7184048
            ],
            [
              144.5099612,
              43.7184082
            ],
            [
              144.5099655,
              43.7183246
            ],
            [
              144.5098408,
              43.7183212
            ],
            [
              144.5098364,
              43.7184048
            ]
          ]
        ]
      },
      "properties": {
        "id": "BLDG_OSM_654478980",
        "name": null,
        "structure_type": "town_building",
        "osm_building": "yes",
        "area_m2": 93,
        "eave_height_m": 3,
        "ridge_height_m": 5,
        "roof_colour": "#2f6146",
        "roof_shape": "gable",
        "confidence": "B",
        "evidence_type": "public_gis",
        "historical_status": "plausible",
        "source_ids": [
          "SRC_OSM_OVERPASS"
        ],
        "detail_confidence": {
          "footprint": "B (public_gis — OSM way 654478980)",
          "eave_ridge_height": "C (inference — banded from footprint area; OSM carries no height here)",
          "roof_colour": "C (inference — palette from photograph 003, assigned by a hash of the OSM id)",
          "roof_shape": "C (inference — a gable along the footprint's long axis)"
        },
        "note": "scripts/import-osm-town.mjs による取り込み。外形はOSM(public_gis)だが、高さ・屋根形状・屋根色はOSMに情報がないため推定であり、detail_confidence に C として記録している。"
      }
    },
    {
      "type": "Feature",
      "geometry": {
        "type": "Polygon",
        "coordinates": [
          [
            [
              144.5098619,
              43.7187363
            ],
            [
              144.5098619,
              43.7187639
            ],
            [
              144.5099115,
              43.7187639
            ],
            [
              144.5099115,
              43.7187363
            ],
            [
              144.5099591,
              43.7187363
            ],
            [
              144.5099591,
              43.7187053
            ],
            [
              144.5100027,
              43.7187053
            ],
            [
              144.5100027,
              43.7186597
            ],
            [
              144.5099591,
              43.7186597
            ],
            [
              144.5099591,
              43.7186418
            ],
            [
              144.5098975,
              43.7186418
            ],
            [
              144.5098975,
              43.7186893
            ],
            [
              144.5098304,
              43.7186893
            ],
            [
              144.5098304,
              43.7187363
            ],
            [
              144.5098619,
              43.7187363
            ]
          ]
        ]
      },
      "properties": {
        "id": "BLDG_OSM_654478981",
        "name": null,
        "structure_type": "town_building",
        "osm_building": "yes",
        "area_m2": 110,
        "eave_height_m": 3,
        "ridge_height_m": 5,
        "roof_colour": "#2f5a7a",
        "roof_shape": "flat",
        "confidence": "B",
        "evidence_type": "public_gis",
        "historical_status": "plausible",
        "source_ids": [
          "SRC_OSM_OVERPASS"
        ],
        "detail_confidence": {
          "footprint": "B (public_gis — OSM way 654478981)",
          "eave_ridge_height": "C (inference — banded from footprint area; OSM carries no height here)",
          "roof_colour": "C (inference — palette from photograph 003, assigned by a hash of the OSM id)",
          "roof_shape": "C (inference — a gable along the footprint's long axis)"
        },
        "note": "scripts/import-osm-town.mjs による取り込み。外形はOSM(public_gis)だが、高さ・屋根形状・屋根色はOSMに情報がないため推定であり、detail_confidence に C として記録している。"
      }
    },
    {
      "type": "Feature",
      "geometry": {
        "type": "Polygon",
        "coordinates": [
          [
            [
              144.510049,
              43.7187998
            ],
            [
              144.5101026,
              43.7188022
            ],
            [
              144.5101061,
              43.7187619
            ],
            [
              144.5100525,
              43.7187595
            ],
            [
              144.510049,
              43.7187998
            ]
          ]
        ]
      },
      "properties": {
        "id": "BLDG_OSM_654478982",
        "name": null,
        "structure_type": "town_building",
        "osm_building": "yes",
        "area_m2": 19,
        "eave_height_m": 2.2,
        "ridge_height_m": 3.1,
        "roof_colour": "#8a6a3a",
        "roof_shape": "gable",
        "confidence": "B",
        "evidence_type": "public_gis",
        "historical_status": "plausible",
        "source_ids": [
          "SRC_OSM_OVERPASS"
        ],
        "detail_confidence": {
          "footprint": "B (public_gis — OSM way 654478982)",
          "eave_ridge_height": "C (inference — banded from footprint area; OSM carries no height here)",
          "roof_colour": "C (inference — palette from photograph 003, assigned by a hash of the OSM id)",
          "roof_shape": "C (inference — a gable along the footprint's long axis)"
        },
        "note": "scripts/import-osm-town.mjs による取り込み。外形はOSM(public_gis)だが、高さ・屋根形状・屋根色はOSMに情報がないため推定であり、detail_confidence に C として記録している。"
      }
    },
    {
      "type": "Feature",
      "geometry": {
        "type": "Polygon",
        "coordinates": [
          [
            [
              144.5102059,
              43.71881
            ],
            [
              144.5103313,
              43.7188158
            ],
            [
              144.5103358,
              43.718765
            ],
            [
              144.5102104,
              43.7187592
            ],
            [
              144.5102059,
              43.71881
            ]
          ]
        ]
      },
      "properties": {
        "id": "BLDG_OSM_654478983",
        "name": null,
        "structure_type": "town_building",
        "osm_building": "yes",
        "area_m2": 57,
        "eave_height_m": 2.6,
        "ridge_height_m": 4,
        "roof_colour": "#6b6f74",
        "roof_shape": "gable",
        "confidence": "B",
        "evidence_type": "public_gis",
        "historical_status": "plausible",
        "source_ids": [
          "SRC_OSM_OVERPASS"
        ],
        "detail_confidence": {
          "footprint": "B (public_gis — OSM way 654478983)",
          "eave_ridge_height": "C (inference — banded from footprint area; OSM carries no height here)",
          "roof_colour": "C (inference — palette from photograph 003, assigned by a hash of the OSM id)",
          "roof_shape": "C (inference — a gable along the footprint's long axis)"
        },
        "note": "scripts/import-osm-town.mjs による取り込み。外形はOSM(public_gis)だが、高さ・屋根形状・屋根色はOSMに情報がないため推定であり、detail_confidence に C として記録している。"
      }
    },
    {
      "type": "Feature",
      "geometry": {
        "type": "Polygon",
        "coordinates": [
          [
            [
              144.5105553,
              43.7187474
            ],
            [
              144.5104837,
              43.7187461
            ],
            [
              144.5104841,
              43.7187343
            ],
            [
              144.5104594,
              43.7187339
            ],
            [
              144.5104574,
              43.7187897
            ],
            [
              144.5104746,
              43.71879
            ],
            [
              144.5104735,
              43.7188236
            ],
            [
              144.5105628,
              43.7188252
            ],
            [
              144.5105642,
              43.7187864
            ],
            [
              144.5106157,
              43.7187873
            ],
            [
              144.5106176,
              43.7187305
            ],
            [
              144.5105559,
              43.7187294
            ],
            [
              144.5105553,
              43.7187474
            ]
          ]
        ]
      },
      "properties": {
        "id": "BLDG_OSM_654478984",
        "name": null,
        "structure_type": "town_building",
        "osm_building": "yes",
        "area_m2": 99,
        "eave_height_m": 3,
        "ridge_height_m": 5,
        "roof_colour": "#6b6f74",
        "roof_shape": "flat",
        "confidence": "B",
        "evidence_type": "public_gis",
        "historical_status": "plausible",
        "source_ids": [
          "SRC_OSM_OVERPASS"
        ],
        "detail_confidence": {
          "footprint": "B (public_gis — OSM way 654478984)",
          "eave_ridge_height": "C (inference — banded from footprint area; OSM carries no height here)",
          "roof_colour": "C (inference — palette from photograph 003, assigned by a hash of the OSM id)",
          "roof_shape": "C (inference — a gable along the footprint's long axis)"
        },
        "note": "scripts/import-osm-town.mjs による取り込み。外形はOSM(public_gis)だが、高さ・屋根形状・屋根色はOSMに情報がないため推定であり、detail_confidence に C として記録している。"
      }
    },
    {
      "type": "Feature",
      "geometry": {
        "type": "Polygon",
        "coordinates": [
          [
            [
              144.5096675,
              43.7189912
            ],
            [
              144.5097526,
              43.7189943
            ],
            [
              144.509758,
              43.7189168
            ],
            [
              144.5096728,
              43.7189137
            ],
            [
              144.5096675,
              43.7189912
            ]
          ]
        ]
      },
      "properties": {
        "id": "BLDG_OSM_654478985",
        "name": null,
        "structure_type": "town_building",
        "osm_building": "yes",
        "area_m2": 59,
        "eave_height_m": 2.6,
        "ridge_height_m": 4,
        "roof_colour": "#2f6146",
        "roof_shape": "gable",
        "confidence": "B",
        "evidence_type": "public_gis",
        "historical_status": "plausible",
        "source_ids": [
          "SRC_OSM_OVERPASS"
        ],
        "detail_confidence": {
          "footprint": "B (public_gis — OSM way 654478985)",
          "eave_ridge_height": "C (inference — banded from footprint area; OSM carries no height here)",
          "roof_colour": "C (inference — palette from photograph 003, assigned by a hash of the OSM id)",
          "roof_shape": "C (inference — a gable along the footprint's long axis)"
        },
        "note": "scripts/import-osm-town.mjs による取り込み。外形はOSM(public_gis)だが、高さ・屋根形状・屋根色はOSMに情報がないため推定であり、detail_confidence に C として記録している。"
      }
    },
    {
      "type": "Feature",
      "geometry": {
        "type": "Polygon",
        "coordinates": [
          [
            [
              144.5094998,
              43.7188953
            ],
            [
              144.5094941,
              43.7189675
            ],
            [
              144.5096349,
              43.7189733
            ],
            [
              144.5096406,
              43.7189011
            ],
            [
              144.5094998,
              43.7188953
            ]
          ]
        ]
      },
      "properties": {
        "id": "BLDG_OSM_654478987",
        "name": null,
        "structure_type": "town_building",
        "osm_building": "yes",
        "area_m2": 91,
        "eave_height_m": 3,
        "ridge_height_m": 5,
        "roof_colour": "#8a6a3a",
        "roof_shape": "gable",
        "confidence": "B",
        "evidence_type": "public_gis",
        "historical_status": "plausible",
        "source_ids": [
          "SRC_OSM_OVERPASS"
        ],
        "detail_confidence": {
          "footprint": "B (public_gis — OSM way 654478987)",
          "eave_ridge_height": "C (inference — banded from footprint area; OSM carries no height here)",
          "roof_colour": "C (inference — palette from photograph 003, assigned by a hash of the OSM id)",
          "roof_shape": "C (inference — a gable along the footprint's long axis)"
        },
        "note": "scripts/import-osm-town.mjs による取り込み。外形はOSM(public_gis)だが、高さ・屋根形状・屋根色はOSMに情報がないため推定であり、detail_confidence に C として記録している。"
      }
    },
    {
      "type": "Feature",
      "geometry": {
        "type": "Polygon",
        "coordinates": [
          [
            [
              144.5091686,
              43.718873
            ],
            [
              144.509167,
              43.7189378
            ],
            [
              144.5093212,
              43.7189398
            ],
            [
              144.5093228,
              43.7188749
            ],
            [
              144.5091686,
              43.718873
            ]
          ]
        ]
      },
      "properties": {
        "id": "BLDG_OSM_654478988",
        "name": null,
        "structure_type": "town_building",
        "osm_building": "yes",
        "area_m2": 89,
        "eave_height_m": 3,
        "ridge_height_m": 5,
        "roof_colour": "#8c3a32",
        "roof_shape": "gable",
        "confidence": "B",
        "evidence_type": "public_gis",
        "historical_status": "plausible",
        "source_ids": [
          "SRC_OSM_OVERPASS"
        ],
        "detail_confidence": {
          "footprint": "B (public_gis — OSM way 654478988)",
          "eave_ridge_height": "C (inference — banded from footprint area; OSM carries no height here)",
          "roof_colour": "C (inference — palette from photograph 003, assigned by a hash of the OSM id)",
          "roof_shape": "C (inference — a gable along the footprint's long axis)"
        },
        "note": "scripts/import-osm-town.mjs による取り込み。外形はOSM(public_gis)だが、高さ・屋根形状・屋根色はOSMに情報がないため推定であり、detail_confidence に C として記録している。"
      }
    },
    {
      "type": "Feature",
      "geometry": {
        "type": "Polygon",
        "coordinates": [
          [
            [
              144.5091659,
              43.7190717
            ],
            [
              144.509273,
              43.7190746
            ],
            [
              144.5092783,
              43.7189729
            ],
            [
              144.5091712,
              43.7189699
            ],
            [
              144.5091659,
              43.7190717
            ]
          ]
        ]
      },
      "properties": {
        "id": "BLDG_OSM_654478989",
        "name": null,
        "structure_type": "town_building",
        "osm_building": "yes",
        "area_m2": 97,
        "eave_height_m": 3,
        "ridge_height_m": 5,
        "roof_colour": "#8a6a3a",
        "roof_shape": "gable",
        "confidence": "B",
        "evidence_type": "public_gis",
        "historical_status": "plausible",
        "source_ids": [
          "SRC_OSM_OVERPASS"
        ],
        "detail_confidence": {
          "footprint": "B (public_gis — OSM way 654478989)",
          "eave_ridge_height": "C (inference — banded from footprint area; OSM carries no height here)",
          "roof_colour": "C (inference — palette from photograph 003, assigned by a hash of the OSM id)",
          "roof_shape": "C (inference — a gable along the footprint's long axis)"
        },
        "note": "scripts/import-osm-town.mjs による取り込み。外形はOSM(public_gis)だが、高さ・屋根形状・屋根色はOSMに情報がないため推定であり、detail_confidence に C として記録している。"
      }
    },
    {
      "type": "Feature",
      "geometry": {
        "type": "Polygon",
        "coordinates": [
          [
            [
              144.5088889,
              43.7189408
            ],
            [
              144.5089761,
              43.7189442
            ],
            [
              144.5089783,
              43.7189147
            ],
            [
              144.5088911,
              43.7189113
            ],
            [
              144.5088889,
              43.7189408
            ]
          ]
        ]
      },
      "properties": {
        "id": "BLDG_OSM_654478990",
        "name": null,
        "structure_type": "town_building",
        "osm_building": "yes",
        "area_m2": 23,
        "eave_height_m": 2.2,
        "ridge_height_m": 3.1,
        "roof_colour": "#2f5a7a",
        "roof_shape": "gable",
        "confidence": "B",
        "evidence_type": "public_gis",
        "historical_status": "plausible",
        "source_ids": [
          "SRC_OSM_OVERPASS"
        ],
        "detail_confidence": {
          "footprint": "B (public_gis — OSM way 654478990)",
          "eave_ridge_height": "C (inference — banded from footprint area; OSM carries no height here)",
          "roof_colour": "C (inference — palette from photograph 003, assigned by a hash of the OSM id)",
          "roof_shape": "C (inference — a gable along the footprint's long axis)"
        },
        "note": "scripts/import-osm-town.mjs による取り込み。外形はOSM(public_gis)だが、高さ・屋根形状・屋根色はOSMに情報がないため推定であり、detail_confidence に C として記録している。"
      }
    },
    {
      "type": "Feature",
      "geometry": {
        "type": "Polygon",
        "coordinates": [
          [
            [
              144.5089828,
              43.7188953
            ],
            [
              144.5089922,
              43.7188017
            ],
            [
              144.5089146,
              43.7187977
            ],
            [
              144.5089052,
              43.7188912
            ],
            [
              144.5089828,
              43.7188953
            ]
          ]
        ]
      },
      "properties": {
        "id": "BLDG_OSM_654478991",
        "name": null,
        "structure_type": "town_building",
        "osm_building": "yes",
        "area_m2": 65,
        "eave_height_m": 2.6,
        "ridge_height_m": 4,
        "roof_colour": "#2f6146",
        "roof_shape": "gable",
        "confidence": "B",
        "evidence_type": "public_gis",
        "historical_status": "plausible",
        "source_ids": [
          "SRC_OSM_OVERPASS"
        ],
        "detail_confidence": {
          "footprint": "B (public_gis — OSM way 654478991)",
          "eave_ridge_height": "C (inference — banded from footprint area; OSM carries no height here)",
          "roof_colour": "C (inference — palette from photograph 003, assigned by a hash of the OSM id)",
          "roof_shape": "C (inference — a gable along the footprint's long axis)"
        },
        "note": "scripts/import-osm-town.mjs による取り込み。外形はOSM(public_gis)だが、高さ・屋根形状・屋根色はOSMに情報がないため推定であり、detail_confidence に C として記録している。"
      }
    },
    {
      "type": "Feature",
      "geometry": {
        "type": "Polygon",
        "coordinates": [
          [
            [
              144.5087513,
              43.7190201
            ],
            [
              144.5087484,
              43.719042
            ],
            [
              144.5087998,
              43.7190455
            ],
            [
              144.5088026,
              43.7190236
            ],
            [
              144.5088184,
              43.7190247
            ],
            [
              144.5088412,
              43.7188492
            ],
            [
              144.5085342,
              43.7188284
            ],
            [
              144.5085114,
              43.7190038
            ],
            [
              144.5086237,
              43.7190115
            ],
            [
              144.5086308,
              43.7189573
            ],
            [
              144.508733,
              43.7189642
            ],
            [
              144.508726,
              43.7190184
            ],
            [
              144.5087513,
              43.7190201
            ]
          ]
        ]
      },
      "properties": {
        "id": "BLDG_OSM_654478992",
        "name": null,
        "structure_type": "town_building",
        "osm_building": "yes",
        "area_m2": 444,
        "eave_height_m": 4.4,
        "ridge_height_m": 7.2,
        "roof_colour": "#8a6a3a",
        "roof_shape": "flat",
        "confidence": "B",
        "evidence_type": "public_gis",
        "historical_status": "plausible",
        "source_ids": [
          "SRC_OSM_OVERPASS"
        ],
        "detail_confidence": {
          "footprint": "B (public_gis — OSM way 654478992)",
          "eave_ridge_height": "C (inference — banded from footprint area; OSM carries no height here)",
          "roof_colour": "C (inference — palette from photograph 003, assigned by a hash of the OSM id)",
          "roof_shape": "C (inference — a gable along the footprint's long axis)"
        },
        "note": "scripts/import-osm-town.mjs による取り込み。外形はOSM(public_gis)だが、高さ・屋根形状・屋根色はOSMに情報がないため推定であり、detail_confidence に C として記録している。"
      }
    },
    {
      "type": "Feature",
      "geometry": {
        "type": "Polygon",
        "coordinates": [
          [
            [
              144.508274,
              43.7189534
            ],
            [
              144.50827,
              43.7190059
            ],
            [
              144.5083652,
              43.7190098
            ],
            [
              144.5083693,
              43.7189573
            ],
            [
              144.508274,
              43.7189534
            ]
          ]
        ]
      },
      "properties": {
        "id": "BLDG_OSM_654478993",
        "name": null,
        "structure_type": "town_building",
        "osm_building": "yes",
        "area_m2": 45,
        "eave_height_m": 2.6,
        "ridge_height_m": 4,
        "roof_colour": "#8c3a32",
        "roof_shape": "gable",
        "confidence": "B",
        "evidence_type": "public_gis",
        "historical_status": "plausible",
        "source_ids": [
          "SRC_OSM_OVERPASS"
        ],
        "detail_confidence": {
          "footprint": "B (public_gis — OSM way 654478993)",
          "eave_ridge_height": "C (inference — banded from footprint area; OSM carries no height here)",
          "roof_colour": "C (inference — palette from photograph 003, assigned by a hash of the OSM id)",
          "roof_shape": "C (inference — a gable along the footprint's long axis)"
        },
        "note": "scripts/import-osm-town.mjs による取り込み。外形はOSM(public_gis)だが、高さ・屋根形状・屋根色はOSMに情報がないため推定であり、detail_confidence に C として記録している。"
      }
    },
    {
      "type": "Feature",
      "geometry": {
        "type": "Polygon",
        "coordinates": [
          [
            [
              144.5080286,
              43.7187906
            ],
            [
              144.5080943,
              43.7187945
            ],
            [
              144.5080985,
              43.7187576
            ],
            [
              144.5080328,
              43.7187538
            ],
            [
              144.5080286,
              43.7187906
            ]
          ]
        ]
      },
      "properties": {
        "id": "BLDG_OSM_654478994",
        "name": null,
        "structure_type": "town_building",
        "osm_building": "yes",
        "area_m2": 22,
        "eave_height_m": 2.2,
        "ridge_height_m": 3.1,
        "roof_colour": "#8c3a32",
        "roof_shape": "gable",
        "confidence": "B",
        "evidence_type": "public_gis",
        "historical_status": "plausible",
        "source_ids": [
          "SRC_OSM_OVERPASS"
        ],
        "detail_confidence": {
          "footprint": "B (public_gis — OSM way 654478994)",
          "eave_ridge_height": "C (inference — banded from footprint area; OSM carries no height here)",
          "roof_colour": "C (inference — palette from photograph 003, assigned by a hash of the OSM id)",
          "roof_shape": "C (inference — a gable along the footprint's long axis)"
        },
        "note": "scripts/import-osm-town.mjs による取り込み。外形はOSM(public_gis)だが、高さ・屋根形状・屋根色はOSMに情報がないため推定であり、detail_confidence に C として記録している。"
      }
    },
    {
      "type": "Feature",
      "geometry": {
        "type": "Polygon",
        "coordinates": [
          [
            [
              144.5077819,
              43.7188042
            ],
            [
              144.5079455,
              43.7188168
            ],
            [
              144.5079563,
              43.7187431
            ],
            [
              144.5077927,
              43.7187305
            ],
            [
              144.5077819,
              43.7188042
            ]
          ]
        ]
      },
      "properties": {
        "id": "BLDG_OSM_654478995",
        "name": null,
        "structure_type": "town_building",
        "osm_building": "yes",
        "area_m2": 108,
        "eave_height_m": 3,
        "ridge_height_m": 5,
        "roof_colour": "#2f5a7a",
        "roof_shape": "gable",
        "confidence": "B",
        "evidence_type": "public_gis",
        "historical_status": "plausible",
        "source_ids": [
          "SRC_OSM_OVERPASS"
        ],
        "detail_confidence": {
          "footprint": "B (public_gis — OSM way 654478995)",
          "eave_ridge_height": "C (inference — banded from footprint area; OSM carries no height here)",
          "roof_colour": "C (inference — palette from photograph 003, assigned by a hash of the OSM id)",
          "roof_shape": "C (inference — a gable along the footprint's long axis)"
        },
        "note": "scripts/import-osm-town.mjs による取り込み。外形はOSM(public_gis)だが、高さ・屋根形状・屋根色はOSMに情報がないため推定であり、detail_confidence に C として記録している。"
      }
    },
    {
      "type": "Feature",
      "geometry": {
        "type": "Polygon",
        "coordinates": [
          [
            [
              144.5077685,
              43.7189631
            ],
            [
              144.5079026,
              43.7189709
            ],
            [
              144.5079108,
              43.7188966
            ],
            [
              144.5077767,
              43.7188889
            ],
            [
              144.5077685,
              43.7189631
            ]
          ]
        ]
      },
      "properties": {
        "id": "BLDG_OSM_654478996",
        "name": null,
        "structure_type": "town_building",
        "osm_building": "yes",
        "area_m2": 89,
        "eave_height_m": 3,
        "ridge_height_m": 5,
        "roof_colour": "#6b6f74",
        "roof_shape": "gable",
        "confidence": "B",
        "evidence_type": "public_gis",
        "historical_status": "plausible",
        "source_ids": [
          "SRC_OSM_OVERPASS"
        ],
        "detail_confidence": {
          "footprint": "B (public_gis — OSM way 654478996)",
          "eave_ridge_height": "C (inference — banded from footprint area; OSM carries no height here)",
          "roof_colour": "C (inference — palette from photograph 003, assigned by a hash of the OSM id)",
          "roof_shape": "C (inference — a gable along the footprint's long axis)"
        },
        "note": "scripts/import-osm-town.mjs による取り込み。外形はOSM(public_gis)だが、高さ・屋根形状・屋根色はOSMに情報がないため推定であり、detail_confidence に C として記録している。"
      }
    },
    {
      "type": "Feature",
      "geometry": {
        "type": "Polygon",
        "coordinates": [
          [
            [
              144.5077483,
              43.7189932
            ],
            [
              144.507739,
              43.7190792
            ],
            [
              144.5079107,
              43.7190889
            ],
            [
              144.50792,
              43.7190029
            ],
            [
              144.5077483,
              43.7189932
            ]
          ]
        ]
      },
      "properties": {
        "id": "BLDG_OSM_654478997",
        "name": null,
        "structure_type": "town_building",
        "osm_building": "yes",
        "area_m2": 132,
        "eave_height_m": 3,
        "ridge_height_m": 5,
        "roof_colour": "#8a6a3a",
        "roof_shape": "gable",
        "confidence": "B",
        "evidence_type": "public_gis",
        "historical_status": "plausible",
        "source_ids": [
          "SRC_OSM_OVERPASS"
        ],
        "detail_confidence": {
          "footprint": "B (public_gis — OSM way 654478997)",
          "eave_ridge_height": "C (inference — banded from footprint area; OSM carries no height here)",
          "roof_colour": "C (inference — palette from photograph 003, assigned by a hash of the OSM id)",
          "roof_shape": "C (inference — a gable along the footprint's long axis)"
        },
        "note": "scripts/import-osm-town.mjs による取り込み。外形はOSM(public_gis)だが、高さ・屋根形状・屋根色はOSMに情報がないため推定であり、detail_confidence に C として記録している。"
      }
    },
    {
      "type": "Feature",
      "geometry": {
        "type": "Polygon",
        "coordinates": [
          [
            [
              144.5082875,
              43.7192907
            ],
            [
              144.5083513,
              43.7192944
            ],
            [
              144.5083567,
              43.7192449
            ],
            [
              144.5082928,
              43.7192413
            ],
            [
              144.5082875,
              43.7192907
            ]
          ]
        ]
      },
      "properties": {
        "id": "BLDG_OSM_654478998",
        "name": null,
        "structure_type": "town_building",
        "osm_building": "yes",
        "area_m2": 28,
        "eave_height_m": 2.2,
        "ridge_height_m": 3.1,
        "roof_colour": "#8a6a3a",
        "roof_shape": "gable",
        "confidence": "B",
        "evidence_type": "public_gis",
        "historical_status": "plausible",
        "source_ids": [
          "SRC_OSM_OVERPASS"
        ],
        "detail_confidence": {
          "footprint": "B (public_gis — OSM way 654478998)",
          "eave_ridge_height": "C (inference — banded from footprint area; OSM carries no height here)",
          "roof_colour": "C (inference — palette from photograph 003, assigned by a hash of the OSM id)",
          "roof_shape": "C (inference — a gable along the footprint's long axis)"
        },
        "note": "scripts/import-osm-town.mjs による取り込み。外形はOSM(public_gis)だが、高さ・屋根形状・屋根色はOSMに情報がないため推定であり、detail_confidence に C として記録している。"
      }
    },
    {
      "type": "Feature",
      "geometry": {
        "type": "Polygon",
        "coordinates": [
          [
            [
              144.5082499,
              43.7193043
            ],
            [
              144.5082472,
              43.7193314
            ],
            [
              144.5083411,
              43.7193363
            ],
            [
              144.5083438,
              43.7193092
            ],
            [
              144.5082499,
              43.7193043
            ]
          ]
        ]
      },
      "properties": {
        "id": "BLDG_OSM_654478999",
        "name": null,
        "structure_type": "town_building",
        "osm_building": "yes",
        "area_m2": 23,
        "eave_height_m": 2.2,
        "ridge_height_m": 3.1,
        "roof_colour": "#8c3a32",
        "roof_shape": "gable",
        "confidence": "B",
        "evidence_type": "public_gis",
        "historical_status": "plausible",
        "source_ids": [
          "SRC_OSM_OVERPASS"
        ],
        "detail_confidence": {
          "footprint": "B (public_gis — OSM way 654478999)",
          "eave_ridge_height": "C (inference — banded from footprint area; OSM carries no height here)",
          "roof_colour": "C (inference — palette from photograph 003, assigned by a hash of the OSM id)",
          "roof_shape": "C (inference — a gable along the footprint's long axis)"
        },
        "note": "scripts/import-osm-town.mjs による取り込み。外形はOSM(public_gis)だが、高さ・屋根形状・屋根色はOSMに情報がないため推定であり、detail_confidence に C として記録している。"
      }
    },
    {
      "type": "Feature",
      "geometry": {
        "type": "Polygon",
        "coordinates": [
          [
            [
              144.5081158,
              43.7193121
            ],
            [
              144.5081198,
              43.7192471
            ],
            [
              144.5080497,
              43.7192449
            ],
            [
              144.5080457,
              43.7193098
            ],
            [
              144.5081158,
              43.7193121
            ]
          ]
        ]
      },
      "properties": {
        "id": "BLDG_OSM_654479000",
        "name": null,
        "structure_type": "town_building",
        "osm_building": "warehouse",
        "area_m2": 41,
        "eave_height_m": 2.6,
        "ridge_height_m": 4,
        "roof_colour": "#6b6f74",
        "roof_shape": "gable",
        "confidence": "B",
        "evidence_type": "public_gis",
        "historical_status": "plausible",
        "source_ids": [
          "SRC_OSM_OVERPASS"
        ],
        "detail_confidence": {
          "footprint": "B (public_gis — OSM way 654479000)",
          "eave_ridge_height": "C (inference — banded from footprint area; OSM carries no height here)",
          "roof_colour": "C (inference — palette from photograph 003, assigned by a hash of the OSM id)",
          "roof_shape": "C (inference — a gable along the footprint's long axis)"
        },
        "note": "scripts/import-osm-town.mjs による取り込み。外形はOSM(public_gis)だが、高さ・屋根形状・屋根色はOSMに情報がないため推定であり、detail_confidence に C として記録している。"
      }
    },
    {
      "type": "Feature",
      "geometry": {
        "type": "Polygon",
        "coordinates": [
          [
            [
              144.5081158,
              43.7194293
            ],
            [
              144.5082848,
              43.7194371
            ],
            [
              144.5082919,
              43.7193559
            ],
            [
              144.5081229,
              43.7193482
            ],
            [
              144.5081158,
              43.7194293
            ]
          ]
        ]
      },
      "properties": {
        "id": "BLDG_OSM_654479001",
        "name": null,
        "structure_type": "town_building",
        "osm_building": "yes",
        "area_m2": 122,
        "eave_height_m": 3,
        "ridge_height_m": 5,
        "roof_colour": "#2f6146",
        "roof_shape": "gable",
        "confidence": "B",
        "evidence_type": "public_gis",
        "historical_status": "plausible",
        "source_ids": [
          "SRC_OSM_OVERPASS"
        ],
        "detail_confidence": {
          "footprint": "B (public_gis — OSM way 654479001)",
          "eave_ridge_height": "C (inference — banded from footprint area; OSM carries no height here)",
          "roof_colour": "C (inference — palette from photograph 003, assigned by a hash of the OSM id)",
          "roof_shape": "C (inference — a gable along the footprint's long axis)"
        },
        "note": "scripts/import-osm-town.mjs による取り込み。外形はOSM(public_gis)だが、高さ・屋根形状・屋根色はOSMに情報がないため推定であり、detail_confidence に C として記録している。"
      }
    },
    {
      "type": "Feature",
      "geometry": {
        "type": "Polygon",
        "coordinates": [
          [
            [
              144.5069209,
              43.7195345
            ],
            [
              144.5070067,
              43.7195369
            ],
            [
              144.5070092,
              43.7194906
            ],
            [
              144.5069234,
              43.7194882
            ],
            [
              144.5069209,
              43.7195345
            ]
          ]
        ]
      },
      "properties": {
        "id": "BLDG_OSM_654479002",
        "name": null,
        "structure_type": "town_building",
        "osm_building": "yes",
        "area_m2": 35,
        "eave_height_m": 2.6,
        "ridge_height_m": 4,
        "roof_colour": "#2f5a7a",
        "roof_shape": "gable",
        "confidence": "B",
        "evidence_type": "public_gis",
        "historical_status": "plausible",
        "source_ids": [
          "SRC_OSM_OVERPASS"
        ],
        "detail_confidence": {
          "footprint": "B (public_gis — OSM way 654479002)",
          "eave_ridge_height": "C (inference — banded from footprint area; OSM carries no height here)",
          "roof_colour": "C (inference — palette from photograph 003, assigned by a hash of the OSM id)",
          "roof_shape": "C (inference — a gable along the footprint's long axis)"
        },
        "note": "scripts/import-osm-town.mjs による取り込み。外形はOSM(public_gis)だが、高さ・屋根形状・屋根色はOSMに情報がないため推定であり、detail_confidence に C として記録している。"
      }
    },
    {
      "type": "Feature",
      "geometry": {
        "type": "Polygon",
        "coordinates": [
          [
            [
              144.5069886,
              43.7194541
            ],
            [
              144.5071324,
              43.7194569
            ],
            [
              144.5071332,
              43.719435
            ],
            [
              144.5071698,
              43.7194358
            ],
            [
              144.5071711,
              43.719401
            ],
            [
              144.5069907,
              43.7193976
            ],
            [
              144.5069886,
              43.7194541
            ]
          ]
        ]
      },
      "properties": {
        "id": "BLDG_OSM_654479003",
        "name": null,
        "structure_type": "town_building",
        "osm_building": "yes",
        "area_m2": 84,
        "eave_height_m": 3,
        "ridge_height_m": 5,
        "roof_colour": "#8c3a32",
        "roof_shape": "gable",
        "confidence": "B",
        "evidence_type": "public_gis",
        "historical_status": "plausible",
        "source_ids": [
          "SRC_OSM_OVERPASS"
        ],
        "detail_confidence": {
          "footprint": "B (public_gis — OSM way 654479003)",
          "eave_ridge_height": "C (inference — banded from footprint area; OSM carries no height here)",
          "roof_colour": "C (inference — palette from photograph 003, assigned by a hash of the OSM id)",
          "roof_shape": "C (inference — a gable along the footprint's long axis)"
        },
        "note": "scripts/import-osm-town.mjs による取り込み。外形はOSM(public_gis)だが、高さ・屋根形状・屋根色はOSMに情報がないため推定であり、detail_confidence に C として記録している。"
      }
    },
    {
      "type": "Feature",
      "geometry": {
        "type": "Polygon",
        "coordinates": [
          [
            [
              144.5072126,
              43.7195011
            ],
            [
              144.5072152,
              43.7194381
            ],
            [
              144.5071524,
              43.7194367
            ],
            [
              144.5071498,
              43.7194997
            ],
            [
              144.5072126,
              43.7195011
            ]
          ]
        ]
      },
      "properties": {
        "id": "BLDG_OSM_654479004",
        "name": null,
        "structure_type": "town_building",
        "osm_building": "yes",
        "area_m2": 35,
        "eave_height_m": 2.6,
        "ridge_height_m": 4,
        "roof_colour": "#8a6a3a",
        "roof_shape": "gable",
        "confidence": "B",
        "evidence_type": "public_gis",
        "historical_status": "plausible",
        "source_ids": [
          "SRC_OSM_OVERPASS"
        ],
        "detail_confidence": {
          "footprint": "B (public_gis — OSM way 654479004)",
          "eave_ridge_height": "C (inference — banded from footprint area; OSM carries no height here)",
          "roof_colour": "C (inference — palette from photograph 003, assigned by a hash of the OSM id)",
          "roof_shape": "C (inference — a gable along the footprint's long axis)"
        },
        "note": "scripts/import-osm-town.mjs による取り込み。外形はOSM(public_gis)だが、高さ・屋根形状・屋根色はOSMに情報がないため推定であり、detail_confidence に C として記録している。"
      }
    },
    {
      "type": "Feature",
      "geometry": {
        "type": "Polygon",
        "coordinates": [
          [
            [
              144.5071247,
              43.7195733
            ],
            [
              144.507192,
              43.7195771
            ],
            [
              144.5071994,
              43.7195092
            ],
            [
              144.5071321,
              43.7195054
            ],
            [
              144.5071247,
              43.7195733
            ]
          ]
        ]
      },
      "properties": {
        "id": "BLDG_OSM_654479005",
        "name": null,
        "structure_type": "town_building",
        "osm_building": "yes",
        "area_m2": 41,
        "eave_height_m": 2.6,
        "ridge_height_m": 4,
        "roof_colour": "#6b6f74",
        "roof_shape": "gable",
        "confidence": "B",
        "evidence_type": "public_gis",
        "historical_status": "plausible",
        "source_ids": [
          "SRC_OSM_OVERPASS"
        ],
        "detail_confidence": {
          "footprint": "B (public_gis — OSM way 654479005)",
          "eave_ridge_height": "C (inference — banded from footprint area; OSM carries no height here)",
          "roof_colour": "C (inference — palette from photograph 003, assigned by a hash of the OSM id)",
          "roof_shape": "C (inference — a gable along the footprint's long axis)"
        },
        "note": "scripts/import-osm-town.mjs による取り込み。外形はOSM(public_gis)だが、高さ・屋根形状・屋根色はOSMに情報がないため推定であり、detail_confidence に C として記録している。"
      }
    },
    {
      "type": "Feature",
      "geometry": {
        "type": "Polygon",
        "coordinates": [
          [
            [
              144.507238,
              43.7194613
            ],
            [
              144.5073064,
              43.7194617
            ],
            [
              144.5073071,
              43.7193885
            ],
            [
              144.5072387,
              43.7193881
            ],
            [
              144.507238,
              43.7194613
            ]
          ]
        ]
      },
      "properties": {
        "id": "BLDG_OSM_654479006",
        "name": null,
        "structure_type": "town_building",
        "osm_building": "yes",
        "area_m2": 45,
        "eave_height_m": 2.6,
        "ridge_height_m": 4,
        "roof_colour": "#2f6146",
        "roof_shape": "gable",
        "confidence": "B",
        "evidence_type": "public_gis",
        "historical_status": "plausible",
        "source_ids": [
          "SRC_OSM_OVERPASS"
        ],
        "detail_confidence": {
          "footprint": "B (public_gis — OSM way 654479006)",
          "eave_ridge_height": "C (inference — banded from footprint area; OSM carries no height here)",
          "roof_colour": "C (inference — palette from photograph 003, assigned by a hash of the OSM id)",
          "roof_shape": "C (inference — a gable along the footprint's long axis)"
        },
        "note": "scripts/import-osm-town.mjs による取り込み。外形はOSM(public_gis)だが、高さ・屋根形状・屋根色はOSMに情報がないため推定であり、detail_confidence に C として記録している。"
      }
    },
    {
      "type": "Feature",
      "geometry": {
        "type": "Polygon",
        "coordinates": [
          [
            [
              144.5073225,
              43.7193857
            ],
            [
              144.5074674,
              43.7193872
            ],
            [
              144.5074687,
              43.7193158
            ],
            [
              144.5073239,
              43.7193143
            ],
            [
              144.5073225,
              43.7193857
            ]
          ]
        ]
      },
      "properties": {
        "id": "BLDG_OSM_654479007",
        "name": null,
        "structure_type": "town_building",
        "osm_building": "yes",
        "area_m2": 92,
        "eave_height_m": 3,
        "ridge_height_m": 5,
        "roof_colour": "#2f5a7a",
        "roof_shape": "gable",
        "confidence": "B",
        "evidence_type": "public_gis",
        "historical_status": "plausible",
        "source_ids": [
          "SRC_OSM_OVERPASS"
        ],
        "detail_confidence": {
          "footprint": "B (public_gis — OSM way 654479007)",
          "eave_ridge_height": "C (inference — banded from footprint area; OSM carries no height here)",
          "roof_colour": "C (inference — palette from photograph 003, assigned by a hash of the OSM id)",
          "roof_shape": "C (inference — a gable along the footprint's long axis)"
        },
        "note": "scripts/import-osm-town.mjs による取り込み。外形はOSM(public_gis)だが、高さ・屋根形状・屋根色はOSMに情報がないため推定であり、detail_confidence に C として記録している。"
      }
    },
    {
      "type": "Feature",
      "geometry": {
        "type": "Polygon",
        "coordinates": [
          [
            [
              144.507531,
              43.7195163
            ],
            [
              144.5075322,
              43.7194596
            ],
            [
              144.5073268,
              43.7194574
            ],
            [
              144.5073256,
              43.719514
            ],
            [
              144.507531,
              43.7195163
            ]
          ]
        ]
      },
      "properties": {
        "id": "BLDG_OSM_654479008",
        "name": null,
        "structure_type": "town_building",
        "osm_building": "yes",
        "area_m2": 104,
        "eave_height_m": 3,
        "ridge_height_m": 5,
        "roof_colour": "#2f5a7a",
        "roof_shape": "gable",
        "confidence": "B",
        "evidence_type": "public_gis",
        "historical_status": "plausible",
        "source_ids": [
          "SRC_OSM_OVERPASS"
        ],
        "detail_confidence": {
          "footprint": "B (public_gis — OSM way 654479008)",
          "eave_ridge_height": "C (inference — banded from footprint area; OSM carries no height here)",
          "roof_colour": "C (inference — palette from photograph 003, assigned by a hash of the OSM id)",
          "roof_shape": "C (inference — a gable along the footprint's long axis)"
        },
        "note": "scripts/import-osm-town.mjs による取り込み。外形はOSM(public_gis)だが、高さ・屋根形状・屋根色はOSMに情報がないため推定であり、detail_confidence に C として記録している。"
      }
    },
    {
      "type": "Feature",
      "geometry": {
        "type": "Polygon",
        "coordinates": [
          [
            [
              144.5073085,
              43.7196217
            ],
            [
              144.5073825,
              43.7196225
            ],
            [
              144.5073829,
              43.7196028
            ],
            [
              144.507412,
              43.7196031
            ],
            [
              144.5074137,
              43.7195176
            ],
            [
              144.5073105,
              43.7195166
            ],
            [
              144.5073085,
              43.7196217
            ]
          ]
        ]
      },
      "properties": {
        "id": "BLDG_OSM_654479009",
        "name": null,
        "structure_type": "town_building",
        "osm_building": "yes",
        "area_m2": 91,
        "eave_height_m": 3,
        "ridge_height_m": 5,
        "roof_colour": "#8c3a32",
        "roof_shape": "gable",
        "confidence": "B",
        "evidence_type": "public_gis",
        "historical_status": "plausible",
        "source_ids": [
          "SRC_OSM_OVERPASS"
        ],
        "detail_confidence": {
          "footprint": "B (public_gis — OSM way 654479009)",
          "eave_ridge_height": "C (inference — banded from footprint area; OSM carries no height here)",
          "roof_colour": "C (inference — palette from photograph 003, assigned by a hash of the OSM id)",
          "roof_shape": "C (inference — a gable along the footprint's long axis)"
        },
        "note": "scripts/import-osm-town.mjs による取り込み。外形はOSM(public_gis)だが、高さ・屋根形状・屋根色はOSMに情報がないため推定であり、detail_confidence に C として記録している。"
      }
    },
    {
      "type": "Feature",
      "geometry": {
        "type": "Polygon",
        "coordinates": [
          [
            [
              144.5070255,
              43.7197022
            ],
            [
              144.5071509,
              43.719708
            ],
            [
              144.5071548,
              43.7196637
            ],
            [
              144.5070294,
              43.7196579
            ],
            [
              144.5070255,
              43.7197022
            ]
          ]
        ]
      },
      "properties": {
        "id": "BLDG_OSM_654479010",
        "name": null,
        "structure_type": "town_building",
        "osm_building": "greenhouse",
        "area_m2": 50,
        "eave_height_m": 2.4,
        "ridge_height_m": 3.2,
        "roof_colour": "#2f6146",
        "roof_shape": "gable",
        "confidence": "B",
        "evidence_type": "public_gis",
        "historical_status": "plausible",
        "source_ids": [
          "SRC_OSM_OVERPASS"
        ],
        "detail_confidence": {
          "footprint": "B (public_gis — OSM way 654479010)",
          "eave_ridge_height": "C (inference — banded from footprint area; OSM carries no height here)",
          "roof_colour": "C (inference — palette from photograph 003, assigned by a hash of the OSM id)",
          "roof_shape": "C (inference — a gable along the footprint's long axis)"
        },
        "note": "scripts/import-osm-town.mjs による取り込み。外形はOSM(public_gis)だが、高さ・屋根形状・屋根色はOSMに情報がないため推定であり、detail_confidence に C として記録している。"
      }
    },
    {
      "type": "Feature",
      "geometry": {
        "type": "Polygon",
        "coordinates": [
          [
            [
              144.5072474,
              43.7197313
            ],
            [
              144.5072875,
              43.7197318
            ],
            [
              144.5072888,
              43.719678
            ],
            [
              144.5072488,
              43.7196775
            ],
            [
              144.5072474,
              43.7197313
            ]
          ]
        ]
      },
      "properties": {
        "id": "BLDG_OSM_654479011",
        "name": null,
        "structure_type": "town_building",
        "osm_building": "yes",
        "area_m2": 19,
        "eave_height_m": 2.2,
        "ridge_height_m": 3.1,
        "roof_colour": "#6b6f74",
        "roof_shape": "gable",
        "confidence": "B",
        "evidence_type": "public_gis",
        "historical_status": "plausible",
        "source_ids": [
          "SRC_OSM_OVERPASS"
        ],
        "detail_confidence": {
          "footprint": "B (public_gis — OSM way 654479011)",
          "eave_ridge_height": "C (inference — banded from footprint area; OSM carries no height here)",
          "roof_colour": "C (inference — palette from photograph 003, assigned by a hash of the OSM id)",
          "roof_shape": "C (inference — a gable along the footprint's long axis)"
        },
        "note": "scripts/import-osm-town.mjs による取り込み。外形はOSM(public_gis)だが、高さ・屋根形状・屋根色はOSMに情報がないため推定であり、detail_confidence に C として記録している。"
      }
    },
    {
      "type": "Feature",
      "geometry": {
        "type": "Polygon",
        "coordinates": [
          [
            [
              144.5071837,
              43.7197027
            ],
            [
              144.5072395,
              43.7197037
            ],
            [
              144.5072428,
              43.7196121
            ],
            [
              144.5071871,
              43.7196111
            ],
            [
              144.5071837,
              43.7197027
            ]
          ]
        ]
      },
      "properties": {
        "id": "BLDG_OSM_654479012",
        "name": null,
        "structure_type": "town_building",
        "osm_building": "yes",
        "area_m2": 45,
        "eave_height_m": 2.6,
        "ridge_height_m": 4,
        "roof_colour": "#8a6a3a",
        "roof_shape": "gable",
        "confidence": "B",
        "evidence_type": "public_gis",
        "historical_status": "plausible",
        "source_ids": [
          "SRC_OSM_OVERPASS"
        ],
        "detail_confidence": {
          "footprint": "B (public_gis — OSM way 654479012)",
          "eave_ridge_height": "C (inference — banded from footprint area; OSM carries no height here)",
          "roof_colour": "C (inference — palette from photograph 003, assigned by a hash of the OSM id)",
          "roof_shape": "C (inference — a gable along the footprint's long axis)"
        },
        "note": "scripts/import-osm-town.mjs による取り込み。外形はOSM(public_gis)だが、高さ・屋根形状・屋根色はOSMに情報がないため推定であり、detail_confidence に C として記録している。"
      }
    },
    {
      "type": "Feature",
      "geometry": {
        "type": "Polygon",
        "coordinates": [
          [
            [
              144.50735,
              43.7197293
            ],
            [
              144.5074761,
              43.7197332
            ],
            [
              144.5074805,
              43.7196576
            ],
            [
              144.5073545,
              43.7196538
            ],
            [
              144.50735,
              43.7197293
            ]
          ]
        ]
      },
      "properties": {
        "id": "BLDG_OSM_654479013",
        "name": null,
        "structure_type": "town_building",
        "osm_building": "yes",
        "area_m2": 85,
        "eave_height_m": 3,
        "ridge_height_m": 5,
        "roof_colour": "#8c3a32",
        "roof_shape": "gable",
        "confidence": "B",
        "evidence_type": "public_gis",
        "historical_status": "plausible",
        "source_ids": [
          "SRC_OSM_OVERPASS"
        ],
        "detail_confidence": {
          "footprint": "B (public_gis — OSM way 654479013)",
          "eave_ridge_height": "C (inference — banded from footprint area; OSM carries no height here)",
          "roof_colour": "C (inference — palette from photograph 003, assigned by a hash of the OSM id)",
          "roof_shape": "C (inference — a gable along the footprint's long axis)"
        },
        "note": "scripts/import-osm-town.mjs による取り込み。外形はOSM(public_gis)だが、高さ・屋根形状・屋根色はOSMに情報がないため推定であり、detail_confidence に C として記録している。"
      }
    },
    {
      "type": "Feature",
      "geometry": {
        "type": "Polygon",
        "coordinates": [
          [
            [
              144.5074419,
              43.7198277
            ],
            [
              144.5074419,
              43.7198263
            ],
            [
              144.5073165,
              43.7198263
            ],
            [
              144.5073165,
              43.7198728
            ],
            [
              144.5073359,
              43.7198728
            ],
            [
              144.5073359,
              43.7199043
            ],
            [
              144.5074419,
              43.7199043
            ],
            [
              144.5074419,
              43.7198582
            ],
            [
              144.5074694,
              43.7198582
            ],
            [
              144.5074694,
              43.7198277
            ],
            [
              144.5074419,
              43.7198277
            ]
          ]
        ]
      },
      "properties": {
        "id": "BLDG_OSM_654479014",
        "name": null,
        "structure_type": "town_building",
        "osm_building": "yes",
        "area_m2": 89,
        "eave_height_m": 3,
        "ridge_height_m": 5,
        "roof_colour": "#6b6f74",
        "roof_shape": "flat",
        "confidence": "B",
        "evidence_type": "public_gis",
        "historical_status": "plausible",
        "source_ids": [
          "SRC_OSM_OVERPASS"
        ],
        "detail_confidence": {
          "footprint": "B (public_gis — OSM way 654479014)",
          "eave_ridge_height": "C (inference — banded from footprint area; OSM carries no height here)",
          "roof_colour": "C (inference — palette from photograph 003, assigned by a hash of the OSM id)",
          "roof_shape": "C (inference — a gable along the footprint's long axis)"
        },
        "note": "scripts/import-osm-town.mjs による取り込み。外形はOSM(public_gis)だが、高さ・屋根形状・屋根色はOSMに情報がないため推定であり、detail_confidence に C として記録している。"
      }
    },
    {
      "type": "Feature",
      "geometry": {
        "type": "Polygon",
        "coordinates": [
          [
            [
              144.5071549,
              43.7198587
            ],
            [
              144.5072224,
              43.7198627
            ],
            [
              144.5072304,
              43.719791
            ],
            [
              144.5071629,
              43.719787
            ],
            [
              144.5071549,
              43.7198587
            ]
          ]
        ]
      },
      "properties": {
        "id": "BLDG_OSM_654479015",
        "name": null,
        "structure_type": "town_building",
        "osm_building": "yes",
        "area_m2": 43,
        "eave_height_m": 2.6,
        "ridge_height_m": 4,
        "roof_colour": "#8a6a3a",
        "roof_shape": "gable",
        "confidence": "B",
        "evidence_type": "public_gis",
        "historical_status": "plausible",
        "source_ids": [
          "SRC_OSM_OVERPASS"
        ],
        "detail_confidence": {
          "footprint": "B (public_gis — OSM way 654479015)",
          "eave_ridge_height": "C (inference — banded from footprint area; OSM carries no height here)",
          "roof_colour": "C (inference — palette from photograph 003, assigned by a hash of the OSM id)",
          "roof_shape": "C (inference — a gable along the footprint's long axis)"
        },
        "note": "scripts/import-osm-town.mjs による取り込み。外形はOSM(public_gis)だが、高さ・屋根形状・屋根色はOSMに情報がないため推定であり、detail_confidence に C として記録している。"
      }
    },
    {
      "type": "Feature",
      "geometry": {
        "type": "Polygon",
        "coordinates": [
          [
            [
              144.506825,
              43.7199876
            ],
            [
              144.5069081,
              43.7199905
            ],
            [
              144.5069109,
              43.7199487
            ],
            [
              144.5068278,
              43.7199458
            ],
            [
              144.506825,
              43.7199876
            ]
          ]
        ]
      },
      "properties": {
        "id": "BLDG_OSM_654479016",
        "name": null,
        "structure_type": "town_building",
        "osm_building": "yes",
        "area_m2": 31,
        "eave_height_m": 2.6,
        "ridge_height_m": 4,
        "roof_colour": "#8c3a32",
        "roof_shape": "gable",
        "confidence": "B",
        "evidence_type": "public_gis",
        "historical_status": "plausible",
        "source_ids": [
          "SRC_OSM_OVERPASS"
        ],
        "detail_confidence": {
          "footprint": "B (public_gis — OSM way 654479016)",
          "eave_ridge_height": "C (inference — banded from footprint area; OSM carries no height here)",
          "roof_colour": "C (inference — palette from photograph 003, assigned by a hash of the OSM id)",
          "roof_shape": "C (inference — a gable along the footprint's long axis)"
        },
        "note": "scripts/import-osm-town.mjs による取り込み。外形はOSM(public_gis)だが、高さ・屋根形状・屋根色はOSMに情報がないため推定であり、detail_confidence に C として記録している。"
      }
    },
    {
      "type": "Feature",
      "geometry": {
        "type": "Polygon",
        "coordinates": [
          [
            [
              144.5069571,
              43.7198437
            ],
            [
              144.5069611,
              43.7197948
            ],
            [
              144.5068654,
              43.7197906
            ],
            [
              144.5068613,
              43.7198396
            ],
            [
              144.5069571,
              43.7198437
            ]
          ]
        ]
      },
      "properties": {
        "id": "BLDG_OSM_654479017",
        "name": null,
        "structure_type": "town_building",
        "osm_building": "yes",
        "area_m2": 42,
        "eave_height_m": 2.6,
        "ridge_height_m": 4,
        "roof_colour": "#2f5a7a",
        "roof_shape": "gable",
        "confidence": "B",
        "evidence_type": "public_gis",
        "historical_status": "plausible",
        "source_ids": [
          "SRC_OSM_OVERPASS"
        ],
        "detail_confidence": {
          "footprint": "B (public_gis — OSM way 654479017)",
          "eave_ridge_height": "C (inference — banded from footprint area; OSM carries no height here)",
          "roof_colour": "C (inference — palette from photograph 003, assigned by a hash of the OSM id)",
          "roof_shape": "C (inference — a gable along the footprint's long axis)"
        },
        "note": "scripts/import-osm-town.mjs による取り込み。外形はOSM(public_gis)だが、高さ・屋根形状・屋根色はOSMに情報がないため推定であり、detail_confidence に C として記録している。"
      }
    },
    {
      "type": "Feature",
      "geometry": {
        "type": "Polygon",
        "coordinates": [
          [
            [
              144.5068424,
              43.7199324
            ],
            [
              144.5069987,
              43.7199411
            ],
            [
              144.5070052,
              43.71988
            ],
            [
              144.506849,
              43.7198712
            ],
            [
              144.5068424,
              43.7199324
            ]
          ]
        ]
      },
      "properties": {
        "id": "BLDG_OSM_654479018",
        "name": null,
        "structure_type": "town_building",
        "osm_building": "yes",
        "area_m2": 86,
        "eave_height_m": 3,
        "ridge_height_m": 5,
        "roof_colour": "#8c3a32",
        "roof_shape": "gable",
        "confidence": "B",
        "evidence_type": "public_gis",
        "historical_status": "plausible",
        "source_ids": [
          "SRC_OSM_OVERPASS"
        ],
        "detail_confidence": {
          "footprint": "B (public_gis — OSM way 654479018)",
          "eave_ridge_height": "C (inference — banded from footprint area; OSM carries no height here)",
          "roof_colour": "C (inference — palette from photograph 003, assigned by a hash of the OSM id)",
          "roof_shape": "C (inference — a gable along the footprint's long axis)"
        },
        "note": "scripts/import-osm-town.mjs による取り込み。外形はOSM(public_gis)だが、高さ・屋根形状・屋根色はOSMに情報がないため推定であり、detail_confidence に C として記録している。"
      }
    },
    {
      "type": "Feature",
      "geometry": {
        "type": "Polygon",
        "coordinates": [
          [
            [
              144.5071066,
              43.7201209
            ],
            [
              144.507112,
              43.7200437
            ],
            [
              144.5070624,
              43.7200419
            ],
            [
              144.507057,
              43.7201191
            ],
            [
              144.5071066,
              43.7201209
            ]
          ]
        ]
      },
      "properties": {
        "id": "BLDG_OSM_654479019",
        "name": null,
        "structure_type": "town_building",
        "osm_building": "yes",
        "area_m2": 34,
        "eave_height_m": 2.6,
        "ridge_height_m": 4,
        "roof_colour": "#2f5a7a",
        "roof_shape": "gable",
        "confidence": "B",
        "evidence_type": "public_gis",
        "historical_status": "plausible",
        "source_ids": [
          "SRC_OSM_OVERPASS"
        ],
        "detail_confidence": {
          "footprint": "B (public_gis — OSM way 654479019)",
          "eave_ridge_height": "C (inference — banded from footprint area; OSM carries no height here)",
          "roof_colour": "C (inference — palette from photograph 003, assigned by a hash of the OSM id)",
          "roof_shape": "C (inference — a gable along the footprint's long axis)"
        },
        "note": "scripts/import-osm-town.mjs による取り込み。外形はOSM(public_gis)だが、高さ・屋根形状・屋根色はOSMに情報がないため推定であり、detail_confidence に C として記録している。"
      }
    },
    {
      "type": "Feature",
      "geometry": {
        "type": "Polygon",
        "coordinates": [
          [
            [
              144.5068619,
              43.7200128
            ],
            [
              144.5068598,
              43.7200434
            ],
            [
              144.506832,
              43.7200424
            ],
            [
              144.506829,
              43.720085
            ],
            [
              144.5069099,
              43.720088
            ],
            [
              144.5069104,
              43.7200802
            ],
            [
              144.5069914,
              43.7200831
            ],
            [
              144.506996,
              43.7200177
            ],
            [
              144.5068619,
              43.7200128
            ]
          ]
        ]
      },
      "properties": {
        "id": "BLDG_OSM_654479020",
        "name": null,
        "structure_type": "town_building",
        "osm_building": "yes",
        "area_m2": 93,
        "eave_height_m": 3,
        "ridge_height_m": 5,
        "roof_colour": "#2f5a7a",
        "roof_shape": "flat",
        "confidence": "B",
        "evidence_type": "public_gis",
        "historical_status": "plausible",
        "source_ids": [
          "SRC_OSM_OVERPASS"
        ],
        "detail_confidence": {
          "footprint": "B (public_gis — OSM way 654479020)",
          "eave_ridge_height": "C (inference — banded from footprint area; OSM carries no height here)",
          "roof_colour": "C (inference — palette from photograph 003, assigned by a hash of the OSM id)",
          "roof_shape": "C (inference — a gable along the footprint's long axis)"
        },
        "note": "scripts/import-osm-town.mjs による取り込み。外形はOSM(public_gis)だが、高さ・屋根形状・屋根色はOSMに情報がないため推定であり、detail_confidence に C として記録している。"
      }
    },
    {
      "type": "Feature",
      "geometry": {
        "type": "Polygon",
        "coordinates": [
          [
            [
              144.5078194,
              43.7198296
            ],
            [
              144.5078697,
              43.7198307
            ],
            [
              144.507871,
              43.7197962
            ],
            [
              144.5078208,
              43.7197952
            ],
            [
              144.5078194,
              43.7198296
            ]
          ]
        ]
      },
      "properties": {
        "id": "BLDG_OSM_654479021",
        "name": null,
        "structure_type": "town_building",
        "osm_building": "yes",
        "area_m2": 15,
        "eave_height_m": 2.2,
        "ridge_height_m": 3.1,
        "roof_colour": "#8c3a32",
        "roof_shape": "gable",
        "confidence": "B",
        "evidence_type": "public_gis",
        "historical_status": "plausible",
        "source_ids": [
          "SRC_OSM_OVERPASS"
        ],
        "detail_confidence": {
          "footprint": "B (public_gis — OSM way 654479021)",
          "eave_ridge_height": "C (inference — banded from footprint area; OSM carries no height here)",
          "roof_colour": "C (inference — palette from photograph 003, assigned by a hash of the OSM id)",
          "roof_shape": "C (inference — a gable along the footprint's long axis)"
        },
        "note": "scripts/import-osm-town.mjs による取り込み。外形はOSM(public_gis)だが、高さ・屋根形状・屋根色はOSMに情報がないため推定であり、detail_confidence に C として記録している。"
      }
    },
    {
      "type": "Feature",
      "geometry": {
        "type": "Polygon",
        "coordinates": [
          [
            [
              144.5076739,
              43.7197923
            ],
            [
              144.507671,
              43.7198651
            ],
            [
              144.5077816,
              43.7198674
            ],
            [
              144.5077825,
              43.7198432
            ],
            [
              144.5078108,
              43.7198438
            ],
            [
              144.5078127,
              43.7197952
            ],
            [
              144.5076739,
              43.7197923
            ]
          ]
        ]
      },
      "properties": {
        "id": "BLDG_OSM_654479022",
        "name": null,
        "structure_type": "town_building",
        "osm_building": "yes",
        "area_m2": 84,
        "eave_height_m": 3,
        "ridge_height_m": 5,
        "roof_colour": "#6b6f74",
        "roof_shape": "gable",
        "confidence": "B",
        "evidence_type": "public_gis",
        "historical_status": "plausible",
        "source_ids": [
          "SRC_OSM_OVERPASS"
        ],
        "detail_confidence": {
          "footprint": "B (public_gis — OSM way 654479022)",
          "eave_ridge_height": "C (inference — banded from footprint area; OSM carries no height here)",
          "roof_colour": "C (inference — palette from photograph 003, assigned by a hash of the OSM id)",
          "roof_shape": "C (inference — a gable along the footprint's long axis)"
        },
        "note": "scripts/import-osm-town.mjs による取り込み。外形はOSM(public_gis)だが、高さ・屋根形状・屋根色はOSMに情報がないため推定であり、detail_confidence に C として記録している。"
      }
    },
    {
      "type": "Feature",
      "geometry": {
        "type": "Polygon",
        "coordinates": [
          [
            [
              144.5077289,
              43.7196319
            ],
            [
              144.5077283,
              43.7196609
            ],
            [
              144.5078215,
              43.7196619
            ],
            [
              144.5078221,
              43.7196329
            ],
            [
              144.5077289,
              43.7196319
            ]
          ]
        ]
      },
      "properties": {
        "id": "BLDG_OSM_654479023",
        "name": null,
        "structure_type": "town_building",
        "osm_building": "yes",
        "area_m2": 24,
        "eave_height_m": 2.2,
        "ridge_height_m": 3.1,
        "roof_colour": "#2f6146",
        "roof_shape": "gable",
        "confidence": "B",
        "evidence_type": "public_gis",
        "historical_status": "plausible",
        "source_ids": [
          "SRC_OSM_OVERPASS"
        ],
        "detail_confidence": {
          "footprint": "B (public_gis — OSM way 654479023)",
          "eave_ridge_height": "C (inference — banded from footprint area; OSM carries no height here)",
          "roof_colour": "C (inference — palette from photograph 003, assigned by a hash of the OSM id)",
          "roof_shape": "C (inference — a gable along the footprint's long axis)"
        },
        "note": "scripts/import-osm-town.mjs による取り込み。外形はOSM(public_gis)だが、高さ・屋根形状・屋根色はOSMに情報がないため推定であり、detail_confidence に C として記録している。"
      }
    },
    {
      "type": "Feature",
      "geometry": {
        "type": "Polygon",
        "coordinates": [
          [
            [
              144.5095494,
              43.7192171
            ],
            [
              144.5094462,
              43.7192122
            ],
            [
              144.5094434,
              43.7192428
            ],
            [
              144.5094945,
              43.7192452
            ],
            [
              144.5094918,
              43.7192742
            ],
            [
              144.5095441,
              43.7192766
            ],
            [
              144.5095494,
              43.7192171
            ]
          ]
        ]
      },
      "properties": {
        "id": "BLDG_OSM_654479024",
        "name": null,
        "structure_type": "town_building",
        "osm_building": "yes",
        "area_m2": 42,
        "eave_height_m": 2.6,
        "ridge_height_m": 4,
        "roof_colour": "#8c3a32",
        "roof_shape": "gable",
        "confidence": "B",
        "evidence_type": "public_gis",
        "historical_status": "plausible",
        "source_ids": [
          "SRC_OSM_OVERPASS"
        ],
        "detail_confidence": {
          "footprint": "B (public_gis — OSM way 654479024)",
          "eave_ridge_height": "C (inference — banded from footprint area; OSM carries no height here)",
          "roof_colour": "C (inference — palette from photograph 003, assigned by a hash of the OSM id)",
          "roof_shape": "C (inference — a gable along the footprint's long axis)"
        },
        "note": "scripts/import-osm-town.mjs による取り込み。外形はOSM(public_gis)だが、高さ・屋根形状・屋根色はOSMに情報がないため推定であり、detail_confidence に C として記録している。"
      }
    },
    {
      "type": "Feature",
      "geometry": {
        "type": "Polygon",
        "coordinates": [
          [
            [
              144.5092718,
              43.719251
            ],
            [
              144.5092658,
              43.719314
            ],
            [
              144.5093429,
              43.7193179
            ],
            [
              144.5093414,
              43.7193332
            ],
            [
              144.5094574,
              43.719339
            ],
            [
              144.5094649,
              43.7192607
            ],
            [
              144.5092718,
              43.719251
            ]
          ]
        ]
      },
      "properties": {
        "id": "BLDG_OSM_654479025",
        "name": null,
        "structure_type": "town_building",
        "osm_building": "yes",
        "area_m2": 125,
        "eave_height_m": 3,
        "ridge_height_m": 5,
        "roof_colour": "#8a6a3a",
        "roof_shape": "gable",
        "confidence": "B",
        "evidence_type": "public_gis",
        "historical_status": "plausible",
        "source_ids": [
          "SRC_OSM_OVERPASS"
        ],
        "detail_confidence": {
          "footprint": "B (public_gis — OSM way 654479025)",
          "eave_ridge_height": "C (inference — banded from footprint area; OSM carries no height here)",
          "roof_colour": "C (inference — palette from photograph 003, assigned by a hash of the OSM id)",
          "roof_shape": "C (inference — a gable along the footprint's long axis)"
        },
        "note": "scripts/import-osm-town.mjs による取り込み。外形はOSM(public_gis)だが、高さ・屋根形状・屋根色はOSMに情報がないため推定であり、detail_confidence に C として記録している。"
      }
    },
    {
      "type": "Feature",
      "geometry": {
        "type": "Polygon",
        "coordinates": [
          [
            [
              144.5096031,
              43.7196474
            ],
            [
              144.5096038,
              43.7196853
            ],
            [
              144.5097017,
              43.7196844
            ],
            [
              144.509701,
              43.7196465
            ],
            [
              144.5096031,
              43.7196474
            ]
          ]
        ]
      },
      "properties": {
        "id": "BLDG_OSM_654479026",
        "name": null,
        "structure_type": "town_building",
        "osm_building": "yes",
        "area_m2": 33,
        "eave_height_m": 2.6,
        "ridge_height_m": 4,
        "roof_colour": "#2f6146",
        "roof_shape": "gable",
        "confidence": "B",
        "evidence_type": "public_gis",
        "historical_status": "plausible",
        "source_ids": [
          "SRC_OSM_OVERPASS"
        ],
        "detail_confidence": {
          "footprint": "B (public_gis — OSM way 654479026)",
          "eave_ridge_height": "C (inference — banded from footprint area; OSM carries no height here)",
          "roof_colour": "C (inference — palette from photograph 003, assigned by a hash of the OSM id)",
          "roof_shape": "C (inference — a gable along the footprint's long axis)"
        },
        "note": "scripts/import-osm-town.mjs による取り込み。外形はOSM(public_gis)だが、高さ・屋根形状・屋根色はOSMに情報がないため推定であり、detail_confidence に C として記録している。"
      }
    },
    {
      "type": "Feature",
      "geometry": {
        "type": "Polygon",
        "coordinates": [
          [
            [
              144.5095266,
              43.7196678
            ],
            [
              144.509532,
              43.7195854
            ],
            [
              144.5094264,
              43.7195818
            ],
            [
              144.5094224,
              43.7196438
            ],
            [
              144.5094717,
              43.7196455
            ],
            [
              144.5094703,
              43.7196659
            ],
            [
              144.5095266,
              43.7196678
            ]
          ]
        ]
      },
      "properties": {
        "id": "BLDG_OSM_654479027",
        "name": null,
        "structure_type": "town_building",
        "osm_building": "yes",
        "area_m2": 69,
        "eave_height_m": 2.6,
        "ridge_height_m": 4,
        "roof_colour": "#2f5a7a",
        "roof_shape": "gable",
        "confidence": "B",
        "evidence_type": "public_gis",
        "historical_status": "plausible",
        "source_ids": [
          "SRC_OSM_OVERPASS"
        ],
        "detail_confidence": {
          "footprint": "B (public_gis — OSM way 654479027)",
          "eave_ridge_height": "C (inference — banded from footprint area; OSM carries no height here)",
          "roof_colour": "C (inference — palette from photograph 003, assigned by a hash of the OSM id)",
          "roof_shape": "C (inference — a gable along the footprint's long axis)"
        },
        "note": "scripts/import-osm-town.mjs による取り込み。外形はOSM(public_gis)だが、高さ・屋根形状・屋根色はOSMに情報がないため推定であり、detail_confidence に C として記録している。"
      }
    },
    {
      "type": "Feature",
      "geometry": {
        "type": "Polygon",
        "coordinates": [
          [
            [
              144.510676,
              43.7209065
            ],
            [
              144.5107698,
              43.7209055
            ],
            [
              144.5107685,
              43.7208375
            ],
            [
              144.5106746,
              43.7208385
            ],
            [
              144.510676,
              43.7209065
            ]
          ]
        ]
      },
      "properties": {
        "id": "BLDG_OSM_654479028",
        "name": null,
        "structure_type": "town_building",
        "osm_building": "yes",
        "area_m2": 57,
        "eave_height_m": 2.6,
        "ridge_height_m": 4,
        "roof_colour": "#8a6a3a",
        "roof_shape": "gable",
        "confidence": "B",
        "evidence_type": "public_gis",
        "historical_status": "plausible",
        "source_ids": [
          "SRC_OSM_OVERPASS"
        ],
        "detail_confidence": {
          "footprint": "B (public_gis — OSM way 654479028)",
          "eave_ridge_height": "C (inference — banded from footprint area; OSM carries no height here)",
          "roof_colour": "C (inference — palette from photograph 003, assigned by a hash of the OSM id)",
          "roof_shape": "C (inference — a gable along the footprint's long axis)"
        },
        "note": "scripts/import-osm-town.mjs による取り込み。外形はOSM(public_gis)だが、高さ・屋根形状・屋根色はOSMに情報がないため推定であり、detail_confidence に C として記録している。"
      }
    },
    {
      "type": "Feature",
      "geometry": {
        "type": "Polygon",
        "coordinates": [
          [
            [
              144.5108461,
              43.7208172
            ],
            [
              144.5108341,
              43.7206246
            ],
            [
              144.5106868,
              43.7206294
            ],
            [
              144.5106989,
              43.720822
            ],
            [
              144.5108461,
              43.7208172
            ]
          ]
        ]
      },
      "properties": {
        "id": "BLDG_OSM_654479029",
        "name": null,
        "structure_type": "town_building",
        "osm_building": "warehouse",
        "area_m2": 253,
        "eave_height_m": 3.6,
        "ridge_height_m": 6,
        "roof_colour": "#6b6f74",
        "roof_shape": "gable",
        "confidence": "B",
        "evidence_type": "public_gis",
        "historical_status": "plausible",
        "source_ids": [
          "SRC_OSM_OVERPASS"
        ],
        "detail_confidence": {
          "footprint": "B (public_gis — OSM way 654479029)",
          "eave_ridge_height": "C (inference — banded from footprint area; OSM carries no height here)",
          "roof_colour": "C (inference — palette from photograph 003, assigned by a hash of the OSM id)",
          "roof_shape": "C (inference — a gable along the footprint's long axis)"
        },
        "note": "scripts/import-osm-town.mjs による取り込み。外形はOSM(public_gis)だが、高さ・屋根形状・屋根色はOSMに情報がないため推定であり、detail_confidence に C として記録している。"
      }
    },
    {
      "type": "Feature",
      "geometry": {
        "type": "Polygon",
        "coordinates": [
          [
            [
              144.5112929,
              43.7213795
            ],
            [
              144.511136,
              43.7213824
            ],
            [
              144.5111381,
              43.7214419
            ],
            [
              144.5110758,
              43.7214431
            ],
            [
              144.511077,
              43.7214744
            ],
            [
              144.5111612,
              43.7214729
            ],
            [
              144.5111606,
              43.7214564
            ],
            [
              144.5112955,
              43.7214539
            ],
            [
              144.5112929,
              43.7213795
            ]
          ]
        ]
      },
      "properties": {
        "id": "BLDG_OSM_654479030",
        "name": null,
        "structure_type": "town_building",
        "osm_building": "yes",
        "area_m2": 125,
        "eave_height_m": 3,
        "ridge_height_m": 5,
        "roof_colour": "#8a6a3a",
        "roof_shape": "flat",
        "confidence": "B",
        "evidence_type": "public_gis",
        "historical_status": "plausible",
        "source_ids": [
          "SRC_OSM_OVERPASS"
        ],
        "detail_confidence": {
          "footprint": "B (public_gis — OSM way 654479030)",
          "eave_ridge_height": "C (inference — banded from footprint area; OSM carries no height here)",
          "roof_colour": "C (inference — palette from photograph 003, assigned by a hash of the OSM id)",
          "roof_shape": "C (inference — a gable along the footprint's long axis)"
        },
        "note": "scripts/import-osm-town.mjs による取り込み。外形はOSM(public_gis)だが、高さ・屋根形状・屋根色はOSMに情報がないため推定であり、detail_confidence に C として記録している。"
      }
    },
    {
      "type": "Feature",
      "geometry": {
        "type": "Polygon",
        "coordinates": [
          [
            [
              144.5110153,
              43.7214783
            ],
            [
              144.5110153,
              43.7213853
            ],
            [
              144.5109281,
              43.7213853
            ],
            [
              144.5109281,
              43.7214386
            ],
            [
              144.510967,
              43.7214386
            ],
            [
              144.510967,
              43.7214783
            ],
            [
              144.5110153,
              43.7214783
            ]
          ]
        ]
      },
      "properties": {
        "id": "BLDG_OSM_654479031",
        "name": null,
        "structure_type": "town_building",
        "osm_building": "yes",
        "area_m2": 58,
        "eave_height_m": 2.6,
        "ridge_height_m": 4,
        "roof_colour": "#8c3a32",
        "roof_shape": "gable",
        "confidence": "B",
        "evidence_type": "public_gis",
        "historical_status": "plausible",
        "source_ids": [
          "SRC_OSM_OVERPASS"
        ],
        "detail_confidence": {
          "footprint": "B (public_gis — OSM way 654479031)",
          "eave_ridge_height": "C (inference — banded from footprint area; OSM carries no height here)",
          "roof_colour": "C (inference — palette from photograph 003, assigned by a hash of the OSM id)",
          "roof_shape": "C (inference — a gable along the footprint's long axis)"
        },
        "note": "scripts/import-osm-town.mjs による取り込み。外形はOSM(public_gis)だが、高さ・屋根形状・屋根色はOSMに情報がないため推定であり、detail_confidence に C として記録している。"
      }
    },
    {
      "type": "Feature",
      "geometry": {
        "type": "Polygon",
        "coordinates": [
          [
            [
              144.5102227,
              43.7215326
            ],
            [
              144.5105244,
              43.7216683
            ],
            [
              144.510585,
              43.7215979
            ],
            [
              144.5102833,
              43.7214622
            ],
            [
              144.5102227,
              43.7215326
            ]
          ]
        ]
      },
      "properties": {
        "id": "BLDG_OSM_654479032",
        "name": null,
        "structure_type": "town_building",
        "osm_building": "warehouse",
        "area_m2": 262,
        "eave_height_m": 3.6,
        "ridge_height_m": 6,
        "roof_colour": "#2f6146",
        "roof_shape": "gable",
        "confidence": "B",
        "evidence_type": "public_gis",
        "historical_status": "plausible",
        "source_ids": [
          "SRC_OSM_OVERPASS"
        ],
        "detail_confidence": {
          "footprint": "B (public_gis — OSM way 654479032)",
          "eave_ridge_height": "C (inference — banded from footprint area; OSM carries no height here)",
          "roof_colour": "C (inference — palette from photograph 003, assigned by a hash of the OSM id)",
          "roof_shape": "C (inference — a gable along the footprint's long axis)"
        },
        "note": "scripts/import-osm-town.mjs による取り込み。外形はOSM(public_gis)だが、高さ・屋根形状・屋根色はOSMに情報がないため推定であり、detail_confidence に C として記録している。"
      }
    },
    {
      "type": "Feature",
      "geometry": {
        "type": "Polygon",
        "coordinates": [
          [
            [
              144.5078094,
              43.7201098
            ],
            [
              144.5078643,
              43.7201088
            ],
            [
              144.5078637,
              43.7200898
            ],
            [
              144.5078087,
              43.7200908
            ],
            [
              144.5078094,
              43.7201098
            ]
          ]
        ]
      },
      "properties": {
        "id": "BLDG_OSM_654479036",
        "name": null,
        "structure_type": "town_building",
        "osm_building": "yes",
        "area_m2": 9,
        "eave_height_m": 2.2,
        "ridge_height_m": 3.1,
        "roof_colour": "#6b6f74",
        "roof_shape": "gable",
        "confidence": "B",
        "evidence_type": "public_gis",
        "historical_status": "plausible",
        "source_ids": [
          "SRC_OSM_OVERPASS"
        ],
        "detail_confidence": {
          "footprint": "B (public_gis — OSM way 654479036)",
          "eave_ridge_height": "C (inference — banded from footprint area; OSM carries no height here)",
          "roof_colour": "C (inference — palette from photograph 003, assigned by a hash of the OSM id)",
          "roof_shape": "C (inference — a gable along the footprint's long axis)"
        },
        "note": "scripts/import-osm-town.mjs による取り込み。外形はOSM(public_gis)だが、高さ・屋根形状・屋根色はOSMに情報がないため推定であり、detail_confidence に C として記録している。"
      }
    },
    {
      "type": "Feature",
      "geometry": {
        "type": "Polygon",
        "coordinates": [
          [
            [
              144.5077296,
              43.720135
            ],
            [
              144.5078013,
              43.7201335
            ],
            [
              144.5077998,
              43.7200937
            ],
            [
              144.507728,
              43.7200951
            ],
            [
              144.5077296,
              43.720135
            ]
          ]
        ]
      },
      "properties": {
        "id": "BLDG_OSM_654479037",
        "name": null,
        "structure_type": "town_building",
        "osm_building": "yes",
        "area_m2": 25,
        "eave_height_m": 2.2,
        "ridge_height_m": 3.1,
        "roof_colour": "#8a6a3a",
        "roof_shape": "gable",
        "confidence": "B",
        "evidence_type": "public_gis",
        "historical_status": "plausible",
        "source_ids": [
          "SRC_OSM_OVERPASS"
        ],
        "detail_confidence": {
          "footprint": "B (public_gis — OSM way 654479037)",
          "eave_ridge_height": "C (inference — banded from footprint area; OSM carries no height here)",
          "roof_colour": "C (inference — palette from photograph 003, assigned by a hash of the OSM id)",
          "roof_shape": "C (inference — a gable along the footprint's long axis)"
        },
        "note": "scripts/import-osm-town.mjs による取り込み。外形はOSM(public_gis)だが、高さ・屋根形状・屋根色はOSMに情報がないため推定であり、detail_confidence に C として記録している。"
      }
    },
    {
      "type": "Feature",
      "geometry": {
        "type": "Polygon",
        "coordinates": [
          [
            [
              144.5078664,
              43.7209002
            ],
            [
              144.5078696,
              43.7209312
            ],
            [
              144.5079407,
              43.7209273
            ],
            [
              144.5079374,
              43.7208963
            ],
            [
              144.5078664,
              43.7209002
            ]
          ]
        ]
      },
      "properties": {
        "id": "BLDG_OSM_654479038",
        "name": null,
        "structure_type": "town_building",
        "osm_building": "yes",
        "area_m2": 20,
        "eave_height_m": 2.2,
        "ridge_height_m": 3.1,
        "roof_colour": "#2f5a7a",
        "roof_shape": "gable",
        "confidence": "B",
        "evidence_type": "public_gis",
        "historical_status": "plausible",
        "source_ids": [
          "SRC_OSM_OVERPASS"
        ],
        "detail_confidence": {
          "footprint": "B (public_gis — OSM way 654479038)",
          "eave_ridge_height": "C (inference — banded from footprint area; OSM carries no height here)",
          "roof_colour": "C (inference — palette from photograph 003, assigned by a hash of the OSM id)",
          "roof_shape": "C (inference — a gable along the footprint's long axis)"
        },
        "note": "scripts/import-osm-town.mjs による取り込み。外形はOSM(public_gis)だが、高さ・屋根形状・屋根色はOSMに情報がないため推定であり、detail_confidence に C として記録している。"
      }
    },
    {
      "type": "Feature",
      "geometry": {
        "type": "Polygon",
        "coordinates": [
          [
            [
              144.5078509,
              43.7208803
            ],
            [
              144.5079441,
              43.7208808
            ],
            [
              144.5079448,
              43.7208129
            ],
            [
              144.5078516,
              43.7208125
            ],
            [
              144.5078509,
              43.7208803
            ]
          ]
        ]
      },
      "properties": {
        "id": "BLDG_OSM_654479039",
        "name": null,
        "structure_type": "town_building",
        "osm_building": "yes",
        "area_m2": 56,
        "eave_height_m": 2.6,
        "ridge_height_m": 4,
        "roof_colour": "#2f6146",
        "roof_shape": "gable",
        "confidence": "B",
        "evidence_type": "public_gis",
        "historical_status": "plausible",
        "source_ids": [
          "SRC_OSM_OVERPASS"
        ],
        "detail_confidence": {
          "footprint": "B (public_gis — OSM way 654479039)",
          "eave_ridge_height": "C (inference — banded from footprint area; OSM carries no height here)",
          "roof_colour": "C (inference — palette from photograph 003, assigned by a hash of the OSM id)",
          "roof_shape": "C (inference — a gable along the footprint's long axis)"
        },
        "note": "scripts/import-osm-town.mjs による取り込み。外形はOSM(public_gis)だが、高さ・屋根形状・屋根色はOSMに情報がないため推定であり、detail_confidence に C として記録している。"
      }
    },
    {
      "type": "Feature",
      "geometry": {
        "type": "Polygon",
        "coordinates": [
          [
            [
              144.5076806,
              43.7208314
            ],
            [
              144.5076618,
              43.7207751
            ],
            [
              144.5075503,
              43.7207946
            ],
            [
              144.507569,
              43.7208508
            ],
            [
              144.5076806,
              43.7208314
            ]
          ]
        ]
      },
      "properties": {
        "id": "BLDG_OSM_654479040",
        "name": null,
        "structure_type": "town_building",
        "osm_building": "yes",
        "area_m2": 59,
        "eave_height_m": 2.6,
        "ridge_height_m": 4,
        "roof_colour": "#6b6f74",
        "roof_shape": "gable",
        "confidence": "B",
        "evidence_type": "public_gis",
        "historical_status": "plausible",
        "source_ids": [
          "SRC_OSM_OVERPASS"
        ],
        "detail_confidence": {
          "footprint": "B (public_gis — OSM way 654479040)",
          "eave_ridge_height": "C (inference — banded from footprint area; OSM carries no height here)",
          "roof_colour": "C (inference — palette from photograph 003, assigned by a hash of the OSM id)",
          "roof_shape": "C (inference — a gable along the footprint's long axis)"
        },
        "note": "scripts/import-osm-town.mjs による取り込み。外形はOSM(public_gis)だが、高さ・屋根形状・屋根色はOSMに情報がないため推定であり、detail_confidence に C として記録している。"
      }
    },
    {
      "type": "Feature",
      "geometry": {
        "type": "Polygon",
        "coordinates": [
          [
            [
              144.50734,
              43.7209404
            ],
            [
              144.5074104,
              43.720952
            ],
            [
              144.5074323,
              43.7208826
            ],
            [
              144.5073619,
              43.720871
            ],
            [
              144.50734,
              43.7209404
            ]
          ]
        ]
      },
      "properties": {
        "id": "BLDG_OSM_654479041",
        "name": null,
        "structure_type": "town_building",
        "osm_building": "yes",
        "area_m2": 46,
        "eave_height_m": 2.6,
        "ridge_height_m": 4,
        "roof_colour": "#2f6146",
        "roof_shape": "gable",
        "confidence": "B",
        "evidence_type": "public_gis",
        "historical_status": "plausible",
        "source_ids": [
          "SRC_OSM_OVERPASS"
        ],
        "detail_confidence": {
          "footprint": "B (public_gis — OSM way 654479041)",
          "eave_ridge_height": "C (inference — banded from footprint area; OSM carries no height here)",
          "roof_colour": "C (inference — palette from photograph 003, assigned by a hash of the OSM id)",
          "roof_shape": "C (inference — a gable along the footprint's long axis)"
        },
        "note": "scripts/import-osm-town.mjs による取り込み。外形はOSM(public_gis)だが、高さ・屋根形状・屋根色はOSMに情報がないため推定であり、detail_confidence に C として記録している。"
      }
    },
    {
      "type": "Feature",
      "geometry": {
        "type": "Polygon",
        "coordinates": [
          [
            [
              144.5073547,
              43.7208255
            ],
            [
              144.5073551,
              43.7208508
            ],
            [
              144.5074241,
              43.7208503
            ],
            [
              144.5074238,
              43.7208251
            ],
            [
              144.5073547,
              43.7208255
            ]
          ]
        ]
      },
      "properties": {
        "id": "BLDG_OSM_654479042",
        "name": null,
        "structure_type": "town_building",
        "osm_building": "yes",
        "area_m2": 16,
        "eave_height_m": 2.2,
        "ridge_height_m": 3.1,
        "roof_colour": "#2f5a7a",
        "roof_shape": "gable",
        "confidence": "B",
        "evidence_type": "public_gis",
        "historical_status": "plausible",
        "source_ids": [
          "SRC_OSM_OVERPASS"
        ],
        "detail_confidence": {
          "footprint": "B (public_gis — OSM way 654479042)",
          "eave_ridge_height": "C (inference — banded from footprint area; OSM carries no height here)",
          "roof_colour": "C (inference — palette from photograph 003, assigned by a hash of the OSM id)",
          "roof_shape": "C (inference — a gable along the footprint's long axis)"
        },
        "note": "scripts/import-osm-town.mjs による取り込み。外形はOSM(public_gis)だが、高さ・屋根形状・屋根色はOSMに情報がないため推定であり、detail_confidence に C として記録している。"
      }
    },
    {
      "type": "Feature",
      "geometry": {
        "type": "Polygon",
        "coordinates": [
          [
            [
              144.5073208,
              43.7207862
            ],
            [
              144.5073473,
              43.7207863
            ],
            [
              144.5073471,
              43.7208199
            ],
            [
              144.5074251,
              43.7208202
            ],
            [
              144.5074258,
              43.7207359
            ],
            [
              144.5073782,
              43.7207357
            ],
            [
              144.5073786,
              43.7206852
            ],
            [
              144.5073219,
              43.720685
            ],
            [
              144.5073208,
              43.7207862
            ]
          ]
        ]
      },
      "properties": {
        "id": "BLDG_OSM_654479043",
        "name": null,
        "structure_type": "town_building",
        "osm_building": "yes",
        "area_m2": 96,
        "eave_height_m": 3,
        "ridge_height_m": 5,
        "roof_colour": "#8c3a32",
        "roof_shape": "flat",
        "confidence": "B",
        "evidence_type": "public_gis",
        "historical_status": "plausible",
        "source_ids": [
          "SRC_OSM_OVERPASS"
        ],
        "detail_confidence": {
          "footprint": "B (public_gis — OSM way 654479043)",
          "eave_ridge_height": "C (inference — banded from footprint area; OSM carries no height here)",
          "roof_colour": "C (inference — palette from photograph 003, assigned by a hash of the OSM id)",
          "roof_shape": "C (inference — a gable along the footprint's long axis)"
        },
        "note": "scripts/import-osm-town.mjs による取り込み。外形はOSM(public_gis)だが、高さ・屋根形状・屋根色はOSMに情報がないため推定であり、detail_confidence に C として記録している。"
      }
    },
    {
      "type": "Feature",
      "geometry": {
        "type": "Polygon",
        "coordinates": [
          [
            [
              144.5070241,
              43.7205789
            ],
            [
              144.5070308,
              43.7205236
            ],
            [
              144.5069777,
              43.7205203
            ],
            [
              144.506971,
              43.7205755
            ],
            [
              144.5070241,
              43.7205789
            ]
          ]
        ]
      },
      "properties": {
        "id": "BLDG_OSM_654479044",
        "name": null,
        "structure_type": "town_building",
        "osm_building": "yes",
        "area_m2": 26,
        "eave_height_m": 2.2,
        "ridge_height_m": 3.1,
        "roof_colour": "#2f6146",
        "roof_shape": "gable",
        "confidence": "B",
        "evidence_type": "public_gis",
        "historical_status": "plausible",
        "source_ids": [
          "SRC_OSM_OVERPASS"
        ],
        "detail_confidence": {
          "footprint": "B (public_gis — OSM way 654479044)",
          "eave_ridge_height": "C (inference — banded from footprint area; OSM carries no height here)",
          "roof_colour": "C (inference — palette from photograph 003, assigned by a hash of the OSM id)",
          "roof_shape": "C (inference — a gable along the footprint's long axis)"
        },
        "note": "scripts/import-osm-town.mjs による取り込み。外形はOSM(public_gis)だが、高さ・屋根形状・屋根色はOSMに情報がないため推定であり、detail_confidence に C として記録している。"
      }
    },
    {
      "type": "Feature",
      "geometry": {
        "type": "Polygon",
        "coordinates": [
          [
            [
              144.5070429,
              43.7205081
            ],
            [
              144.5070603,
              43.7203715
            ],
            [
              144.5069803,
              43.7203661
            ],
            [
              144.5069629,
              43.7205028
            ],
            [
              144.5070429,
              43.7205081
            ]
          ]
        ]
      },
      "properties": {
        "id": "BLDG_OSM_654479045",
        "name": null,
        "structure_type": "town_building",
        "osm_building": "yes",
        "area_m2": 98,
        "eave_height_m": 3,
        "ridge_height_m": 5,
        "roof_colour": "#2f5a7a",
        "roof_shape": "gable",
        "confidence": "B",
        "evidence_type": "public_gis",
        "historical_status": "plausible",
        "source_ids": [
          "SRC_OSM_OVERPASS"
        ],
        "detail_confidence": {
          "footprint": "B (public_gis — OSM way 654479045)",
          "eave_ridge_height": "C (inference — banded from footprint area; OSM carries no height here)",
          "roof_colour": "C (inference — palette from photograph 003, assigned by a hash of the OSM id)",
          "roof_shape": "C (inference — a gable along the footprint's long axis)"
        },
        "note": "scripts/import-osm-town.mjs による取り込み。外形はOSM(public_gis)だが、高さ・屋根形状・屋根色はOSMに情報がないため推定であり、detail_confidence に C として記録している。"
      }
    },
    {
      "type": "Feature",
      "geometry": {
        "type": "Polygon",
        "coordinates": [
          [
            [
              144.5079193,
              43.7223012
            ],
            [
              144.5080809,
              43.7222915
            ],
            [
              144.5080737,
              43.7222288
            ],
            [
              144.5079121,
              43.7222385
            ],
            [
              144.5079193,
              43.7223012
            ]
          ]
        ]
      },
      "properties": {
        "id": "BLDG_OSM_654479046",
        "name": null,
        "structure_type": "town_building",
        "osm_building": "yes",
        "area_m2": 91,
        "eave_height_m": 3,
        "ridge_height_m": 5,
        "roof_colour": "#8c3a32",
        "roof_shape": "gable",
        "confidence": "B",
        "evidence_type": "public_gis",
        "historical_status": "plausible",
        "source_ids": [
          "SRC_OSM_OVERPASS"
        ],
        "detail_confidence": {
          "footprint": "B (public_gis — OSM way 654479046)",
          "eave_ridge_height": "C (inference — banded from footprint area; OSM carries no height here)",
          "roof_colour": "C (inference — palette from photograph 003, assigned by a hash of the OSM id)",
          "roof_shape": "C (inference — a gable along the footprint's long axis)"
        },
        "note": "scripts/import-osm-town.mjs による取り込み。外形はOSM(public_gis)だが、高さ・屋根形状・屋根色はOSMに情報がないため推定であり、detail_confidence に C として記録している。"
      }
    },
    {
      "type": "Feature",
      "geometry": {
        "type": "Polygon",
        "coordinates": [
          [
            [
              144.5086972,
              43.7224916
            ],
            [
              144.5088192,
              43.7224829
            ],
            [
              144.5088106,
              43.7224199
            ],
            [
              144.5086885,
              43.7224286
            ],
            [
              144.5086972,
              43.7224916
            ]
          ]
        ]
      },
      "properties": {
        "id": "BLDG_OSM_654479047",
        "name": null,
        "structure_type": "town_building",
        "osm_building": "yes",
        "area_m2": 69,
        "eave_height_m": 2.6,
        "ridge_height_m": 4,
        "roof_colour": "#8a6a3a",
        "roof_shape": "gable",
        "confidence": "B",
        "evidence_type": "public_gis",
        "historical_status": "plausible",
        "source_ids": [
          "SRC_OSM_OVERPASS"
        ],
        "detail_confidence": {
          "footprint": "B (public_gis — OSM way 654479047)",
          "eave_ridge_height": "C (inference — banded from footprint area; OSM carries no height here)",
          "roof_colour": "C (inference — palette from photograph 003, assigned by a hash of the OSM id)",
          "roof_shape": "C (inference — a gable along the footprint's long axis)"
        },
        "note": "scripts/import-osm-town.mjs による取り込み。外形はOSM(public_gis)だが、高さ・屋根形状・屋根色はOSMに情報がないため推定であり、detail_confidence に C として記録している。"
      }
    },
    {
      "type": "Feature",
      "geometry": {
        "type": "Polygon",
        "coordinates": [
          [
            [
              144.5083827,
              43.7224689
            ],
            [
              144.5083876,
              43.7225242
            ],
            [
              144.5085016,
              43.7225188
            ],
            [
              144.5084967,
              43.7224635
            ],
            [
              144.5083827,
              43.7224689
            ]
          ]
        ]
      },
      "properties": {
        "id": "BLDG_OSM_654479048",
        "name": null,
        "structure_type": "town_building",
        "osm_building": "yes",
        "area_m2": 56,
        "eave_height_m": 2.6,
        "ridge_height_m": 4,
        "roof_colour": "#8c3a32",
        "roof_shape": "gable",
        "confidence": "B",
        "evidence_type": "public_gis",
        "historical_status": "plausible",
        "source_ids": [
          "SRC_OSM_OVERPASS"
        ],
        "detail_confidence": {
          "footprint": "B (public_gis — OSM way 654479048)",
          "eave_ridge_height": "C (inference — banded from footprint area; OSM carries no height here)",
          "roof_colour": "C (inference — palette from photograph 003, assigned by a hash of the OSM id)",
          "roof_shape": "C (inference — a gable along the footprint's long axis)"
        },
        "note": "scripts/import-osm-town.mjs による取り込み。外形はOSM(public_gis)だが、高さ・屋根形状・屋根色はOSMに情報がないため推定であり、detail_confidence に C として記録している。"
      }
    },
    {
      "type": "Feature",
      "geometry": {
        "type": "Polygon",
        "coordinates": [
          [
            [
              144.5084698,
              43.7226777
            ],
            [
              144.5086502,
              43.722669
            ],
            [
              144.5086422,
              43.7225823
            ],
            [
              144.5084618,
              43.722591
            ],
            [
              144.5084698,
              43.7226777
            ]
          ]
        ]
      },
      "properties": {
        "id": "BLDG_OSM_654479051",
        "name": null,
        "structure_type": "town_building",
        "osm_building": "yes",
        "area_m2": 140,
        "eave_height_m": 3,
        "ridge_height_m": 5,
        "roof_colour": "#6b6f74",
        "roof_shape": "gable",
        "confidence": "B",
        "evidence_type": "public_gis",
        "historical_status": "plausible",
        "source_ids": [
          "SRC_OSM_OVERPASS"
        ],
        "detail_confidence": {
          "footprint": "B (public_gis — OSM way 654479051)",
          "eave_ridge_height": "C (inference — banded from footprint area; OSM carries no height here)",
          "roof_colour": "C (inference — palette from photograph 003, assigned by a hash of the OSM id)",
          "roof_shape": "C (inference — a gable along the footprint's long axis)"
        },
        "note": "scripts/import-osm-town.mjs による取り込み。外形はOSM(public_gis)だが、高さ・屋根形状・屋根色はOSMに情報がないため推定であり、detail_confidence に C として記録している。"
      }
    },
    {
      "type": "Feature",
      "geometry": {
        "type": "Polygon",
        "coordinates": [
          [
            [
              144.508504,
              43.7228091
            ],
            [
              144.5086657,
              43.7228008
            ],
            [
              144.5086591,
              43.7227338
            ],
            [
              144.5084975,
              43.7227421
            ],
            [
              144.508504,
              43.7228091
            ]
          ]
        ]
      },
      "properties": {
        "id": "BLDG_OSM_654479053",
        "name": null,
        "structure_type": "town_building",
        "osm_building": "yes",
        "area_m2": 97,
        "eave_height_m": 3,
        "ridge_height_m": 5,
        "roof_colour": "#8c3a32",
        "roof_shape": "gable",
        "confidence": "B",
        "evidence_type": "public_gis",
        "historical_status": "plausible",
        "source_ids": [
          "SRC_OSM_OVERPASS"
        ],
        "detail_confidence": {
          "footprint": "B (public_gis — OSM way 654479053)",
          "eave_ridge_height": "C (inference — banded from footprint area; OSM carries no height here)",
          "roof_colour": "C (inference — palette from photograph 003, assigned by a hash of the OSM id)",
          "roof_shape": "C (inference — a gable along the footprint's long axis)"
        },
        "note": "scripts/import-osm-town.mjs による取り込み。外形はOSM(public_gis)だが、高さ・屋根形状・屋根色はOSMに情報がないため推定であり、detail_confidence に C として記録している。"
      }
    },
    {
      "type": "Feature",
      "geometry": {
        "type": "Polygon",
        "coordinates": [
          [
            [
              144.5085617,
              43.7228483
            ],
            [
              144.508496,
              43.7228469
            ],
            [
              144.5084947,
              43.7228769
            ],
            [
              144.5085604,
              43.7228784
            ],
            [
              144.5085617,
              43.7228483
            ]
          ]
        ]
      },
      "properties": {
        "id": "BLDG_OSM_654479055",
        "name": null,
        "structure_type": "town_building",
        "osm_building": "yes",
        "area_m2": 18,
        "eave_height_m": 2.2,
        "ridge_height_m": 3.1,
        "roof_colour": "#2f6146",
        "roof_shape": "gable",
        "confidence": "B",
        "evidence_type": "public_gis",
        "historical_status": "plausible",
        "source_ids": [
          "SRC_OSM_OVERPASS"
        ],
        "detail_confidence": {
          "footprint": "B (public_gis — OSM way 654479055)",
          "eave_ridge_height": "C (inference — banded from footprint area; OSM carries no height here)",
          "roof_colour": "C (inference — palette from photograph 003, assigned by a hash of the OSM id)",
          "roof_shape": "C (inference — a gable along the footprint's long axis)"
        },
        "note": "scripts/import-osm-town.mjs による取り込み。外形はOSM(public_gis)だが、高さ・屋根形状・屋根色はOSMに情報がないため推定であり、detail_confidence に C として記録している。"
      }
    },
    {
      "type": "Feature",
      "geometry": {
        "type": "Polygon",
        "coordinates": [
          [
            [
              144.5081487,
              43.7226341
            ],
            [
              144.5080923,
              43.7226385
            ],
            [
              144.5080967,
              43.7226681
            ],
            [
              144.508153,
              43.7226637
            ],
            [
              144.5081487,
              43.7226341
            ]
          ]
        ]
      },
      "properties": {
        "id": "BLDG_OSM_654479057",
        "name": null,
        "structure_type": "town_building",
        "osm_building": "yes",
        "area_m2": 15,
        "eave_height_m": 2.2,
        "ridge_height_m": 3.1,
        "roof_colour": "#8a6a3a",
        "roof_shape": "gable",
        "confidence": "B",
        "evidence_type": "public_gis",
        "historical_status": "plausible",
        "source_ids": [
          "SRC_OSM_OVERPASS"
        ],
        "detail_confidence": {
          "footprint": "B (public_gis — OSM way 654479057)",
          "eave_ridge_height": "C (inference — banded from footprint area; OSM carries no height here)",
          "roof_colour": "C (inference — palette from photograph 003, assigned by a hash of the OSM id)",
          "roof_shape": "C (inference — a gable along the footprint's long axis)"
        },
        "note": "scripts/import-osm-town.mjs による取り込み。外形はOSM(public_gis)だが、高さ・屋根形状・屋根色はOSMに情報がないため推定であり、detail_confidence に C として記録している。"
      }
    },
    {
      "type": "Feature",
      "geometry": {
        "type": "Polygon",
        "coordinates": [
          [
            [
              144.508205,
              43.7227456
            ],
            [
              144.5081936,
              43.7226646
            ],
            [
              144.5081208,
              43.72267
            ],
            [
              144.5081322,
              43.7227509
            ],
            [
              144.508205,
              43.7227456
            ]
          ]
        ]
      },
      "properties": {
        "id": "BLDG_OSM_654479058",
        "name": null,
        "structure_type": "town_building",
        "osm_building": "yes",
        "area_m2": 53,
        "eave_height_m": 2.6,
        "ridge_height_m": 4,
        "roof_colour": "#8a6a3a",
        "roof_shape": "gable",
        "confidence": "B",
        "evidence_type": "public_gis",
        "historical_status": "plausible",
        "source_ids": [
          "SRC_OSM_OVERPASS"
        ],
        "detail_confidence": {
          "footprint": "B (public_gis — OSM way 654479058)",
          "eave_ridge_height": "C (inference — banded from footprint area; OSM carries no height here)",
          "roof_colour": "C (inference — palette from photograph 003, assigned by a hash of the OSM id)",
          "roof_shape": "C (inference — a gable along the footprint's long axis)"
        },
        "note": "scripts/import-osm-town.mjs による取り込み。外形はOSM(public_gis)だが、高さ・屋根形状・屋根色はOSMに情報がないため推定であり、detail_confidence に C として記録している。"
      }
    },
    {
      "type": "Feature",
      "geometry": {
        "type": "Polygon",
        "coordinates": [
          [
            [
              144.5081466,
              43.7236794
            ],
            [
              144.5081451,
              43.7237326
            ],
            [
              144.5082725,
              43.7237345
            ],
            [
              144.508274,
              43.7236813
            ],
            [
              144.5081466,
              43.7236794
            ]
          ]
        ]
      },
      "properties": {
        "id": "BLDG_OSM_654479061",
        "name": null,
        "structure_type": "town_building",
        "osm_building": "yes",
        "area_m2": 60,
        "eave_height_m": 2.6,
        "ridge_height_m": 4,
        "roof_colour": "#2f5a7a",
        "roof_shape": "gable",
        "confidence": "B",
        "evidence_type": "public_gis",
        "historical_status": "plausible",
        "source_ids": [
          "SRC_OSM_OVERPASS"
        ],
        "detail_confidence": {
          "footprint": "B (public_gis — OSM way 654479061)",
          "eave_ridge_height": "C (inference — banded from footprint area; OSM carries no height here)",
          "roof_colour": "C (inference — palette from photograph 003, assigned by a hash of the OSM id)",
          "roof_shape": "C (inference — a gable along the footprint's long axis)"
        },
        "note": "scripts/import-osm-town.mjs による取り込み。外形はOSM(public_gis)だが、高さ・屋根形状・屋根色はOSMに情報がないため推定であり、detail_confidence に C として記録している。"
      }
    },
    {
      "type": "Feature",
      "geometry": {
        "type": "Polygon",
        "coordinates": [
          [
            [
              144.5076947,
              43.7235166
            ],
            [
              144.5076895,
              43.7235691
            ],
            [
              144.5079725,
              43.7235837
            ],
            [
              144.5079777,
              43.7235311
            ],
            [
              144.5076947,
              43.7235166
            ]
          ]
        ]
      },
      "properties": {
        "id": "BLDG_OSM_654479063",
        "name": null,
        "structure_type": "town_building",
        "osm_building": "yes",
        "area_m2": 133,
        "eave_height_m": 3,
        "ridge_height_m": 5,
        "roof_colour": "#6b6f74",
        "roof_shape": "gable",
        "confidence": "B",
        "evidence_type": "public_gis",
        "historical_status": "plausible",
        "source_ids": [
          "SRC_OSM_OVERPASS"
        ],
        "detail_confidence": {
          "footprint": "B (public_gis — OSM way 654479063)",
          "eave_ridge_height": "C (inference — banded from footprint area; OSM carries no height here)",
          "roof_colour": "C (inference — palette from photograph 003, assigned by a hash of the OSM id)",
          "roof_shape": "C (inference — a gable along the footprint's long axis)"
        },
        "note": "scripts/import-osm-town.mjs による取り込み。外形はOSM(public_gis)だが、高さ・屋根形状・屋根色はOSMに情報がないため推定であり、detail_confidence に C として記録している。"
      }
    },
    {
      "type": "Feature",
      "geometry": {
        "type": "Polygon",
        "coordinates": [
          [
            [
              144.5080635,
              43.7235563
            ],
            [
              144.5080603,
              43.7236143
            ],
            [
              144.5082991,
              43.7236211
            ],
            [
              144.5083022,
              43.7235631
            ],
            [
              144.5080635,
              43.7235563
            ]
          ]
        ]
      },
      "properties": {
        "id": "BLDG_OSM_654479066",
        "name": null,
        "structure_type": "town_building",
        "osm_building": "yes",
        "area_m2": 123,
        "eave_height_m": 3,
        "ridge_height_m": 5,
        "roof_colour": "#8c3a32",
        "roof_shape": "gable",
        "confidence": "B",
        "evidence_type": "public_gis",
        "historical_status": "plausible",
        "source_ids": [
          "SRC_OSM_OVERPASS"
        ],
        "detail_confidence": {
          "footprint": "B (public_gis — OSM way 654479066)",
          "eave_ridge_height": "C (inference — banded from footprint area; OSM carries no height here)",
          "roof_colour": "C (inference — palette from photograph 003, assigned by a hash of the OSM id)",
          "roof_shape": "C (inference — a gable along the footprint's long axis)"
        },
        "note": "scripts/import-osm-town.mjs による取り込み。外形はOSM(public_gis)だが、高さ・屋根形状・屋根色はOSMに情報がないため推定であり、detail_confidence に C として記録している。"
      }
    },
    {
      "type": "Feature",
      "geometry": {
        "type": "Polygon",
        "coordinates": [
          [
            [
              144.507644,
              43.721094
            ],
            [
              144.5076444,
              43.7211106
            ],
            [
              144.5076002,
              43.721111
            ],
            [
              144.5076015,
              43.7211716
            ],
            [
              144.5077363,
              43.7211701
            ],
            [
              144.507735,
              43.7211096
            ],
            [
              144.5076929,
              43.72111
            ],
            [
              144.507692,
              43.7210674
            ],
            [
              144.5076435,
              43.7210679
            ],
            [
              144.5076433,
              43.7210571
            ],
            [
              144.5075941,
              43.7210577
            ],
            [
              144.5075949,
              43.7210945
            ],
            [
              144.507644,
              43.721094
            ]
          ]
        ]
      },
      "properties": {
        "id": "BLDG_OSM_654479068",
        "name": null,
        "structure_type": "town_building",
        "osm_building": "yes",
        "area_m2": 107,
        "eave_height_m": 3,
        "ridge_height_m": 5,
        "roof_colour": "#8c3a32",
        "roof_shape": "flat",
        "confidence": "B",
        "evidence_type": "public_gis",
        "historical_status": "plausible",
        "source_ids": [
          "SRC_OSM_OVERPASS"
        ],
        "detail_confidence": {
          "footprint": "B (public_gis — OSM way 654479068)",
          "eave_ridge_height": "C (inference — banded from footprint area; OSM carries no height here)",
          "roof_colour": "C (inference — palette from photograph 003, assigned by a hash of the OSM id)",
          "roof_shape": "C (inference — a gable along the footprint's long axis)"
        },
        "note": "scripts/import-osm-town.mjs による取り込み。外形はOSM(public_gis)だが、高さ・屋根形状・屋根色はOSMに情報がないため推定であり、detail_confidence に C として記録している。"
      }
    },
    {
      "type": "Feature",
      "geometry": {
        "type": "Polygon",
        "coordinates": [
          [
            [
              144.5075921,
              43.7211856
            ],
            [
              144.5075894,
              43.7211086
            ],
            [
              144.5075379,
              43.7211095
            ],
            [
              144.5075406,
              43.7211866
            ],
            [
              144.5075921,
              43.7211856
            ]
          ]
        ]
      },
      "properties": {
        "id": "BLDG_OSM_654479069",
        "name": null,
        "structure_type": "town_building",
        "osm_building": "yes",
        "area_m2": 35,
        "eave_height_m": 2.6,
        "ridge_height_m": 4,
        "roof_colour": "#8a6a3a",
        "roof_shape": "gable",
        "confidence": "B",
        "evidence_type": "public_gis",
        "historical_status": "plausible",
        "source_ids": [
          "SRC_OSM_OVERPASS"
        ],
        "detail_confidence": {
          "footprint": "B (public_gis — OSM way 654479069)",
          "eave_ridge_height": "C (inference — banded from footprint area; OSM carries no height here)",
          "roof_colour": "C (inference — palette from photograph 003, assigned by a hash of the OSM id)",
          "roof_shape": "C (inference — a gable along the footprint's long axis)"
        },
        "note": "scripts/import-osm-town.mjs による取り込み。外形はOSM(public_gis)だが、高さ・屋根形状・屋根色はOSMに情報がないため推定であり、detail_confidence に C として記録している。"
      }
    },
    {
      "type": "Feature",
      "geometry": {
        "type": "Polygon",
        "coordinates": [
          [
            [
              144.5072266,
              43.7212622
            ],
            [
              144.5074533,
              43.7212719
            ],
            [
              144.5074593,
              43.7211988
            ],
            [
              144.5072326,
              43.7211891
            ],
            [
              144.5072266,
              43.7212622
            ]
          ]
        ]
      },
      "properties": {
        "id": "BLDG_OSM_654479070",
        "name": null,
        "structure_type": "town_building",
        "osm_building": "yes",
        "area_m2": 148,
        "eave_height_m": 3,
        "ridge_height_m": 5,
        "roof_colour": "#2f5a7a",
        "roof_shape": "gable",
        "confidence": "B",
        "evidence_type": "public_gis",
        "historical_status": "plausible",
        "source_ids": [
          "SRC_OSM_OVERPASS"
        ],
        "detail_confidence": {
          "footprint": "B (public_gis — OSM way 654479070)",
          "eave_ridge_height": "C (inference — banded from footprint area; OSM carries no height here)",
          "roof_colour": "C (inference — palette from photograph 003, assigned by a hash of the OSM id)",
          "roof_shape": "C (inference — a gable along the footprint's long axis)"
        },
        "note": "scripts/import-osm-town.mjs による取り込み。外形はOSM(public_gis)だが、高さ・屋根形状・屋根色はOSMに情報がないため推定であり、detail_confidence に C として記録している。"
      }
    },
    {
      "type": "Feature",
      "geometry": {
        "type": "Polygon",
        "coordinates": [
          [
            [
              144.5073058,
              43.7211672
            ],
            [
              144.5073165,
              43.7210664
            ],
            [
              144.5072123,
              43.7210606
            ],
            [
              144.5072016,
              43.7211614
            ],
            [
              144.5073058,
              43.7211672
            ]
          ]
        ]
      },
      "properties": {
        "id": "BLDG_OSM_654479072",
        "name": null,
        "structure_type": "town_building",
        "osm_building": "yes",
        "area_m2": 94,
        "eave_height_m": 3,
        "ridge_height_m": 5,
        "roof_colour": "#8a6a3a",
        "roof_shape": "gable",
        "confidence": "B",
        "evidence_type": "public_gis",
        "historical_status": "plausible",
        "source_ids": [
          "SRC_OSM_OVERPASS"
        ],
        "detail_confidence": {
          "footprint": "B (public_gis — OSM way 654479072)",
          "eave_ridge_height": "C (inference — banded from footprint area; OSM carries no height here)",
          "roof_colour": "C (inference — palette from photograph 003, assigned by a hash of the OSM id)",
          "roof_shape": "C (inference — a gable along the footprint's long axis)"
        },
        "note": "scripts/import-osm-town.mjs による取り込み。外形はOSM(public_gis)だが、高さ・屋根形状・屋根色はOSMに情報がないため推定であり、detail_confidence に C として記録している。"
      }
    },
    {
      "type": "Feature",
      "geometry": {
        "type": "Polygon",
        "coordinates": [
          [
            [
              144.5069665,
              43.721235
            ],
            [
              144.5071127,
              43.7212389
            ],
            [
              144.5071149,
              43.7211938
            ],
            [
              144.5070979,
              43.7211934
            ],
            [
              144.507103,
              43.7210932
            ],
            [
              144.5070162,
              43.7210909
            ],
            [
              144.5070121,
              43.721173
            ],
            [
              144.5069697,
              43.7211719
            ],
            [
              144.5069665,
              43.721235
            ]
          ]
        ]
      },
      "properties": {
        "id": "BLDG_OSM_654479073",
        "name": null,
        "structure_type": "town_building",
        "osm_building": "yes",
        "area_m2": 143,
        "eave_height_m": 3,
        "ridge_height_m": 5,
        "roof_colour": "#8c3a32",
        "roof_shape": "flat",
        "confidence": "B",
        "evidence_type": "public_gis",
        "historical_status": "plausible",
        "source_ids": [
          "SRC_OSM_OVERPASS"
        ],
        "detail_confidence": {
          "footprint": "B (public_gis — OSM way 654479073)",
          "eave_ridge_height": "C (inference — banded from footprint area; OSM carries no height here)",
          "roof_colour": "C (inference — palette from photograph 003, assigned by a hash of the OSM id)",
          "roof_shape": "C (inference — a gable along the footprint's long axis)"
        },
        "note": "scripts/import-osm-town.mjs による取り込み。外形はOSM(public_gis)だが、高さ・屋根形状・屋根色はOSMに情報がないため推定であり、detail_confidence に C として記録している。"
      }
    },
    {
      "type": "Feature",
      "geometry": {
        "type": "Polygon",
        "coordinates": [
          [
            [
              144.506713,
              43.7210916
            ],
            [
              144.5067224,
              43.721017
            ],
            [
              144.5066451,
              43.7210119
            ],
            [
              144.5066357,
              43.7210865
            ],
            [
              144.506713,
              43.7210916
            ]
          ]
        ]
      },
      "properties": {
        "id": "BLDG_OSM_654479074",
        "name": null,
        "structure_type": "town_building",
        "osm_building": "yes",
        "area_m2": 52,
        "eave_height_m": 2.6,
        "ridge_height_m": 4,
        "roof_colour": "#8c3a32",
        "roof_shape": "gable",
        "confidence": "B",
        "evidence_type": "public_gis",
        "historical_status": "plausible",
        "source_ids": [
          "SRC_OSM_OVERPASS"
        ],
        "detail_confidence": {
          "footprint": "B (public_gis — OSM way 654479074)",
          "eave_ridge_height": "C (inference — banded from footprint area; OSM carries no height here)",
          "roof_colour": "C (inference — palette from photograph 003, assigned by a hash of the OSM id)",
          "roof_shape": "C (inference — a gable along the footprint's long axis)"
        },
        "note": "scripts/import-osm-town.mjs による取り込み。外形はOSM(public_gis)だが、高さ・屋根形状・屋根色はOSMに情報がないため推定であり、detail_confidence に C として記録している。"
      }
    },
    {
      "type": "Feature",
      "geometry": {
        "type": "Polygon",
        "coordinates": [
          [
            [
              144.5070188,
              43.7239353
            ],
            [
              144.5070349,
              43.7235311
            ],
            [
              144.5069465,
              43.7235293
            ],
            [
              144.5069304,
              43.7239334
            ],
            [
              144.5070188,
              43.7239353
            ]
          ]
        ]
      },
      "properties": {
        "id": "BLDG_OSM_654479075",
        "name": null,
        "structure_type": "town_building",
        "osm_building": "greenhouse",
        "area_m2": 318,
        "eave_height_m": 2.4,
        "ridge_height_m": 3.2,
        "roof_colour": "#2f5a7a",
        "roof_shape": "gable",
        "confidence": "B",
        "evidence_type": "public_gis",
        "historical_status": "plausible",
        "source_ids": [
          "SRC_OSM_OVERPASS"
        ],
        "detail_confidence": {
          "footprint": "B (public_gis — OSM way 654479075)",
          "eave_ridge_height": "C (inference — banded from footprint area; OSM carries no height here)",
          "roof_colour": "C (inference — palette from photograph 003, assigned by a hash of the OSM id)",
          "roof_shape": "C (inference — a gable along the footprint's long axis)"
        },
        "note": "scripts/import-osm-town.mjs による取り込み。外形はOSM(public_gis)だが、高さ・屋根形状・屋根色はOSMに情報がないため推定であり、detail_confidence に C として記録している。"
      }
    },
    {
      "type": "Feature",
      "geometry": {
        "type": "Polygon",
        "coordinates": [
          [
            [
              144.506654,
              43.7238781
            ],
            [
              144.5066714,
              43.723691
            ],
            [
              144.5065824,
              43.7236867
            ],
            [
              144.506565,
              43.7238737
            ],
            [
              144.506654,
              43.7238781
            ]
          ]
        ]
      },
      "properties": {
        "id": "BLDG_OSM_654479076",
        "name": null,
        "structure_type": "town_building",
        "osm_building": "greenhouse",
        "area_m2": 149,
        "eave_height_m": 2.4,
        "ridge_height_m": 3.2,
        "roof_colour": "#6b6f74",
        "roof_shape": "gable",
        "confidence": "B",
        "evidence_type": "public_gis",
        "historical_status": "plausible",
        "source_ids": [
          "SRC_OSM_OVERPASS"
        ],
        "detail_confidence": {
          "footprint": "B (public_gis — OSM way 654479076)",
          "eave_ridge_height": "C (inference — banded from footprint area; OSM carries no height here)",
          "roof_colour": "C (inference — palette from photograph 003, assigned by a hash of the OSM id)",
          "roof_shape": "C (inference — a gable along the footprint's long axis)"
        },
        "note": "scripts/import-osm-town.mjs による取り込み。外形はOSM(public_gis)だが、高さ・屋根形状・屋根色はOSMに情報がないため推定であり、detail_confidence に C として記録している。"
      }
    },
    {
      "type": "Feature",
      "geometry": {
        "type": "Polygon",
        "coordinates": [
          [
            [
              144.5062235,
              43.7236901
            ],
            [
              144.5064461,
              43.7237056
            ],
            [
              144.5064596,
              43.7236048
            ],
            [
              144.5062369,
              43.7235893
            ],
            [
              144.5062235,
              43.7236901
            ]
          ]
        ]
      },
      "properties": {
        "id": "BLDG_OSM_654479077",
        "name": null,
        "structure_type": "town_building",
        "osm_building": "warehouse",
        "area_m2": 202,
        "eave_height_m": 3.6,
        "ridge_height_m": 6,
        "roof_colour": "#8a6a3a",
        "roof_shape": "gable",
        "confidence": "B",
        "evidence_type": "public_gis",
        "historical_status": "plausible",
        "source_ids": [
          "SRC_OSM_OVERPASS"
        ],
        "detail_confidence": {
          "footprint": "B (public_gis — OSM way 654479077)",
          "eave_ridge_height": "C (inference — banded from footprint area; OSM carries no height here)",
          "roof_colour": "C (inference — palette from photograph 003, assigned by a hash of the OSM id)",
          "roof_shape": "C (inference — a gable along the footprint's long axis)"
        },
        "note": "scripts/import-osm-town.mjs による取り込み。外形はOSM(public_gis)だが、高さ・屋根形状・屋根色はOSMに情報がないため推定であり、detail_confidence に C として記録している。"
      }
    },
    {
      "type": "Feature",
      "geometry": {
        "type": "Polygon",
        "coordinates": [
          [
            [
              144.5063965,
              43.7234642
            ],
            [
              144.5063867,
              43.7235564
            ],
            [
              144.5067354,
              43.7235758
            ],
            [
              144.5067452,
              43.7234836
            ],
            [
              144.5063965,
              43.7234642
            ]
          ]
        ]
      },
      "properties": {
        "id": "BLDG_OSM_654479078",
        "name": null,
        "structure_type": "town_building",
        "osm_building": "yes",
        "area_m2": 288,
        "eave_height_m": 3.6,
        "ridge_height_m": 6,
        "roof_colour": "#8a6a3a",
        "roof_shape": "gable",
        "confidence": "B",
        "evidence_type": "public_gis",
        "historical_status": "plausible",
        "source_ids": [
          "SRC_OSM_OVERPASS"
        ],
        "detail_confidence": {
          "footprint": "B (public_gis — OSM way 654479078)",
          "eave_ridge_height": "C (inference — banded from footprint area; OSM carries no height here)",
          "roof_colour": "C (inference — palette from photograph 003, assigned by a hash of the OSM id)",
          "roof_shape": "C (inference — a gable along the footprint's long axis)"
        },
        "note": "scripts/import-osm-town.mjs による取り込み。外形はOSM(public_gis)だが、高さ・屋根形状・屋根色はOSMに情報がないため推定であり、detail_confidence に C として記録している。"
      }
    },
    {
      "type": "Feature",
      "geometry": {
        "type": "Polygon",
        "coordinates": [
          [
            [
              144.505799,
              43.7229951
            ],
            [
              144.5057911,
              43.7230663
            ],
            [
              144.5061417,
              43.7230867
            ],
            [
              144.5061496,
              43.7230156
            ],
            [
              144.505799,
              43.7229951
            ]
          ]
        ]
      },
      "properties": {
        "id": "BLDG_OSM_654479079",
        "name": null,
        "structure_type": "town_building",
        "osm_building": "yes",
        "area_m2": 223,
        "eave_height_m": 3.6,
        "ridge_height_m": 6,
        "roof_colour": "#8c3a32",
        "roof_shape": "gable",
        "confidence": "B",
        "evidence_type": "public_gis",
        "historical_status": "plausible",
        "source_ids": [
          "SRC_OSM_OVERPASS"
        ],
        "detail_confidence": {
          "footprint": "B (public_gis — OSM way 654479079)",
          "eave_ridge_height": "C (inference — banded from footprint area; OSM carries no height here)",
          "roof_colour": "C (inference — palette from photograph 003, assigned by a hash of the OSM id)",
          "roof_shape": "C (inference — a gable along the footprint's long axis)"
        },
        "note": "scripts/import-osm-town.mjs による取り込み。外形はOSM(public_gis)だが、高さ・屋根形状・屋根色はOSMに情報がないため推定であり、detail_confidence に C として記録している。"
      }
    },
    {
      "type": "Feature",
      "geometry": {
        "type": "Polygon",
        "coordinates": [
          [
            [
              144.5058285,
              43.7228338
            ],
            [
              144.5058209,
              43.7229024
            ],
            [
              144.5061732,
              43.7229229
            ],
            [
              144.5061809,
              43.7228543
            ],
            [
              144.5058285,
              43.7228338
            ]
          ]
        ]
      },
      "properties": {
        "id": "BLDG_OSM_654479080",
        "name": null,
        "structure_type": "town_building",
        "osm_building": "yes",
        "area_m2": 216,
        "eave_height_m": 3.6,
        "ridge_height_m": 6,
        "roof_colour": "#2f5a7a",
        "roof_shape": "gable",
        "confidence": "B",
        "evidence_type": "public_gis",
        "historical_status": "plausible",
        "source_ids": [
          "SRC_OSM_OVERPASS"
        ],
        "detail_confidence": {
          "footprint": "B (public_gis — OSM way 654479080)",
          "eave_ridge_height": "C (inference — banded from footprint area; OSM carries no height here)",
          "roof_colour": "C (inference — palette from photograph 003, assigned by a hash of the OSM id)",
          "roof_shape": "C (inference — a gable along the footprint's long axis)"
        },
        "note": "scripts/import-osm-town.mjs による取り込み。外形はOSM(public_gis)だが、高さ・屋根形状・屋根色はOSMに情報がないため推定であり、detail_confidence に C として記録している。"
      }
    },
    {
      "type": "Feature",
      "geometry": {
        "type": "Polygon",
        "coordinates": [
          [
            [
              144.5058513,
              43.7226748
            ],
            [
              144.5058439,
              43.7227417
            ],
            [
              144.5061958,
              43.7227622
            ],
            [
              144.5062033,
              43.7226953
            ],
            [
              144.5058513,
              43.7226748
            ]
          ]
        ]
      },
      "properties": {
        "id": "BLDG_OSM_654479081",
        "name": null,
        "structure_type": "town_building",
        "osm_building": "yes",
        "area_m2": 211,
        "eave_height_m": 3.6,
        "ridge_height_m": 6,
        "roof_colour": "#8c3a32",
        "roof_shape": "gable",
        "confidence": "B",
        "evidence_type": "public_gis",
        "historical_status": "plausible",
        "source_ids": [
          "SRC_OSM_OVERPASS"
        ],
        "detail_confidence": {
          "footprint": "B (public_gis — OSM way 654479081)",
          "eave_ridge_height": "C (inference — banded from footprint area; OSM carries no height here)",
          "roof_colour": "C (inference — palette from photograph 003, assigned by a hash of the OSM id)",
          "roof_shape": "C (inference — a gable along the footprint's long axis)"
        },
        "note": "scripts/import-osm-town.mjs による取り込み。外形はOSM(public_gis)だが、高さ・屋根形状・屋根色はOSMに情報がないため推定であり、detail_confidence に C として記録している。"
      }
    },
    {
      "type": "Feature",
      "geometry": {
        "type": "Polygon",
        "coordinates": [
          [
            [
              144.5065527,
              43.7221141
            ],
            [
              144.5065494,
              43.7221442
            ],
            [
              144.5066473,
              43.7222304
            ],
            [
              144.5066936,
              43.7222324
            ],
            [
              144.506806,
              43.7221638
            ],
            [
              144.5068089,
              43.7221301
            ],
            [
              144.5067209,
              43.7220572
            ],
            [
              144.5066654,
              43.7220555
            ],
            [
              144.5065527,
              43.7221141
            ]
          ]
        ]
      },
      "properties": {
        "id": "BLDG_OSM_654479082",
        "name": null,
        "structure_type": "town_building",
        "osm_building": "yes",
        "area_m2": 270,
        "eave_height_m": 3.6,
        "ridge_height_m": 6,
        "roof_colour": "#8a6a3a",
        "roof_shape": "flat",
        "confidence": "B",
        "evidence_type": "public_gis",
        "historical_status": "plausible",
        "source_ids": [
          "SRC_OSM_OVERPASS"
        ],
        "detail_confidence": {
          "footprint": "B (public_gis — OSM way 654479082)",
          "eave_ridge_height": "C (inference — banded from footprint area; OSM carries no height here)",
          "roof_colour": "C (inference — palette from photograph 003, assigned by a hash of the OSM id)",
          "roof_shape": "C (inference — a gable along the footprint's long axis)"
        },
        "note": "scripts/import-osm-town.mjs による取り込み。外形はOSM(public_gis)だが、高さ・屋根形状・屋根色はOSMに情報がないため推定であり、detail_confidence に C として記録している。"
      }
    },
    {
      "type": "Feature",
      "geometry": {
        "type": "Polygon",
        "coordinates": [
          [
            [
              144.5063449,
              43.7219702
            ],
            [
              144.5063483,
              43.7219019
            ],
            [
              144.5062377,
              43.721899
            ],
            [
              144.5062342,
              43.7219673
            ],
            [
              144.5063449,
              43.7219702
            ]
          ]
        ]
      },
      "properties": {
        "id": "BLDG_OSM_654479083",
        "name": null,
        "structure_type": "town_building",
        "osm_building": "yes",
        "area_m2": 67,
        "eave_height_m": 2.6,
        "ridge_height_m": 4,
        "roof_colour": "#6b6f74",
        "roof_shape": "gable",
        "confidence": "B",
        "evidence_type": "public_gis",
        "historical_status": "plausible",
        "source_ids": [
          "SRC_OSM_OVERPASS"
        ],
        "detail_confidence": {
          "footprint": "B (public_gis — OSM way 654479083)",
          "eave_ridge_height": "C (inference — banded from footprint area; OSM carries no height here)",
          "roof_colour": "C (inference — palette from photograph 003, assigned by a hash of the OSM id)",
          "roof_shape": "C (inference — a gable along the footprint's long axis)"
        },
        "note": "scripts/import-osm-town.mjs による取り込み。外形はOSM(public_gis)だが、高さ・屋根形状・屋根色はOSMに情報がないため推定であり、detail_confidence に C として記録している。"
      }
    },
    {
      "type": "Feature",
      "geometry": {
        "type": "Polygon",
        "coordinates": [
          [
            [
              144.5060438,
              43.7220017
            ],
            [
              144.506133,
              43.7220051
            ],
            [
              144.5061365,
              43.7219566
            ],
            [
              144.5060473,
              43.7219532
            ],
            [
              144.5060438,
              43.7220017
            ]
          ]
        ]
      },
      "properties": {
        "id": "BLDG_OSM_654479084",
        "name": null,
        "structure_type": "town_building",
        "osm_building": "yes",
        "area_m2": 39,
        "eave_height_m": 2.6,
        "ridge_height_m": 4,
        "roof_colour": "#2f6146",
        "roof_shape": "gable",
        "confidence": "B",
        "evidence_type": "public_gis",
        "historical_status": "plausible",
        "source_ids": [
          "SRC_OSM_OVERPASS"
        ],
        "detail_confidence": {
          "footprint": "B (public_gis — OSM way 654479084)",
          "eave_ridge_height": "C (inference — banded from footprint area; OSM carries no height here)",
          "roof_colour": "C (inference — palette from photograph 003, assigned by a hash of the OSM id)",
          "roof_shape": "C (inference — a gable along the footprint's long axis)"
        },
        "note": "scripts/import-osm-town.mjs による取り込み。外形はOSM(public_gis)だが、高さ・屋根形状・屋根色はOSMに情報がないため推定であり、detail_confidence に C として記録している。"
      }
    },
    {
      "type": "Feature",
      "geometry": {
        "type": "Polygon",
        "coordinates": [
          [
            [
              144.505899,
              43.7219062
            ],
            [
              144.506027,
              43.7219125
            ],
            [
              144.5060312,
              43.7218686
            ],
            [
              144.5059031,
              43.7218623
            ],
            [
              144.505899,
              43.7219062
            ]
          ]
        ]
      },
      "properties": {
        "id": "BLDG_OSM_654479085",
        "name": null,
        "structure_type": "town_building",
        "osm_building": "yes",
        "area_m2": 50,
        "eave_height_m": 2.6,
        "ridge_height_m": 4,
        "roof_colour": "#2f5a7a",
        "roof_shape": "gable",
        "confidence": "B",
        "evidence_type": "public_gis",
        "historical_status": "plausible",
        "source_ids": [
          "SRC_OSM_OVERPASS"
        ],
        "detail_confidence": {
          "footprint": "B (public_gis — OSM way 654479085)",
          "eave_ridge_height": "C (inference — banded from footprint area; OSM carries no height here)",
          "roof_colour": "C (inference — palette from photograph 003, assigned by a hash of the OSM id)",
          "roof_shape": "C (inference — a gable along the footprint's long axis)"
        },
        "note": "scripts/import-osm-town.mjs による取り込み。外形はOSM(public_gis)だが、高さ・屋根形状・屋根色はOSMに情報がないため推定であり、detail_confidence に C として記録している。"
      }
    },
    {
      "type": "Feature",
      "geometry": {
        "type": "Polygon",
        "coordinates": [
          [
            [
              144.5067506,
              43.7204819
            ],
            [
              144.5067425,
              43.7205515
            ],
            [
              144.5069196,
              43.7205622
            ],
            [
              144.5069276,
              43.7204926
            ],
            [
              144.5067506,
              43.7204819
            ]
          ]
        ]
      },
      "properties": {
        "id": "BLDG_OSM_654479086",
        "name": null,
        "structure_type": "town_building",
        "osm_building": "yes",
        "area_m2": 110,
        "eave_height_m": 3,
        "ridge_height_m": 5,
        "roof_colour": "#8c3a32",
        "roof_shape": "gable",
        "confidence": "B",
        "evidence_type": "public_gis",
        "historical_status": "plausible",
        "source_ids": [
          "SRC_OSM_OVERPASS"
        ],
        "detail_confidence": {
          "footprint": "B (public_gis — OSM way 654479086)",
          "eave_ridge_height": "C (inference — banded from footprint area; OSM carries no height here)",
          "roof_colour": "C (inference — palette from photograph 003, assigned by a hash of the OSM id)",
          "roof_shape": "C (inference — a gable along the footprint's long axis)"
        },
        "note": "scripts/import-osm-town.mjs による取り込み。外形はOSM(public_gis)だが、高さ・屋根形状・屋根色はOSMに情報がないため推定であり、detail_confidence に C として記録している。"
      }
    },
    {
      "type": "Feature",
      "geometry": {
        "type": "Polygon",
        "coordinates": [
          [
            [
              144.5066822,
              43.720891
            ],
            [
              144.5069718,
              43.7209113
            ],
            [
              144.506985,
              43.7208132
            ],
            [
              144.5067814,
              43.7207989
            ],
            [
              144.5067882,
              43.7207487
            ],
            [
              144.5067021,
              43.7207426
            ],
            [
              144.5066822,
              43.720891
            ]
          ]
        ]
      },
      "properties": {
        "id": "BLDG_OSM_654479087",
        "name": null,
        "structure_type": "town_building",
        "osm_building": "yes",
        "area_m2": 294,
        "eave_height_m": 3.6,
        "ridge_height_m": 6,
        "roof_colour": "#8a6a3a",
        "roof_shape": "gable",
        "confidence": "B",
        "evidence_type": "public_gis",
        "historical_status": "plausible",
        "source_ids": [
          "SRC_OSM_OVERPASS"
        ],
        "detail_confidence": {
          "footprint": "B (public_gis — OSM way 654479087)",
          "eave_ridge_height": "C (inference — banded from footprint area; OSM carries no height here)",
          "roof_colour": "C (inference — palette from photograph 003, assigned by a hash of the OSM id)",
          "roof_shape": "C (inference — a gable along the footprint's long axis)"
        },
        "note": "scripts/import-osm-town.mjs による取り込み。外形はOSM(public_gis)だが、高さ・屋根形状・屋根色はOSMに情報がないため推定であり、detail_confidence に C として記録している。"
      }
    },
    {
      "type": "Feature",
      "geometry": {
        "type": "Polygon",
        "coordinates": [
          [
            [
              144.506253,
              43.7207543
            ],
            [
              144.5062436,
              43.7208427
            ],
            [
              144.5064702,
              43.7208553
            ],
            [
              144.5064796,
              43.7207669
            ],
            [
              144.506253,
              43.7207543
            ]
          ]
        ]
      },
      "properties": {
        "id": "BLDG_OSM_654479088",
        "name": null,
        "structure_type": "town_building",
        "osm_building": "yes",
        "area_m2": 179,
        "eave_height_m": 3.6,
        "ridge_height_m": 6,
        "roof_colour": "#6b6f74",
        "roof_shape": "gable",
        "confidence": "B",
        "evidence_type": "public_gis",
        "historical_status": "plausible",
        "source_ids": [
          "SRC_OSM_OVERPASS"
        ],
        "detail_confidence": {
          "footprint": "B (public_gis — OSM way 654479088)",
          "eave_ridge_height": "C (inference — banded from footprint area; OSM carries no height here)",
          "roof_colour": "C (inference — palette from photograph 003, assigned by a hash of the OSM id)",
          "roof_shape": "C (inference — a gable along the footprint's long axis)"
        },
        "note": "scripts/import-osm-town.mjs による取り込み。外形はOSM(public_gis)だが、高さ・屋根形状・屋根色はOSMに情報がないため推定であり、detail_confidence に C として記録している。"
      }
    },
    {
      "type": "Feature",
      "geometry": {
        "type": "Polygon",
        "coordinates": [
          [
            [
              144.5060864,
              43.7207966
            ],
            [
              144.5062292,
              43.720805
            ],
            [
              144.506248,
              43.7206383
            ],
            [
              144.5061051,
              43.7206299
            ],
            [
              144.5060864,
              43.7207966
            ]
          ]
        ]
      },
      "properties": {
        "id": "BLDG_OSM_654479089",
        "name": null,
        "structure_type": "town_building",
        "osm_building": "warehouse",
        "area_m2": 213,
        "eave_height_m": 3.6,
        "ridge_height_m": 6,
        "roof_colour": "#2f6146",
        "roof_shape": "gable",
        "confidence": "B",
        "evidence_type": "public_gis",
        "historical_status": "plausible",
        "source_ids": [
          "SRC_OSM_OVERPASS"
        ],
        "detail_confidence": {
          "footprint": "B (public_gis — OSM way 654479089)",
          "eave_ridge_height": "C (inference — banded from footprint area; OSM carries no height here)",
          "roof_colour": "C (inference — palette from photograph 003, assigned by a hash of the OSM id)",
          "roof_shape": "C (inference — a gable along the footprint's long axis)"
        },
        "note": "scripts/import-osm-town.mjs による取り込み。外形はOSM(public_gis)だが、高さ・屋根形状・屋根色はOSMに情報がないため推定であり、detail_confidence に C として記録している。"
      }
    },
    {
      "type": "Feature",
      "geometry": {
        "type": "Polygon",
        "coordinates": [
          [
            [
              144.5059204,
              43.7207863
            ],
            [
              144.5060633,
              43.7207947
            ],
            [
              144.506082,
              43.720628
            ],
            [
              144.5059392,
              43.7206196
            ],
            [
              144.5059204,
              43.7207863
            ]
          ]
        ]
      },
      "properties": {
        "id": "BLDG_OSM_654479090",
        "name": null,
        "structure_type": "town_building",
        "osm_building": "warehouse",
        "area_m2": 213,
        "eave_height_m": 3.6,
        "ridge_height_m": 6,
        "roof_colour": "#8c3a32",
        "roof_shape": "gable",
        "confidence": "B",
        "evidence_type": "public_gis",
        "historical_status": "plausible",
        "source_ids": [
          "SRC_OSM_OVERPASS"
        ],
        "detail_confidence": {
          "footprint": "B (public_gis — OSM way 654479090)",
          "eave_ridge_height": "C (inference — banded from footprint area; OSM carries no height here)",
          "roof_colour": "C (inference — palette from photograph 003, assigned by a hash of the OSM id)",
          "roof_shape": "C (inference — a gable along the footprint's long axis)"
        },
        "note": "scripts/import-osm-town.mjs による取り込み。外形はOSM(public_gis)だが、高さ・屋根形状・屋根色はOSMに情報がないため推定であり、detail_confidence に C として記録している。"
      }
    },
    {
      "type": "Feature",
      "geometry": {
        "type": "Polygon",
        "coordinates": [
          [
            [
              144.5058131,
              43.7213979
            ],
            [
              144.5058719,
              43.7214002
            ],
            [
              144.5058759,
              43.7213469
            ],
            [
              144.5058171,
              43.7213446
            ],
            [
              144.5058131,
              43.7213979
            ]
          ]
        ]
      },
      "properties": {
        "id": "BLDG_OSM_654479091",
        "name": null,
        "structure_type": "town_building",
        "osm_building": "yes",
        "area_m2": 28,
        "eave_height_m": 2.2,
        "ridge_height_m": 3.1,
        "roof_colour": "#2f5a7a",
        "roof_shape": "gable",
        "confidence": "B",
        "evidence_type": "public_gis",
        "historical_status": "plausible",
        "source_ids": [
          "SRC_OSM_OVERPASS"
        ],
        "detail_confidence": {
          "footprint": "B (public_gis — OSM way 654479091)",
          "eave_ridge_height": "C (inference — banded from footprint area; OSM carries no height here)",
          "roof_colour": "C (inference — palette from photograph 003, assigned by a hash of the OSM id)",
          "roof_shape": "C (inference — a gable along the footprint's long axis)"
        },
        "note": "scripts/import-osm-town.mjs による取り込み。外形はOSM(public_gis)だが、高さ・屋根形状・屋根色はOSMに情報がないため推定であり、detail_confidence に C として記録している。"
      }
    },
    {
      "type": "Feature",
      "geometry": {
        "type": "Polygon",
        "coordinates": [
          [
            [
              144.5061135,
              43.721424
            ],
            [
              144.5061227,
              43.7213448
            ],
            [
              144.505947,
              43.7213341
            ],
            [
              144.5059378,
              43.7214134
            ],
            [
              144.5061135,
              43.721424
            ]
          ]
        ]
      },
      "properties": {
        "id": "BLDG_OSM_654479092",
        "name": null,
        "structure_type": "town_building",
        "osm_building": "yes",
        "area_m2": 125,
        "eave_height_m": 3,
        "ridge_height_m": 5,
        "roof_colour": "#2f6146",
        "roof_shape": "gable",
        "confidence": "B",
        "evidence_type": "public_gis",
        "historical_status": "plausible",
        "source_ids": [
          "SRC_OSM_OVERPASS"
        ],
        "detail_confidence": {
          "footprint": "B (public_gis — OSM way 654479092)",
          "eave_ridge_height": "C (inference — banded from footprint area; OSM carries no height here)",
          "roof_colour": "C (inference — palette from photograph 003, assigned by a hash of the OSM id)",
          "roof_shape": "C (inference — a gable along the footprint's long axis)"
        },
        "note": "scripts/import-osm-town.mjs による取り込み。外形はOSM(public_gis)だが、高さ・屋根形状・屋根色はOSMに情報がないため推定であり、detail_confidence に C として記録している。"
      }
    },
    {
      "type": "Feature",
      "geometry": {
        "type": "Polygon",
        "coordinates": [
          [
            [
              144.5065427,
              43.7205391
            ],
            [
              144.5065896,
              43.7201437
            ],
            [
              144.5064972,
              43.720138
            ],
            [
              144.5064503,
              43.7205334
            ],
            [
              144.5065427,
              43.7205391
            ]
          ]
        ]
      },
      "properties": {
        "id": "BLDG_OSM_654479094",
        "name": null,
        "structure_type": "town_building",
        "osm_building": "greenhouse",
        "area_m2": 327,
        "eave_height_m": 2.4,
        "ridge_height_m": 3.2,
        "roof_colour": "#2f5a7a",
        "roof_shape": "gable",
        "confidence": "B",
        "evidence_type": "public_gis",
        "historical_status": "plausible",
        "source_ids": [
          "SRC_OSM_OVERPASS"
        ],
        "detail_confidence": {
          "footprint": "B (public_gis — OSM way 654479094)",
          "eave_ridge_height": "C (inference — banded from footprint area; OSM carries no height here)",
          "roof_colour": "C (inference — palette from photograph 003, assigned by a hash of the OSM id)",
          "roof_shape": "C (inference — a gable along the footprint's long axis)"
        },
        "note": "scripts/import-osm-town.mjs による取り込み。外形はOSM(public_gis)だが、高さ・屋根形状・屋根色はOSMに情報がないため推定であり、detail_confidence に C として記録している。"
      }
    },
    {
      "type": "Feature",
      "geometry": {
        "type": "Polygon",
        "coordinates": [
          [
            [
              144.5057876,
              43.7207659
            ],
            [
              144.5058212,
              43.7205353
            ],
            [
              144.5057514,
              43.72053
            ],
            [
              144.5057178,
              43.7207606
            ],
            [
              144.5057876,
              43.7207659
            ]
          ]
        ]
      },
      "properties": {
        "id": "BLDG_OSM_654479095",
        "name": null,
        "structure_type": "town_building",
        "osm_building": "greenhouse",
        "area_m2": 145,
        "eave_height_m": 2.4,
        "ridge_height_m": 3.2,
        "roof_colour": "#2f6146",
        "roof_shape": "gable",
        "confidence": "B",
        "evidence_type": "public_gis",
        "historical_status": "plausible",
        "source_ids": [
          "SRC_OSM_OVERPASS"
        ],
        "detail_confidence": {
          "footprint": "B (public_gis — OSM way 654479095)",
          "eave_ridge_height": "C (inference — banded from footprint area; OSM carries no height here)",
          "roof_colour": "C (inference — palette from photograph 003, assigned by a hash of the OSM id)",
          "roof_shape": "C (inference — a gable along the footprint's long axis)"
        },
        "note": "scripts/import-osm-town.mjs による取り込み。外形はOSM(public_gis)だが、高さ・屋根形状・屋根色はOSMに情報がないため推定であり、detail_confidence に C として記録している。"
      }
    },
    {
      "type": "Feature",
      "geometry": {
        "type": "Polygon",
        "coordinates": [
          [
            [
              144.5049709,
              43.7209375
            ],
            [
              144.5051292,
              43.7209472
            ],
            [
              144.5051373,
              43.720878
            ],
            [
              144.504979,
              43.7208683
            ],
            [
              144.5049709,
              43.7209375
            ]
          ]
        ]
      },
      "properties": {
        "id": "BLDG_OSM_654479096",
        "name": null,
        "structure_type": "town_building",
        "osm_building": "yes",
        "area_m2": 98,
        "eave_height_m": 3,
        "ridge_height_m": 5,
        "roof_colour": "#6b6f74",
        "roof_shape": "gable",
        "confidence": "B",
        "evidence_type": "public_gis",
        "historical_status": "plausible",
        "source_ids": [
          "SRC_OSM_OVERPASS"
        ],
        "detail_confidence": {
          "footprint": "B (public_gis — OSM way 654479096)",
          "eave_ridge_height": "C (inference — banded from footprint area; OSM carries no height here)",
          "roof_colour": "C (inference — palette from photograph 003, assigned by a hash of the OSM id)",
          "roof_shape": "C (inference — a gable along the footprint's long axis)"
        },
        "note": "scripts/import-osm-town.mjs による取り込み。外形はOSM(public_gis)だが、高さ・屋根形状・屋根色はOSMに情報がないため推定であり、detail_confidence に C として記録している。"
      }
    },
    {
      "type": "Feature",
      "geometry": {
        "type": "Polygon",
        "coordinates": [
          [
            [
              144.5052297,
              43.7206448
            ],
            [
              144.5052955,
              43.7206506
            ],
            [
              144.5053018,
              43.7206131
            ],
            [
              144.5052361,
              43.7206073
            ],
            [
              144.5052297,
              43.7206448
            ]
          ]
        ]
      },
      "properties": {
        "id": "BLDG_OSM_654479097",
        "name": null,
        "structure_type": "town_building",
        "osm_building": "yes",
        "area_m2": 22,
        "eave_height_m": 2.2,
        "ridge_height_m": 3.1,
        "roof_colour": "#8a6a3a",
        "roof_shape": "gable",
        "confidence": "B",
        "evidence_type": "public_gis",
        "historical_status": "plausible",
        "source_ids": [
          "SRC_OSM_OVERPASS"
        ],
        "detail_confidence": {
          "footprint": "B (public_gis — OSM way 654479097)",
          "eave_ridge_height": "C (inference — banded from footprint area; OSM carries no height here)",
          "roof_colour": "C (inference — palette from photograph 003, assigned by a hash of the OSM id)",
          "roof_shape": "C (inference — a gable along the footprint's long axis)"
        },
        "note": "scripts/import-osm-town.mjs による取り込み。外形はOSM(public_gis)だが、高さ・屋根形状・屋根色はOSMに情報がないため推定であり、detail_confidence に C として記録している。"
      }
    },
    {
      "type": "Feature",
      "geometry": {
        "type": "Polygon",
        "coordinates": [
          [
            [
              144.5053404,
              43.7205627
            ],
            [
              144.5054233,
              43.720568
            ],
            [
              144.5054287,
              43.7205245
            ],
            [
              144.5053458,
              43.7205191
            ],
            [
              144.5053404,
              43.7205627
            ]
          ]
        ]
      },
      "properties": {
        "id": "BLDG_OSM_654479098",
        "name": null,
        "structure_type": "town_building",
        "osm_building": "yes",
        "area_m2": 32,
        "eave_height_m": 2.6,
        "ridge_height_m": 4,
        "roof_colour": "#2f6146",
        "roof_shape": "gable",
        "confidence": "B",
        "evidence_type": "public_gis",
        "historical_status": "plausible",
        "source_ids": [
          "SRC_OSM_OVERPASS"
        ],
        "detail_confidence": {
          "footprint": "B (public_gis — OSM way 654479098)",
          "eave_ridge_height": "C (inference — banded from footprint area; OSM carries no height here)",
          "roof_colour": "C (inference — palette from photograph 003, assigned by a hash of the OSM id)",
          "roof_shape": "C (inference — a gable along the footprint's long axis)"
        },
        "note": "scripts/import-osm-town.mjs による取り込み。外形はOSM(public_gis)だが、高さ・屋根形状・屋根色はOSMに情報がないため推定であり、detail_confidence に C として記録している。"
      }
    },
    {
      "type": "Feature",
      "geometry": {
        "type": "Polygon",
        "coordinates": [
          [
            [
              144.5052271,
              43.7205488
            ],
            [
              144.505325,
              43.7205566
            ],
            [
              144.5053305,
              43.7205199
            ],
            [
              144.5052326,
              43.7205121
            ],
            [
              144.5052271,
              43.7205488
            ]
          ]
        ]
      },
      "properties": {
        "id": "BLDG_OSM_654479100",
        "name": null,
        "structure_type": "town_building",
        "osm_building": "yes",
        "area_m2": 32,
        "eave_height_m": 2.6,
        "ridge_height_m": 4,
        "roof_colour": "#8a6a3a",
        "roof_shape": "gable",
        "confidence": "B",
        "evidence_type": "public_gis",
        "historical_status": "plausible",
        "source_ids": [
          "SRC_OSM_OVERPASS"
        ],
        "detail_confidence": {
          "footprint": "B (public_gis — OSM way 654479100)",
          "eave_ridge_height": "C (inference — banded from footprint area; OSM carries no height here)",
          "roof_colour": "C (inference — palette from photograph 003, assigned by a hash of the OSM id)",
          "roof_shape": "C (inference — a gable along the footprint's long axis)"
        },
        "note": "scripts/import-osm-town.mjs による取り込み。外形はOSM(public_gis)だが、高さ・屋根形状・屋根色はOSMに情報がないため推定であり、detail_confidence に C として記録している。"
      }
    },
    {
      "type": "Feature",
      "geometry": {
        "type": "Polygon",
        "coordinates": [
          [
            [
              144.505046,
              43.7207165
            ],
            [
              144.5050889,
              43.720544
            ],
            [
              144.5049677,
              43.7205282
            ],
            [
              144.5049248,
              43.7207008
            ],
            [
              144.505046,
              43.7207165
            ]
          ]
        ]
      },
      "properties": {
        "id": "BLDG_OSM_654479102",
        "name": null,
        "structure_type": "town_building",
        "osm_building": "yes",
        "area_m2": 192,
        "eave_height_m": 3.6,
        "ridge_height_m": 6,
        "roof_colour": "#2f6146",
        "roof_shape": "gable",
        "confidence": "B",
        "evidence_type": "public_gis",
        "historical_status": "plausible",
        "source_ids": [
          "SRC_OSM_OVERPASS"
        ],
        "detail_confidence": {
          "footprint": "B (public_gis — OSM way 654479102)",
          "eave_ridge_height": "C (inference — banded from footprint area; OSM carries no height here)",
          "roof_colour": "C (inference — palette from photograph 003, assigned by a hash of the OSM id)",
          "roof_shape": "C (inference — a gable along the footprint's long axis)"
        },
        "note": "scripts/import-osm-town.mjs による取り込み。外形はOSM(public_gis)だが、高さ・屋根形状・屋根色はOSMに情報がないため推定であり、detail_confidence に C として記録している。"
      }
    },
    {
      "type": "Feature",
      "geometry": {
        "type": "Polygon",
        "coordinates": [
          [
            [
              144.5052405,
              43.7204868
            ],
            [
              144.5054819,
              43.7205042
            ],
            [
              144.5054958,
              43.7204035
            ],
            [
              144.5052544,
              43.720386
            ],
            [
              144.5052405,
              43.7204868
            ]
          ]
        ]
      },
      "properties": {
        "id": "BLDG_OSM_654479104",
        "name": null,
        "structure_type": "town_building",
        "osm_building": "yes",
        "area_m2": 219,
        "eave_height_m": 3.6,
        "ridge_height_m": 6,
        "roof_colour": "#8c3a32",
        "roof_shape": "gable",
        "confidence": "B",
        "evidence_type": "public_gis",
        "historical_status": "plausible",
        "source_ids": [
          "SRC_OSM_OVERPASS"
        ],
        "detail_confidence": {
          "footprint": "B (public_gis — OSM way 654479104)",
          "eave_ridge_height": "C (inference — banded from footprint area; OSM carries no height here)",
          "roof_colour": "C (inference — palette from photograph 003, assigned by a hash of the OSM id)",
          "roof_shape": "C (inference — a gable along the footprint's long axis)"
        },
        "note": "scripts/import-osm-town.mjs による取り込み。外形はOSM(public_gis)だが、高さ・屋根形状・屋根色はOSMに情報がないため推定であり、detail_confidence に C として記録している。"
      }
    },
    {
      "type": "Feature",
      "geometry": {
        "type": "Polygon",
        "coordinates": [
          [
            [
              144.5059861,
              43.7203424
            ],
            [
              144.5060778,
              43.7203453
            ],
            [
              144.5060812,
              43.72029
            ],
            [
              144.5059895,
              43.7202871
            ],
            [
              144.5059861,
              43.7203424
            ]
          ]
        ]
      },
      "properties": {
        "id": "BLDG_OSM_654479106",
        "name": null,
        "structure_type": "town_building",
        "osm_building": "yes",
        "area_m2": 45,
        "eave_height_m": 2.6,
        "ridge_height_m": 4,
        "roof_colour": "#6b6f74",
        "roof_shape": "gable",
        "confidence": "B",
        "evidence_type": "public_gis",
        "historical_status": "plausible",
        "source_ids": [
          "SRC_OSM_OVERPASS"
        ],
        "detail_confidence": {
          "footprint": "B (public_gis — OSM way 654479106)",
          "eave_ridge_height": "C (inference — banded from footprint area; OSM carries no height here)",
          "roof_colour": "C (inference — palette from photograph 003, assigned by a hash of the OSM id)",
          "roof_shape": "C (inference — a gable along the footprint's long axis)"
        },
        "note": "scripts/import-osm-town.mjs による取り込み。外形はOSM(public_gis)だが、高さ・屋根形状・屋根色はOSMに情報がないため推定であり、detail_confidence に C として記録している。"
      }
    },
    {
      "type": "Feature",
      "geometry": {
        "type": "Polygon",
        "coordinates": [
          [
            [
              144.5058869,
              43.7203254
            ],
            [
              144.5058896,
              43.7202736
            ],
            [
              144.5058219,
              43.7202717
            ],
            [
              144.5058192,
              43.7203236
            ],
            [
              144.5058869,
              43.7203254
            ]
          ]
        ]
      },
      "properties": {
        "id": "BLDG_OSM_654479107",
        "name": null,
        "structure_type": "town_building",
        "osm_building": "yes",
        "area_m2": 31,
        "eave_height_m": 2.6,
        "ridge_height_m": 4,
        "roof_colour": "#8a6a3a",
        "roof_shape": "gable",
        "confidence": "B",
        "evidence_type": "public_gis",
        "historical_status": "plausible",
        "source_ids": [
          "SRC_OSM_OVERPASS"
        ],
        "detail_confidence": {
          "footprint": "B (public_gis — OSM way 654479107)",
          "eave_ridge_height": "C (inference — banded from footprint area; OSM carries no height here)",
          "roof_colour": "C (inference — palette from photograph 003, assigned by a hash of the OSM id)",
          "roof_shape": "C (inference — a gable along the footprint's long axis)"
        },
        "note": "scripts/import-osm-town.mjs による取り込み。外形はOSM(public_gis)だが、高さ・屋根形状・屋根色はOSMに情報がないため推定であり、detail_confidence に C として記録している。"
      }
    },
    {
      "type": "Feature",
      "geometry": {
        "type": "Polygon",
        "coordinates": [
          [
            [
              144.5054403,
              43.7201718
            ],
            [
              144.505504,
              43.7201732
            ],
            [
              144.5055054,
              43.7201402
            ],
            [
              144.5054417,
              43.7201387
            ],
            [
              144.5054403,
              43.7201718
            ]
          ]
        ]
      },
      "properties": {
        "id": "BLDG_OSM_654479108",
        "name": null,
        "structure_type": "town_building",
        "osm_building": "yes",
        "area_m2": 19,
        "eave_height_m": 2.2,
        "ridge_height_m": 3.1,
        "roof_colour": "#2f5a7a",
        "roof_shape": "gable",
        "confidence": "B",
        "evidence_type": "public_gis",
        "historical_status": "plausible",
        "source_ids": [
          "SRC_OSM_OVERPASS"
        ],
        "detail_confidence": {
          "footprint": "B (public_gis — OSM way 654479108)",
          "eave_ridge_height": "C (inference — banded from footprint area; OSM carries no height here)",
          "roof_colour": "C (inference — palette from photograph 003, assigned by a hash of the OSM id)",
          "roof_shape": "C (inference — a gable along the footprint's long axis)"
        },
        "note": "scripts/import-osm-town.mjs による取り込み。外形はOSM(public_gis)だが、高さ・屋根形状・屋根色はOSMに情報がないため推定であり、detail_confidence に C として記録している。"
      }
    },
    {
      "type": "Feature",
      "geometry": {
        "type": "Polygon",
        "coordinates": [
          [
            [
              144.5057501,
              43.7202154
            ],
            [
              144.5057501,
              43.7202459
            ],
            [
              144.5058527,
              43.7202459
            ],
            [
              144.5058527,
              43.7201858
            ],
            [
              144.5057501,
              43.7201858
            ],
            [
              144.5057501,
              43.7201713
            ],
            [
              144.5056951,
              43.7201713
            ],
            [
              144.5056951,
              43.7201219
            ],
            [
              144.5056153,
              43.7201219
            ],
            [
              144.5056153,
              43.7201931
            ],
            [
              144.5056951,
              43.7201931
            ],
            [
              144.5056951,
              43.7202154
            ],
            [
              144.5057501,
              43.7202154
            ]
          ]
        ]
      },
      "properties": {
        "id": "BLDG_OSM_654479109",
        "name": null,
        "structure_type": "town_building",
        "osm_building": "yes",
        "area_m2": 127,
        "eave_height_m": 3,
        "ridge_height_m": 5,
        "roof_colour": "#2f6146",
        "roof_shape": "flat",
        "confidence": "B",
        "evidence_type": "public_gis",
        "historical_status": "plausible",
        "source_ids": [
          "SRC_OSM_OVERPASS"
        ],
        "detail_confidence": {
          "footprint": "B (public_gis — OSM way 654479109)",
          "eave_ridge_height": "C (inference — banded from footprint area; OSM carries no height here)",
          "roof_colour": "C (inference — palette from photograph 003, assigned by a hash of the OSM id)",
          "roof_shape": "C (inference — a gable along the footprint's long axis)"
        },
        "note": "scripts/import-osm-town.mjs による取り込み。外形はOSM(public_gis)だが、高さ・屋根形状・屋根色はOSMに情報がないため推定であり、detail_confidence に C として記録している。"
      }
    },
    {
      "type": "Feature",
      "geometry": {
        "type": "Polygon",
        "coordinates": [
          [
            [
              144.5059164,
              43.7200923
            ],
            [
              144.505917,
              43.7200274
            ],
            [
              144.5058178,
              43.7200269
            ],
            [
              144.5058171,
              43.7200918
            ],
            [
              144.5059164,
              43.7200923
            ]
          ]
        ]
      },
      "properties": {
        "id": "BLDG_OSM_654479110",
        "name": null,
        "structure_type": "town_building",
        "osm_building": "yes",
        "area_m2": 57,
        "eave_height_m": 2.6,
        "ridge_height_m": 4,
        "roof_colour": "#6b6f74",
        "roof_shape": "gable",
        "confidence": "B",
        "evidence_type": "public_gis",
        "historical_status": "plausible",
        "source_ids": [
          "SRC_OSM_OVERPASS"
        ],
        "detail_confidence": {
          "footprint": "B (public_gis — OSM way 654479110)",
          "eave_ridge_height": "C (inference — banded from footprint area; OSM carries no height here)",
          "roof_colour": "C (inference — palette from photograph 003, assigned by a hash of the OSM id)",
          "roof_shape": "C (inference — a gable along the footprint's long axis)"
        },
        "note": "scripts/import-osm-town.mjs による取り込み。外形はOSM(public_gis)だが、高さ・屋根形状・屋根色はOSMに情報がないため推定であり、detail_confidence に C として記録している。"
      }
    },
    {
      "type": "Feature",
      "geometry": {
        "type": "Polygon",
        "coordinates": [
          [
            [
              144.5060964,
              43.7202445
            ],
            [
              144.5060974,
              43.7202009
            ],
            [
              144.5061486,
              43.7202015
            ],
            [
              144.5061496,
              43.7201628
            ],
            [
              144.5060197,
              43.7201611
            ],
            [
              144.506017,
              43.7202726
            ],
            [
              144.5060957,
              43.7202736
            ],
            [
              144.5060952,
              43.7202933
            ],
            [
              144.506143,
              43.7202939
            ],
            [
              144.5061442,
              43.7202451
            ],
            [
              144.5060964,
              43.7202445
            ]
          ]
        ]
      },
      "properties": {
        "id": "BLDG_OSM_654479111",
        "name": null,
        "structure_type": "town_building",
        "osm_building": "yes",
        "area_m2": 116,
        "eave_height_m": 3,
        "ridge_height_m": 5,
        "roof_colour": "#2f6146",
        "roof_shape": "flat",
        "confidence": "B",
        "evidence_type": "public_gis",
        "historical_status": "plausible",
        "source_ids": [
          "SRC_OSM_OVERPASS"
        ],
        "detail_confidence": {
          "footprint": "B (public_gis — OSM way 654479111)",
          "eave_ridge_height": "C (inference — banded from footprint area; OSM carries no height here)",
          "roof_colour": "C (inference — palette from photograph 003, assigned by a hash of the OSM id)",
          "roof_shape": "C (inference — a gable along the footprint's long axis)"
        },
        "note": "scripts/import-osm-town.mjs による取り込み。外形はOSM(public_gis)だが、高さ・屋根形状・屋根色はOSMに情報がないため推定であり、detail_confidence に C として記録している。"
      }
    },
    {
      "type": "Feature",
      "geometry": {
        "type": "Polygon",
        "coordinates": [
          [
            [
              144.5060827,
              43.7201146
            ],
            [
              144.5062718,
              43.7201272
            ],
            [
              144.5062793,
              43.7200684
            ],
            [
              144.5060902,
              43.7200558
            ],
            [
              144.5060827,
              43.7201146
            ]
          ]
        ]
      },
      "properties": {
        "id": "BLDG_OSM_654479112",
        "name": null,
        "structure_type": "town_building",
        "osm_building": "yes",
        "area_m2": 100,
        "eave_height_m": 3,
        "ridge_height_m": 5,
        "roof_colour": "#8c3a32",
        "roof_shape": "gable",
        "confidence": "B",
        "evidence_type": "public_gis",
        "historical_status": "plausible",
        "source_ids": [
          "SRC_OSM_OVERPASS"
        ],
        "detail_confidence": {
          "footprint": "B (public_gis — OSM way 654479112)",
          "eave_ridge_height": "C (inference — banded from footprint area; OSM carries no height here)",
          "roof_colour": "C (inference — palette from photograph 003, assigned by a hash of the OSM id)",
          "roof_shape": "C (inference — a gable along the footprint's long axis)"
        },
        "note": "scripts/import-osm-town.mjs による取り込み。外形はOSM(public_gis)だが、高さ・屋根形状・屋根色はOSMに情報がないため推定であり、detail_confidence に C として記録している。"
      }
    },
    {
      "type": "Feature",
      "geometry": {
        "type": "Polygon",
        "coordinates": [
          [
            [
              144.506485,
              43.7200758
            ],
            [
              144.5066205,
              43.7200817
            ],
            [
              144.5066265,
              43.7200078
            ],
            [
              144.5064911,
              43.720002
            ],
            [
              144.506485,
              43.7200758
            ]
          ]
        ]
      },
      "properties": {
        "id": "BLDG_OSM_654479113",
        "name": null,
        "structure_type": "town_building",
        "osm_building": "yes",
        "area_m2": 89,
        "eave_height_m": 3,
        "ridge_height_m": 5,
        "roof_colour": "#8a6a3a",
        "roof_shape": "gable",
        "confidence": "B",
        "evidence_type": "public_gis",
        "historical_status": "plausible",
        "source_ids": [
          "SRC_OSM_OVERPASS"
        ],
        "detail_confidence": {
          "footprint": "B (public_gis — OSM way 654479113)",
          "eave_ridge_height": "C (inference — banded from footprint area; OSM carries no height here)",
          "roof_colour": "C (inference — palette from photograph 003, assigned by a hash of the OSM id)",
          "roof_shape": "C (inference — a gable along the footprint's long axis)"
        },
        "note": "scripts/import-osm-town.mjs による取り込み。外形はOSM(public_gis)だが、高さ・屋根形状・屋根色はOSMに情報がないため推定であり、detail_confidence に C として記録している。"
      }
    },
    {
      "type": "Feature",
      "geometry": {
        "type": "Polygon",
        "coordinates": [
          [
            [
              144.5066872,
              43.7196265
            ],
            [
              144.5067038,
              43.7196268
            ],
            [
              144.506705,
              43.7195936
            ],
            [
              144.5066398,
              43.7195924
            ],
            [
              144.5066388,
              43.7196179
            ],
            [
              144.5065947,
              43.7196171
            ],
            [
              144.5065936,
              43.7196465
            ],
            [
              144.5066865,
              43.7196482
            ],
            [
              144.5066872,
              43.7196265
            ]
          ]
        ]
      },
      "properties": {
        "id": "BLDG_OSM_654479114",
        "name": null,
        "structure_type": "town_building",
        "osm_building": "yes",
        "area_m2": 40,
        "eave_height_m": 2.6,
        "ridge_height_m": 4,
        "roof_colour": "#2f6146",
        "roof_shape": "flat",
        "confidence": "B",
        "evidence_type": "public_gis",
        "historical_status": "plausible",
        "source_ids": [
          "SRC_OSM_OVERPASS"
        ],
        "detail_confidence": {
          "footprint": "B (public_gis — OSM way 654479114)",
          "eave_ridge_height": "C (inference — banded from footprint area; OSM carries no height here)",
          "roof_colour": "C (inference — palette from photograph 003, assigned by a hash of the OSM id)",
          "roof_shape": "C (inference — a gable along the footprint's long axis)"
        },
        "note": "scripts/import-osm-town.mjs による取り込み。外形はOSM(public_gis)だが、高さ・屋根形状・屋根色はOSMに情報がないため推定であり、detail_confidence に C として記録している。"
      }
    },
    {
      "type": "Feature",
      "geometry": {
        "type": "Polygon",
        "coordinates": [
          [
            [
              144.506593,
              43.7195558
            ],
            [
              144.5067155,
              43.7195581
            ],
            [
              144.5067184,
              43.7194797
            ],
            [
              144.5065958,
              43.7194774
            ],
            [
              144.506593,
              43.7195558
            ]
          ]
        ]
      },
      "properties": {
        "id": "BLDG_OSM_654479115",
        "name": null,
        "structure_type": "town_building",
        "osm_building": "yes",
        "area_m2": 86,
        "eave_height_m": 3,
        "ridge_height_m": 5,
        "roof_colour": "#2f5a7a",
        "roof_shape": "gable",
        "confidence": "B",
        "evidence_type": "public_gis",
        "historical_status": "plausible",
        "source_ids": [
          "SRC_OSM_OVERPASS"
        ],
        "detail_confidence": {
          "footprint": "B (public_gis — OSM way 654479115)",
          "eave_ridge_height": "C (inference — banded from footprint area; OSM carries no height here)",
          "roof_colour": "C (inference — palette from photograph 003, assigned by a hash of the OSM id)",
          "roof_shape": "C (inference — a gable along the footprint's long axis)"
        },
        "note": "scripts/import-osm-town.mjs による取り込み。外形はOSM(public_gis)だが、高さ・屋根形状・屋根色はOSMに情報がないため推定であり、detail_confidence に C として記録している。"
      }
    },
    {
      "type": "Feature",
      "geometry": {
        "type": "Polygon",
        "coordinates": [
          [
            [
              144.5056533,
              43.7192289
            ],
            [
              144.5057249,
              43.7192302
            ],
            [
              144.5057273,
              43.7191647
            ],
            [
              144.5056247,
              43.7191628
            ],
            [
              144.5056233,
              43.7192024
            ],
            [
              144.5055403,
              43.7192009
            ],
            [
              144.5055389,
              43.7192399
            ],
            [
              144.5056528,
              43.719242
            ],
            [
              144.5056533,
              43.7192289
            ]
          ]
        ]
      },
      "properties": {
        "id": "BLDG_OSM_654479116",
        "name": null,
        "structure_type": "town_building",
        "osm_building": "yes",
        "area_m2": 92,
        "eave_height_m": 3,
        "ridge_height_m": 5,
        "roof_colour": "#8a6a3a",
        "roof_shape": "flat",
        "confidence": "B",
        "evidence_type": "public_gis",
        "historical_status": "plausible",
        "source_ids": [
          "SRC_OSM_OVERPASS"
        ],
        "detail_confidence": {
          "footprint": "B (public_gis — OSM way 654479116)",
          "eave_ridge_height": "C (inference — banded from footprint area; OSM carries no height here)",
          "roof_colour": "C (inference — palette from photograph 003, assigned by a hash of the OSM id)",
          "roof_shape": "C (inference — a gable along the footprint's long axis)"
        },
        "note": "scripts/import-osm-town.mjs による取り込み。外形はOSM(public_gis)だが、高さ・屋根形状・屋根色はOSMに情報がないため推定であり、detail_confidence に C として記録している。"
      }
    },
    {
      "type": "Feature",
      "geometry": {
        "type": "Polygon",
        "coordinates": [
          [
            [
              144.5057445,
              43.7195106
            ],
            [
              144.5057467,
              43.7194594
            ],
            [
              144.5056482,
              43.7194571
            ],
            [
              144.5056435,
              43.719566
            ],
            [
              144.5056852,
              43.719567
            ],
            [
              144.5056844,
              43.7195864
            ],
            [
              144.5057638,
              43.7195882
            ],
            [
              144.5057672,
              43.7195111
            ],
            [
              144.5057445,
              43.7195106
            ]
          ]
        ]
      },
      "properties": {
        "id": "BLDG_OSM_654479117",
        "name": null,
        "structure_type": "town_building",
        "osm_building": "yes",
        "area_m2": 121,
        "eave_height_m": 3,
        "ridge_height_m": 5,
        "roof_colour": "#6b6f74",
        "roof_shape": "flat",
        "confidence": "B",
        "evidence_type": "public_gis",
        "historical_status": "plausible",
        "source_ids": [
          "SRC_OSM_OVERPASS"
        ],
        "detail_confidence": {
          "footprint": "B (public_gis — OSM way 654479117)",
          "eave_ridge_height": "C (inference — banded from footprint area; OSM carries no height here)",
          "roof_colour": "C (inference — palette from photograph 003, assigned by a hash of the OSM id)",
          "roof_shape": "C (inference — a gable along the footprint's long axis)"
        },
        "note": "scripts/import-osm-town.mjs による取り込み。外形はOSM(public_gis)だが、高さ・屋根形状・屋根色はOSMに情報がないため推定であり、detail_confidence に C として記録している。"
      }
    },
    {
      "type": "Feature",
      "geometry": {
        "type": "Polygon",
        "coordinates": [
          [
            [
              144.5060022,
              43.7196057
            ],
            [
              144.5060116,
              43.7195103
            ],
            [
              144.5059376,
              43.7195065
            ],
            [
              144.5059283,
              43.7196019
            ],
            [
              144.5060022,
              43.7196057
            ]
          ]
        ]
      },
      "properties": {
        "id": "BLDG_OSM_654479118",
        "name": null,
        "structure_type": "town_building",
        "osm_building": "yes",
        "area_m2": 63,
        "eave_height_m": 2.6,
        "ridge_height_m": 4,
        "roof_colour": "#2f5a7a",
        "roof_shape": "gable",
        "confidence": "B",
        "evidence_type": "public_gis",
        "historical_status": "plausible",
        "source_ids": [
          "SRC_OSM_OVERPASS"
        ],
        "detail_confidence": {
          "footprint": "B (public_gis — OSM way 654479118)",
          "eave_ridge_height": "C (inference — banded from footprint area; OSM carries no height here)",
          "roof_colour": "C (inference — palette from photograph 003, assigned by a hash of the OSM id)",
          "roof_shape": "C (inference — a gable along the footprint's long axis)"
        },
        "note": "scripts/import-osm-town.mjs による取り込み。外形はOSM(public_gis)だが、高さ・屋根形状・屋根色はOSMに情報がないため推定であり、detail_confidence に C として記録している。"
      }
    },
    {
      "type": "Feature",
      "geometry": {
        "type": "Polygon",
        "coordinates": [
          [
            [
              144.5061209,
              43.7195238
            ],
            [
              144.506198,
              43.7195243
            ],
            [
              144.5061986,
              43.7194768
            ],
            [
              144.5061215,
              43.7194764
            ],
            [
              144.5061209,
              43.7195238
            ]
          ]
        ]
      },
      "properties": {
        "id": "BLDG_OSM_654479119",
        "name": null,
        "structure_type": "town_building",
        "osm_building": "yes",
        "area_m2": 33,
        "eave_height_m": 2.6,
        "ridge_height_m": 4,
        "roof_colour": "#8c3a32",
        "roof_shape": "gable",
        "confidence": "B",
        "evidence_type": "public_gis",
        "historical_status": "plausible",
        "source_ids": [
          "SRC_OSM_OVERPASS"
        ],
        "detail_confidence": {
          "footprint": "B (public_gis — OSM way 654479119)",
          "eave_ridge_height": "C (inference — banded from footprint area; OSM carries no height here)",
          "roof_colour": "C (inference — palette from photograph 003, assigned by a hash of the OSM id)",
          "roof_shape": "C (inference — a gable along the footprint's long axis)"
        },
        "note": "scripts/import-osm-town.mjs による取り込み。外形はOSM(public_gis)だが、高さ・屋根形状・屋根色はOSMに情報がないため推定であり、detail_confidence に C として記録している。"
      }
    },
    {
      "type": "Feature",
      "geometry": {
        "type": "Polygon",
        "coordinates": [
          [
            [
              144.5062181,
              43.7195301
            ],
            [
              144.5062109,
              43.7196052
            ],
            [
              144.5063262,
              43.719611
            ],
            [
              144.5063335,
              43.719536
            ],
            [
              144.5062181,
              43.7195301
            ]
          ]
        ]
      },
      "properties": {
        "id": "BLDG_OSM_654479120",
        "name": null,
        "structure_type": "town_building",
        "osm_building": "yes",
        "area_m2": 77,
        "eave_height_m": 3,
        "ridge_height_m": 5,
        "roof_colour": "#2f6146",
        "roof_shape": "gable",
        "confidence": "B",
        "evidence_type": "public_gis",
        "historical_status": "plausible",
        "source_ids": [
          "SRC_OSM_OVERPASS"
        ],
        "detail_confidence": {
          "footprint": "B (public_gis — OSM way 654479120)",
          "eave_ridge_height": "C (inference — banded from footprint area; OSM carries no height here)",
          "roof_colour": "C (inference — palette from photograph 003, assigned by a hash of the OSM id)",
          "roof_shape": "C (inference — a gable along the footprint's long axis)"
        },
        "note": "scripts/import-osm-town.mjs による取り込み。外形はOSM(public_gis)だが、高さ・屋根形状・屋根色はOSMに情報がないため推定であり、detail_confidence に C として記録している。"
      }
    },
    {
      "type": "Feature",
      "geometry": {
        "type": "Polygon",
        "coordinates": [
          [
            [
              144.5051841,
              43.7189263
            ],
            [
              144.5052389,
              43.7189519
            ],
            [
              144.5053328,
              43.7188473
            ],
            [
              144.505278,
              43.7188216
            ],
            [
              144.5051841,
              43.7189263
            ]
          ]
        ]
      },
      "properties": {
        "id": "BLDG_OSM_654479121",
        "name": null,
        "structure_type": "town_building",
        "osm_building": "yes",
        "area_m2": 72,
        "eave_height_m": 3,
        "ridge_height_m": 5,
        "roof_colour": "#6b6f74",
        "roof_shape": "gable",
        "confidence": "B",
        "evidence_type": "public_gis",
        "historical_status": "plausible",
        "source_ids": [
          "SRC_OSM_OVERPASS"
        ],
        "detail_confidence": {
          "footprint": "B (public_gis — OSM way 654479121)",
          "eave_ridge_height": "C (inference — banded from footprint area; OSM carries no height here)",
          "roof_colour": "C (inference — palette from photograph 003, assigned by a hash of the OSM id)",
          "roof_shape": "C (inference — a gable along the footprint's long axis)"
        },
        "note": "scripts/import-osm-town.mjs による取り込み。外形はOSM(public_gis)だが、高さ・屋根形状・屋根色はOSMに情報がないため推定であり、detail_confidence に C として記録している。"
      }
    },
    {
      "type": "Feature",
      "geometry": {
        "type": "Polygon",
        "coordinates": [
          [
            [
              144.5073272,
              43.7188168
            ],
            [
              144.5075579,
              43.7188332
            ],
            [
              144.5075737,
              43.7187177
            ],
            [
              144.5074592,
              43.7187095
            ],
            [
              144.507456,
              43.7187334
            ],
            [
              144.5073398,
              43.7187251
            ],
            [
              144.5073272,
              43.7188168
            ]
          ]
        ]
      },
      "properties": {
        "id": "BLDG_OSM_654479122",
        "name": null,
        "structure_type": "town_building",
        "osm_building": "yes",
        "area_m2": 215,
        "eave_height_m": 3.6,
        "ridge_height_m": 6,
        "roof_colour": "#8a6a3a",
        "roof_shape": "gable",
        "confidence": "B",
        "evidence_type": "public_gis",
        "historical_status": "plausible",
        "source_ids": [
          "SRC_OSM_OVERPASS"
        ],
        "detail_confidence": {
          "footprint": "B (public_gis — OSM way 654479122)",
          "eave_ridge_height": "C (inference — banded from footprint area; OSM carries no height here)",
          "roof_colour": "C (inference — palette from photograph 003, assigned by a hash of the OSM id)",
          "roof_shape": "C (inference — a gable along the footprint's long axis)"
        },
        "note": "scripts/import-osm-town.mjs による取り込み。外形はOSM(public_gis)だが、高さ・屋根形状・屋根色はOSMに情報がないため推定であり、detail_confidence に C として記録している。"
      }
    },
    {
      "type": "Feature",
      "geometry": {
        "type": "Polygon",
        "coordinates": [
          [
            [
              144.5074908,
              43.7189447
            ],
            [
              144.5076156,
              43.7189515
            ],
            [
              144.5076254,
              43.7188574
            ],
            [
              144.5075006,
              43.7188506
            ],
            [
              144.5074908,
              43.7189447
            ]
          ]
        ]
      },
      "properties": {
        "id": "BLDG_OSM_654479123",
        "name": null,
        "structure_type": "town_building",
        "osm_building": "yes",
        "area_m2": 105,
        "eave_height_m": 3,
        "ridge_height_m": 5,
        "roof_colour": "#8c3a32",
        "roof_shape": "gable",
        "confidence": "B",
        "evidence_type": "public_gis",
        "historical_status": "plausible",
        "source_ids": [
          "SRC_OSM_OVERPASS"
        ],
        "detail_confidence": {
          "footprint": "B (public_gis — OSM way 654479123)",
          "eave_ridge_height": "C (inference — banded from footprint area; OSM carries no height here)",
          "roof_colour": "C (inference — palette from photograph 003, assigned by a hash of the OSM id)",
          "roof_shape": "C (inference — a gable along the footprint's long axis)"
        },
        "note": "scripts/import-osm-town.mjs による取り込み。外形はOSM(public_gis)だが、高さ・屋根形状・屋根色はOSMに情報がないため推定であり、detail_confidence に C として記録している。"
      }
    },
    {
      "type": "Feature",
      "geometry": {
        "type": "Polygon",
        "coordinates": [
          [
            [
              144.5073876,
              43.7190465
            ],
            [
              144.5075874,
              43.7190582
            ],
            [
              144.5075981,
              43.7189631
            ],
            [
              144.5073983,
              43.7189514
            ],
            [
              144.5073876,
              43.7190465
            ]
          ]
        ]
      },
      "properties": {
        "id": "BLDG_OSM_654479124",
        "name": null,
        "structure_type": "town_building",
        "osm_building": "yes",
        "area_m2": 170,
        "eave_height_m": 3.6,
        "ridge_height_m": 6,
        "roof_colour": "#6b6f74",
        "roof_shape": "gable",
        "confidence": "B",
        "evidence_type": "public_gis",
        "historical_status": "plausible",
        "source_ids": [
          "SRC_OSM_OVERPASS"
        ],
        "detail_confidence": {
          "footprint": "B (public_gis — OSM way 654479124)",
          "eave_ridge_height": "C (inference — banded from footprint area; OSM carries no height here)",
          "roof_colour": "C (inference — palette from photograph 003, assigned by a hash of the OSM id)",
          "roof_shape": "C (inference — a gable along the footprint's long axis)"
        },
        "note": "scripts/import-osm-town.mjs による取り込み。外形はOSM(public_gis)だが、高さ・屋根形状・屋根色はOSMに情報がないため推定であり、detail_confidence に C として記録している。"
      }
    },
    {
      "type": "Feature",
      "geometry": {
        "type": "Polygon",
        "coordinates": [
          [
            [
              144.507295,
              43.7190416
            ],
            [
              144.5073734,
              43.7190462
            ],
            [
              144.5073849,
              43.7189437
            ],
            [
              144.5073066,
              43.7189391
            ],
            [
              144.507295,
              43.7190416
            ]
          ]
        ]
      },
      "properties": {
        "id": "BLDG_OSM_654479125",
        "name": null,
        "structure_type": "town_building",
        "osm_building": "yes",
        "area_m2": 72,
        "eave_height_m": 3,
        "ridge_height_m": 5,
        "roof_colour": "#8a6a3a",
        "roof_shape": "gable",
        "confidence": "B",
        "evidence_type": "public_gis",
        "historical_status": "plausible",
        "source_ids": [
          "SRC_OSM_OVERPASS"
        ],
        "detail_confidence": {
          "footprint": "B (public_gis — OSM way 654479125)",
          "eave_ridge_height": "C (inference — banded from footprint area; OSM carries no height here)",
          "roof_colour": "C (inference — palette from photograph 003, assigned by a hash of the OSM id)",
          "roof_shape": "C (inference — a gable along the footprint's long axis)"
        },
        "note": "scripts/import-osm-town.mjs による取り込み。外形はOSM(public_gis)だが、高さ・屋根形状・屋根色はOSMに情報がないため推定であり、detail_confidence に C として記録している。"
      }
    },
    {
      "type": "Feature",
      "geometry": {
        "type": "Polygon",
        "coordinates": [
          [
            [
              144.507114,
              43.719031
            ],
            [
              144.5072789,
              43.7190407
            ],
            [
              144.5072906,
              43.7189372
            ],
            [
              144.5071899,
              43.7189312
            ],
            [
              144.5071824,
              43.718998
            ],
            [
              144.5071181,
              43.7189942
            ],
            [
              144.507114,
              43.719031
            ]
          ]
        ]
      },
      "properties": {
        "id": "BLDG_OSM_654479126",
        "name": null,
        "structure_type": "town_building",
        "osm_building": "yes",
        "area_m2": 115,
        "eave_height_m": 3,
        "ridge_height_m": 5,
        "roof_colour": "#8c3a32",
        "roof_shape": "gable",
        "confidence": "B",
        "evidence_type": "public_gis",
        "historical_status": "plausible",
        "source_ids": [
          "SRC_OSM_OVERPASS"
        ],
        "detail_confidence": {
          "footprint": "B (public_gis — OSM way 654479126)",
          "eave_ridge_height": "C (inference — banded from footprint area; OSM carries no height here)",
          "roof_colour": "C (inference — palette from photograph 003, assigned by a hash of the OSM id)",
          "roof_shape": "C (inference — a gable along the footprint's long axis)"
        },
        "note": "scripts/import-osm-town.mjs による取り込み。外形はOSM(public_gis)だが、高さ・屋根形状・屋根色はOSMに情報がないため推定であり、detail_confidence に C として記録している。"
      }
    },
    {
      "type": "Feature",
      "geometry": {
        "type": "Polygon",
        "coordinates": [
          [
            [
              144.5069799,
              43.7191308
            ],
            [
              144.5070885,
              43.7191376
            ],
            [
              144.5070973,
              43.7190638
            ],
            [
              144.5069887,
              43.719057
            ],
            [
              144.5069799,
              43.7191308
            ]
          ]
        ]
      },
      "properties": {
        "id": "BLDG_OSM_654479127",
        "name": null,
        "structure_type": "town_building",
        "osm_building": "yes",
        "area_m2": 72,
        "eave_height_m": 3,
        "ridge_height_m": 5,
        "roof_colour": "#2f5a7a",
        "roof_shape": "gable",
        "confidence": "B",
        "evidence_type": "public_gis",
        "historical_status": "plausible",
        "source_ids": [
          "SRC_OSM_OVERPASS"
        ],
        "detail_confidence": {
          "footprint": "B (public_gis — OSM way 654479127)",
          "eave_ridge_height": "C (inference — banded from footprint area; OSM carries no height here)",
          "roof_colour": "C (inference — palette from photograph 003, assigned by a hash of the OSM id)",
          "roof_shape": "C (inference — a gable along the footprint's long axis)"
        },
        "note": "scripts/import-osm-town.mjs による取り込み。外形はOSM(public_gis)だが、高さ・屋根形状・屋根色はOSMに情報がないため推定であり、detail_confidence に C として記録している。"
      }
    },
    {
      "type": "Feature",
      "geometry": {
        "type": "Polygon",
        "coordinates": [
          [
            [
              144.5068082,
              43.7191764
            ],
            [
              144.5068136,
              43.7191231
            ],
            [
              144.5067667,
              43.7191206
            ],
            [
              144.5067613,
              43.7191739
            ],
            [
              144.5068082,
              43.7191764
            ]
          ]
        ]
      },
      "properties": {
        "id": "BLDG_OSM_654479128",
        "name": null,
        "structure_type": "town_building",
        "osm_building": "yes",
        "area_m2": 22,
        "eave_height_m": 2.2,
        "ridge_height_m": 3.1,
        "roof_colour": "#8c3a32",
        "roof_shape": "gable",
        "confidence": "B",
        "evidence_type": "public_gis",
        "historical_status": "plausible",
        "source_ids": [
          "SRC_OSM_OVERPASS"
        ],
        "detail_confidence": {
          "footprint": "B (public_gis — OSM way 654479128)",
          "eave_ridge_height": "C (inference — banded from footprint area; OSM carries no height here)",
          "roof_colour": "C (inference — palette from photograph 003, assigned by a hash of the OSM id)",
          "roof_shape": "C (inference — a gable along the footprint's long axis)"
        },
        "note": "scripts/import-osm-town.mjs による取り込み。外形はOSM(public_gis)だが、高さ・屋根形状・屋根色はOSMに情報がないため推定であり、detail_confidence に C として記録している。"
      }
    },
    {
      "type": "Feature",
      "geometry": {
        "type": "Polygon",
        "coordinates": [
          [
            [
              144.5066379,
              43.7194138
            ],
            [
              144.5067774,
              43.7194206
            ],
            [
              144.5067844,
              43.719345
            ],
            [
              144.5066449,
              43.7193382
            ],
            [
              144.5066379,
              43.7194138
            ]
          ]
        ]
      },
      "properties": {
        "id": "BLDG_OSM_654479129",
        "name": null,
        "structure_type": "town_building",
        "osm_building": "yes",
        "area_m2": 94,
        "eave_height_m": 3,
        "ridge_height_m": 5,
        "roof_colour": "#2f5a7a",
        "roof_shape": "gable",
        "confidence": "B",
        "evidence_type": "public_gis",
        "historical_status": "plausible",
        "source_ids": [
          "SRC_OSM_OVERPASS"
        ],
        "detail_confidence": {
          "footprint": "B (public_gis — OSM way 654479129)",
          "eave_ridge_height": "C (inference — banded from footprint area; OSM carries no height here)",
          "roof_colour": "C (inference — palette from photograph 003, assigned by a hash of the OSM id)",
          "roof_shape": "C (inference — a gable along the footprint's long axis)"
        },
        "note": "scripts/import-osm-town.mjs による取り込み。外形はOSM(public_gis)だが、高さ・屋根形状・屋根色はOSMに情報がないため推定であり、detail_confidence に C として記録している。"
      }
    },
    {
      "type": "Feature",
      "geometry": {
        "type": "Polygon",
        "coordinates": [
          [
            [
              144.5065872,
              43.719207
            ],
            [
              144.5065782,
              43.7192668
            ],
            [
              144.5067396,
              43.7192795
            ],
            [
              144.5067485,
              43.7192197
            ],
            [
              144.5065872,
              43.719207
            ]
          ]
        ]
      },
      "properties": {
        "id": "BLDG_OSM_654479130",
        "name": null,
        "structure_type": "town_building",
        "osm_building": "yes",
        "area_m2": 87,
        "eave_height_m": 3,
        "ridge_height_m": 5,
        "roof_colour": "#6b6f74",
        "roof_shape": "gable",
        "confidence": "B",
        "evidence_type": "public_gis",
        "historical_status": "plausible",
        "source_ids": [
          "SRC_OSM_OVERPASS"
        ],
        "detail_confidence": {
          "footprint": "B (public_gis — OSM way 654479130)",
          "eave_ridge_height": "C (inference — banded from footprint area; OSM carries no height here)",
          "roof_colour": "C (inference — palette from photograph 003, assigned by a hash of the OSM id)",
          "roof_shape": "C (inference — a gable along the footprint's long axis)"
        },
        "note": "scripts/import-osm-town.mjs による取り込み。外形はOSM(public_gis)だが、高さ・屋根形状・屋根色はOSMに情報がないため推定であり、detail_confidence に C として記録している。"
      }
    },
    {
      "type": "Feature",
      "geometry": {
        "type": "Polygon",
        "coordinates": [
          [
            [
              144.5070031,
              43.7189529
            ],
            [
              144.5071775,
              43.7189608
            ],
            [
              144.5071866,
              43.7188565
            ],
            [
              144.5071623,
              43.7188554
            ],
            [
              144.5071569,
              43.7189176
            ],
            [
              144.5070068,
              43.7189107
            ],
            [
              144.5070031,
              43.7189529
            ]
          ]
        ]
      },
      "properties": {
        "id": "BLDG_OSM_654479131",
        "name": null,
        "structure_type": "town_building",
        "osm_building": "yes",
        "area_m2": 79,
        "eave_height_m": 3,
        "ridge_height_m": 5,
        "roof_colour": "#2f6146",
        "roof_shape": "gable",
        "confidence": "B",
        "evidence_type": "public_gis",
        "historical_status": "plausible",
        "source_ids": [
          "SRC_OSM_OVERPASS"
        ],
        "detail_confidence": {
          "footprint": "B (public_gis — OSM way 654479131)",
          "eave_ridge_height": "C (inference — banded from footprint area; OSM carries no height here)",
          "roof_colour": "C (inference — palette from photograph 003, assigned by a hash of the OSM id)",
          "roof_shape": "C (inference — a gable along the footprint's long axis)"
        },
        "note": "scripts/import-osm-town.mjs による取り込み。外形はOSM(public_gis)だが、高さ・屋根形状・屋根色はOSMに情報がないため推定であり、detail_confidence に C として記録している。"
      }
    },
    {
      "type": "Feature",
      "geometry": {
        "type": "Polygon",
        "coordinates": [
          [
            [
              144.5070322,
              43.7188992
            ],
            [
              144.5071292,
              43.7189025
            ],
            [
              144.5071346,
              43.7188211
            ],
            [
              144.5070375,
              43.7188177
            ],
            [
              144.5070322,
              43.7188992
            ]
          ]
        ]
      },
      "properties": {
        "id": "BLDG_OSM_654479132",
        "name": null,
        "structure_type": "town_building",
        "osm_building": "yes",
        "area_m2": 70,
        "eave_height_m": 3,
        "ridge_height_m": 5,
        "roof_colour": "#2f5a7a",
        "roof_shape": "gable",
        "confidence": "B",
        "evidence_type": "public_gis",
        "historical_status": "plausible",
        "source_ids": [
          "SRC_OSM_OVERPASS"
        ],
        "detail_confidence": {
          "footprint": "B (public_gis — OSM way 654479132)",
          "eave_ridge_height": "C (inference — banded from footprint area; OSM carries no height here)",
          "roof_colour": "C (inference — palette from photograph 003, assigned by a hash of the OSM id)",
          "roof_shape": "C (inference — a gable along the footprint's long axis)"
        },
        "note": "scripts/import-osm-town.mjs による取り込み。外形はOSM(public_gis)だが、高さ・屋根形状・屋根色はOSMに情報がないため推定であり、detail_confidence に C として記録している。"
      }
    },
    {
      "type": "Feature",
      "geometry": {
        "type": "Polygon",
        "coordinates": [
          [
            [
              144.507004,
              43.7187838
            ],
            [
              144.507119,
              43.7187909
            ],
            [
              144.5071324,
              43.7186765
            ],
            [
              144.5070174,
              43.7186694
            ],
            [
              144.507004,
              43.7187838
            ]
          ]
        ]
      },
      "properties": {
        "id": "BLDG_OSM_654479133",
        "name": null,
        "structure_type": "town_building",
        "osm_building": "yes",
        "area_m2": 118,
        "eave_height_m": 3,
        "ridge_height_m": 5,
        "roof_colour": "#8c3a32",
        "roof_shape": "gable",
        "confidence": "B",
        "evidence_type": "public_gis",
        "historical_status": "plausible",
        "source_ids": [
          "SRC_OSM_OVERPASS"
        ],
        "detail_confidence": {
          "footprint": "B (public_gis — OSM way 654479133)",
          "eave_ridge_height": "C (inference — banded from footprint area; OSM carries no height here)",
          "roof_colour": "C (inference — palette from photograph 003, assigned by a hash of the OSM id)",
          "roof_shape": "C (inference — a gable along the footprint's long axis)"
        },
        "note": "scripts/import-osm-town.mjs による取り込み。外形はOSM(public_gis)だが、高さ・屋根形状・屋根色はOSMに情報がないため推定であり、detail_confidence に C として記録している。"
      }
    },
    {
      "type": "Feature",
      "geometry": {
        "type": "Polygon",
        "coordinates": [
          [
            [
              144.5067921,
              43.7187848
            ],
            [
              144.5068605,
              43.7187887
            ],
            [
              144.5068635,
              43.7187612
            ],
            [
              144.5067951,
              43.7187573
            ],
            [
              144.5067921,
              43.7187848
            ]
          ]
        ]
      },
      "properties": {
        "id": "BLDG_OSM_654479134",
        "name": null,
        "structure_type": "town_building",
        "osm_building": "yes",
        "area_m2": 17,
        "eave_height_m": 2.2,
        "ridge_height_m": 3.1,
        "roof_colour": "#8a6a3a",
        "roof_shape": "gable",
        "confidence": "B",
        "evidence_type": "public_gis",
        "historical_status": "plausible",
        "source_ids": [
          "SRC_OSM_OVERPASS"
        ],
        "detail_confidence": {
          "footprint": "B (public_gis — OSM way 654479134)",
          "eave_ridge_height": "C (inference — banded from footprint area; OSM carries no height here)",
          "roof_colour": "C (inference — palette from photograph 003, assigned by a hash of the OSM id)",
          "roof_shape": "C (inference — a gable along the footprint's long axis)"
        },
        "note": "scripts/import-osm-town.mjs による取り込み。外形はOSM(public_gis)だが、高さ・屋根形状・屋根色はOSMに情報がないため推定であり、detail_confidence に C として記録している。"
      }
    },
    {
      "type": "Feature",
      "geometry": {
        "type": "Polygon",
        "coordinates": [
          [
            [
              144.5067546,
              43.7189457
            ],
            [
              144.5068337,
              43.7189525
            ],
            [
              144.5068437,
              43.7188916
            ],
            [
              144.5067646,
              43.7188848
            ],
            [
              144.5067546,
              43.7189457
            ]
          ]
        ]
      },
      "properties": {
        "id": "BLDG_OSM_654479135",
        "name": null,
        "structure_type": "town_building",
        "osm_building": "yes",
        "area_m2": 43,
        "eave_height_m": 2.6,
        "ridge_height_m": 4,
        "roof_colour": "#6b6f74",
        "roof_shape": "gable",
        "confidence": "B",
        "evidence_type": "public_gis",
        "historical_status": "plausible",
        "source_ids": [
          "SRC_OSM_OVERPASS"
        ],
        "detail_confidence": {
          "footprint": "B (public_gis — OSM way 654479135)",
          "eave_ridge_height": "C (inference — banded from footprint area; OSM carries no height here)",
          "roof_colour": "C (inference — palette from photograph 003, assigned by a hash of the OSM id)",
          "roof_shape": "C (inference — a gable along the footprint's long axis)"
        },
        "note": "scripts/import-osm-town.mjs による取り込み。外形はOSM(public_gis)だが、高さ・屋根形状・屋根色はOSMに情報がないため推定であり、detail_confidence に C として記録している。"
      }
    },
    {
      "type": "Feature",
      "geometry": {
        "type": "Polygon",
        "coordinates": [
          [
            [
              144.5066097,
              43.7190901
            ],
            [
              144.5067801,
              43.7191017
            ],
            [
              144.5067899,
              43.7190262
            ],
            [
              144.5066196,
              43.7190145
            ],
            [
              144.5066097,
              43.7190901
            ]
          ]
        ]
      },
      "properties": {
        "id": "BLDG_OSM_654479136",
        "name": null,
        "structure_type": "town_building",
        "osm_building": "yes",
        "area_m2": 116,
        "eave_height_m": 3,
        "ridge_height_m": 5,
        "roof_colour": "#2f6146",
        "roof_shape": "gable",
        "confidence": "B",
        "evidence_type": "public_gis",
        "historical_status": "plausible",
        "source_ids": [
          "SRC_OSM_OVERPASS"
        ],
        "detail_confidence": {
          "footprint": "B (public_gis — OSM way 654479136)",
          "eave_ridge_height": "C (inference — banded from footprint area; OSM carries no height here)",
          "roof_colour": "C (inference — palette from photograph 003, assigned by a hash of the OSM id)",
          "roof_shape": "C (inference — a gable along the footprint's long axis)"
        },
        "note": "scripts/import-osm-town.mjs による取り込み。外形はOSM(public_gis)だが、高さ・屋根形状・屋根色はOSMに情報がないため推定であり、detail_confidence に C として記録している。"
      }
    },
    {
      "type": "Feature",
      "geometry": {
        "type": "Polygon",
        "coordinates": [
          [
            [
              144.5062929,
              43.7187035
            ],
            [
              144.5062915,
              43.718725
            ],
            [
              144.506367,
              43.7187276
            ],
            [
              144.5063684,
              43.718706
            ],
            [
              144.5063824,
              43.7187065
            ],
            [
              144.5063884,
              43.7186135
            ],
            [
              144.5062738,
              43.7186096
            ],
            [
              144.5062678,
              43.7187026
            ],
            [
              144.5062929,
              43.7187035
            ]
          ]
        ]
      },
      "properties": {
        "id": "BLDG_OSM_654479137",
        "name": null,
        "structure_type": "town_building",
        "osm_building": "yes",
        "area_m2": 110,
        "eave_height_m": 3,
        "ridge_height_m": 5,
        "roof_colour": "#2f5a7a",
        "roof_shape": "flat",
        "confidence": "B",
        "evidence_type": "public_gis",
        "historical_status": "plausible",
        "source_ids": [
          "SRC_OSM_OVERPASS"
        ],
        "detail_confidence": {
          "footprint": "B (public_gis — OSM way 654479137)",
          "eave_ridge_height": "C (inference — banded from footprint area; OSM carries no height here)",
          "roof_colour": "C (inference — palette from photograph 003, assigned by a hash of the OSM id)",
          "roof_shape": "C (inference — a gable along the footprint's long axis)"
        },
        "note": "scripts/import-osm-town.mjs による取り込み。外形はOSM(public_gis)だが、高さ・屋根形状・屋根色はOSMに情報がないため推定であり、detail_confidence に C として記録している。"
      }
    },
    {
      "type": "Feature",
      "geometry": {
        "type": "Polygon",
        "coordinates": [
          [
            [
              144.5084202,
              43.7241398
            ],
            [
              144.50919,
              43.724194
            ],
            [
              144.5108503,
              43.7237249
            ],
            [
              144.5105633,
              43.7226918
            ],
            [
              144.5083961,
              43.7228934
            ],
            [
              144.508498,
              43.723283
            ],
            [
              144.5084899,
              43.7235005
            ],
            [
              144.5084202,
              43.7241398
            ]
          ]
        ]
      },
      "properties": {
        "id": "SURF_OSM_629137342",
        "name": "緑町小学校",
        "structure_type": "school_grounds",
        "surface_colour": "#6f7a52",
        "height_m": 0.05,
        "confidence": "B",
        "evidence_type": "public_gis",
        "historical_status": "plausible",
        "source_ids": [
          "SRC_OSM_OVERPASS"
        ],
        "note": "scripts/import-osm-town.mjs による取り込み。範囲はOSM(public_gis)、地表の色は推定。"
      }
    },
    {
      "type": "Feature",
      "geometry": {
        "type": "Polygon",
        "coordinates": [
          [
            [
              144.5098042,
              43.7236823
            ],
            [
              144.5101663,
              43.7237288
            ],
            [
              144.5107162,
              43.7237327
            ],
            [
              144.5107672,
              43.7236145
            ],
            [
              144.5105392,
              43.7227596
            ],
            [
              144.5095682,
              43.7228352
            ],
            [
              144.5098042,
              43.7236823
            ]
          ]
        ]
      },
      "properties": {
        "id": "SURF_OSM_629137344",
        "name": null,
        "structure_type": "sports_ground",
        "surface_colour": "#7a7f57",
        "height_m": 0.05,
        "confidence": "B",
        "evidence_type": "public_gis",
        "historical_status": "plausible",
        "source_ids": [
          "SRC_OSM_OVERPASS"
        ],
        "note": "scripts/import-osm-town.mjs による取り込み。範囲はOSM(public_gis)、地表の色は推定。"
      }
    },
    {
      "type": "Feature",
      "geometry": {
        "type": "Polygon",
        "coordinates": [
          [
            [
              144.5059016,
              43.7184019
            ],
            [
              144.5060451,
              43.7184407
            ],
            [
              144.506591,
              43.717864
            ],
            [
              144.5066889,
              43.7178329
            ],
            [
              144.5066352,
              43.7176023
            ],
            [
              144.5065936,
              43.7173241
            ],
            [
              144.5058507,
              43.718243
            ],
            [
              144.5059821,
              43.7183195
            ],
            [
              144.5059016,
              43.7184019
            ]
          ]
        ]
      },
      "properties": {
        "id": "SURF_OSM_629137352",
        "name": "緑駅前広場パークゴルフ場",
        "structure_type": "park_golf",
        "surface_colour": "#5f7d4a",
        "height_m": 0.05,
        "confidence": "B",
        "evidence_type": "public_gis",
        "historical_status": "plausible",
        "source_ids": [
          "SRC_OSM_OVERPASS"
        ],
        "note": "scripts/import-osm-town.mjs による取り込み。範囲はOSM(public_gis)、地表の色は推定。"
      }
    },
    {
      "type": "Feature",
      "geometry": {
        "type": "Polygon",
        "coordinates": [
          [
            [
              144.5044452,
              43.7197046
            ],
            [
              144.5050111,
              43.7200322
            ],
            [
              144.5051774,
              43.7199101
            ],
            [
              144.5053115,
              43.7197414
            ],
            [
              144.5054081,
              43.719251
            ],
            [
              144.5056012,
              43.7190009
            ],
            [
              144.5054027,
              43.7189098
            ],
            [
              144.5056951,
              43.7185686
            ],
            [
              144.5058989,
              43.7186539
            ],
            [
              144.5059767,
              43.7185667
            ],
            [
              144.505561,
              43.7184736
            ],
            [
              144.5050245,
              43.7190087
            ],
            [
              144.5044452,
              43.7197046
            ]
          ]
        ]
      },
      "properties": {
        "id": "SURF_OSM_629137353",
        "name": "緑駅前広場パークゴルフ場",
        "structure_type": "park_golf",
        "surface_colour": "#5f7d4a",
        "height_m": 0.05,
        "confidence": "B",
        "evidence_type": "public_gis",
        "historical_status": "plausible",
        "source_ids": [
          "SRC_OSM_OVERPASS"
        ],
        "note": "scripts/import-osm-town.mjs による取り込み。範囲はOSM(public_gis)、地表の色は推定。"
      }
    }
  ]
}
